-- phpMyAdmin SQL Dump
-- version 3.4.11.1deb2+deb7u2
-- http://www.phpmyadmin.net
--
-- Host: localhost
-- Generation Time: Sep 03, 2016 at 04:58 PM
-- Server version: 5.5.47
-- PHP Version: 5.6.19-1~dotdeb+zts+7.1

SET SQL_MODE="NO_AUTO_VALUE_ON_ZERO";
SET time_zone = "+00:00";


/*!40101 SET @OLD_CHARACTER_SET_CLIENT=@@CHARACTER_SET_CLIENT */;
/*!40101 SET @OLD_CHARACTER_SET_RESULTS=@@CHARACTER_SET_RESULTS */;
/*!40101 SET @OLD_COLLATION_CONNECTION=@@COLLATION_CONNECTION */;
/*!40101 SET NAMES utf8 */;

--
-- Database: `spat`
--

-- --------------------------------------------------------

--
-- Table structure for table `Classes`
--

CREATE TABLE IF NOT EXISTS `Classes` (
  `ID` int(11) NOT NULL AUTO_INCREMENT,
  `ClassName` varchar(250) NOT NULL,
  `active` int(11) NOT NULL DEFAULT '1',
  `SchoolID` int(11) NOT NULL,
  `UserID` int(11) NOT NULL,
  `Created` timestamp NOT NULL DEFAULT CURRENT_TIMESTAMP,
  PRIMARY KEY (`ID`)
) ENGINE=InnoDB  DEFAULT CHARSET=latin1 AUTO_INCREMENT=16 ;

--
-- Dumping data for table `Classes`
--

INSERT INTO `Classes` (`ID`, `ClassName`, `active`, `SchoolID`, `UserID`, `Created`) VALUES
(1, 'EYFS', 1, 2, 1, '0000-00-00 00:00:00'),
(2, 'Ash', 1, 2, 1, '0000-00-00 00:00:00'),
(3, 'Beech', 1, 2, 1, '0000-00-00 00:00:00'),
(4, 'Chestnut', 1, 2, 1, '0000-00-00 00:00:00'),
(5, 'Dolphins', 1, 2, 1, '0000-00-00 00:00:00'),
(6, 'Elm', 1, 2, 1, '0000-00-00 00:00:00'),
(7, 'Oak', 1, 2, 1, '0000-00-00 00:00:00'),
(8, 'Pine', 1, 2, 1, '0000-00-00 00:00:00'),
(9, 'Seahorses', 1, 2, 1, '0000-00-00 00:00:00'),
(10, 'Seals', 1, 2, 1, '0000-00-00 00:00:00'),
(11, 'Shells', 1, 2, 1, '0000-00-00 00:00:00'),
(12, 'Springboard 1', 1, 2, 1, '0000-00-00 00:00:00'),
(13, 'Turtles', 1, 2, 1, '0000-00-00 00:00:00'),
(14, 'Willow', 1, 2, 1, '0000-00-00 00:00:00'),
(15, 'Springboard 2', 1, 2, 1, '0000-00-00 00:00:00');

-- --------------------------------------------------------

--
-- Table structure for table `Keystages`
--

CREATE TABLE IF NOT EXISTS `Keystages` (
  `ID` int(11) NOT NULL AUTO_INCREMENT,
  `KeyStage` varchar(250) NOT NULL,
  PRIMARY KEY (`ID`)
) ENGINE=InnoDB  DEFAULT CHARSET=latin1 AUTO_INCREMENT=7 ;

--
-- Dumping data for table `Keystages`
--

INSERT INTO `Keystages` (`ID`, `KeyStage`) VALUES
(1, 'Foundation'),
(2, 'Key Stage 1'),
(3, 'Key Stage 2'),
(4, 'Key Stage 3'),
(5, 'Key Stage 4'),
(6, 'Key Stage 5');

-- --------------------------------------------------------

--
-- Table structure for table `KeyStageYearGroups`
--

CREATE TABLE IF NOT EXISTS `KeyStageYearGroups` (
  `KeystageID` int(11) NOT NULL,
  `YearGroupID` int(11) NOT NULL,
  PRIMARY KEY (`YearGroupID`),
  KEY `keystageid` (`KeystageID`)
) ENGINE=InnoDB DEFAULT CHARSET=latin1;

--
-- Dumping data for table `KeyStageYearGroups`
--

INSERT INTO `KeyStageYearGroups` (`KeystageID`, `YearGroupID`) VALUES
(1, 1),
(1, 2),
(1, 3),
(2, 4),
(2, 5),
(3, 6),
(3, 7),
(3, 8),
(3, 9),
(4, 10),
(4, 11),
(4, 12),
(5, 13),
(5, 14),
(6, 15),
(6, 16);

-- --------------------------------------------------------

--
-- Table structure for table `Levels`
--

CREATE TABLE IF NOT EXISTS `Levels` (
  `ID` int(11) NOT NULL AUTO_INCREMENT,
  `LevelText` varchar(250) DEFAULT NULL,
  PRIMARY KEY (`ID`)
) ENGINE=InnoDB  DEFAULT CHARSET=latin1 AUTO_INCREMENT=41 ;

--
-- Dumping data for table `Levels`
--

INSERT INTO `Levels` (`ID`, `LevelText`) VALUES
(1, 'P4'),
(2, 'P5'),
(3, 'P6'),
(4, 'P7'),
(5, 'P8'),
(6, 'P9'),
(7, 'P10'),
(8, 'P11'),
(9, 'P12'),
(10, 'P13'),
(11, 'P14'),
(12, 'P15'),
(13, 'P16'),
(14, 'PP1 - Encounter'),
(15, 'PP2 - Early Awareness'),
(16, 'PP3 - Interest'),
(17, 'PP4 - Supported Participation'),
(18, 'PP5 - Active Involvement'),
(19, 'PP6 - Development'),
(20, 'PP7 - Exploration'),
(21, 'PP8 - Initiation'),
(22, 'PP9 - Consolidation'),
(23, 'PP10 - Application'),
(24, 'WP1'),
(25, 'WP2'),
(26, 'WP3'),
(27, 'WP4'),
(28, 'WP5'),
(29, 'WP6'),
(30, 'WP7'),
(31, 'WP8'),
(32, 'WP9'),
(33, 'WP10'),
(34, 'WP11'),
(35, 'WP12'),
(36, 'WP13'),
(37, 'WP14'),
(38, 'WP15'),
(39, 'WP16'),
(40, 'WP17');

-- --------------------------------------------------------

--
-- Table structure for table `LevelsText`
--

CREATE TABLE IF NOT EXISTS `LevelsText` (
  `ID` int(11) NOT NULL AUTO_INCREMENT,
  `LevelID` int(11) DEFAULT NULL,
  `LevelPercentage` int(11) DEFAULT NULL,
  `LevelValue` int(11) DEFAULT NULL,
  `LevelText` varchar(250) DEFAULT NULL,
  PRIMARY KEY (`ID`),
  KEY `LevelID` (`LevelID`)
) ENGINE=InnoDB  DEFAULT CHARSET=latin1 AUTO_INCREMENT=202 ;

--
-- Dumping data for table `LevelsText`
--

INSERT INTO `LevelsText` (`ID`, `LevelID`, `LevelPercentage`, `LevelValue`, `LevelText`) VALUES
(1, 1, 1, 300, 'P3ii.0'),
(2, 1, 20, 320, 'P3ii.2'),
(3, 1, 40, 340, 'P3ii.4'),
(4, 1, 60, 360, 'P3ii.6'),
(5, 1, 80, 380, 'P3ii.8'),
(6, 1, 100, 400, 'P4.0'),
(7, 2, 20, 420, 'P4.2'),
(8, 2, 40, 440, 'P4.4'),
(9, 2, 60, 460, 'P4.6'),
(10, 2, 80, 480, 'P4.8'),
(11, 2, 100, 500, 'P5.0'),
(12, 3, 20, 520, 'P5.2'),
(13, 3, 40, 540, 'P5.4'),
(14, 3, 60, 560, 'P5.6'),
(15, 3, 80, 580, 'P5.8'),
(16, 3, 100, 600, 'P6.0'),
(17, 4, 20, 620, 'P6.2'),
(18, 4, 40, 640, 'P6.4'),
(19, 4, 60, 660, 'P6.6'),
(20, 4, 80, 680, 'P6.8'),
(21, 4, 100, 700, 'P7.0'),
(22, 5, 20, 720, 'P7.2'),
(23, 5, 40, 740, 'P7.4'),
(24, 5, 60, 760, 'P7.6'),
(25, 5, 80, 780, 'P7.8'),
(26, 5, 100, 800, 'P8.0'),
(27, 6, 20, 816, 'P8.2'),
(28, 6, 40, 850, 'P8.4'),
(29, 6, 60, 883, 'P8.6'),
(30, 6, 80, 900, 'P8.8'),
(31, 6, 100, 916, 'P9.0'),
(32, 7, 20, 950, 'P9.2'),
(33, 7, 40, 983, 'P9.4'),
(34, 7, 60, 1000, 'P9.6'),
(35, 7, 80, 1016, 'P9.8'),
(36, 7, 100, 1050, 'P10.0'),
(37, 8, 20, 1083, 'P10.2'),
(38, 8, 40, 1100, 'P10.4'),
(39, 8, 60, 1116, 'P10.6'),
(40, 8, 80, 1150, 'P10.8'),
(41, 8, 100, 1183, 'P11.0'),
(42, 9, 20, 0, 'P11.2'),
(43, 9, 40, 0, 'P11.4'),
(44, 9, 60, 0, 'P11.6'),
(45, 9, 80, 0, 'P11.8'),
(46, 9, 100, 0, 'P12.0'),
(47, 10, 20, 0, 'P12.2'),
(48, 10, 40, 0, 'P12.4'),
(49, 10, 60, 0, 'P12.6'),
(50, 10, 80, 0, 'P12.8'),
(51, 10, 100, 0, 'P13.0'),
(52, 11, 20, 0, 'P13.2'),
(53, 11, 40, 0, 'P13.4'),
(54, 11, 60, 0, 'P13.6'),
(55, 11, 80, 0, 'P13.8'),
(56, 11, 100, 0, 'P14.0'),
(57, 12, 20, 0, 'P14.2'),
(58, 12, 40, 0, 'P14.4'),
(59, 12, 60, 0, 'P14.6'),
(60, 12, 80, 0, 'P14.8'),
(61, 12, 100, 0, 'P15.0'),
(62, 13, 20, 0, 'P15.2'),
(63, 13, 40, 0, 'P15.4'),
(64, 13, 60, 0, 'P15.6'),
(65, 13, 80, 0, 'P15.8'),
(66, 13, 100, 0, 'P16.0'),
(67, 14, 20, 0, 'PP0.2'),
(68, 14, 40, 0, 'PP0.4'),
(69, 14, 60, 0, 'PP0.6'),
(70, 14, 80, 0, 'PP0.8'),
(71, 14, 100, 0, 'PP1.0'),
(72, 15, 20, 0, 'PP1.2'),
(73, 15, 40, 0, 'PP1.4'),
(74, 15, 60, 0, 'PP1.6'),
(75, 15, 80, 0, 'PP1.8'),
(76, 15, 100, 0, 'PP2.0'),
(77, 16, 20, 0, 'PP2.2'),
(78, 16, 40, 0, 'PP2.4'),
(79, 16, 60, 0, 'PP2.6'),
(80, 16, 80, 0, 'PP2.8'),
(81, 16, 100, 0, 'PP3.0'),
(82, 17, 20, 0, 'PP3.2'),
(83, 17, 40, 0, 'PP3.4'),
(84, 17, 60, 0, 'PP3.6'),
(85, 17, 80, 0, 'PP3.8'),
(86, 17, 100, 0, 'PP4.0'),
(87, 18, 20, 0, 'PP4.2'),
(88, 18, 40, 0, 'PP4.4'),
(89, 18, 60, 0, 'PP4.6'),
(90, 18, 80, 0, 'PP4.8'),
(91, 18, 100, 0, 'PP5.0'),
(92, 19, 20, 0, 'PP5.2'),
(93, 19, 40, 0, 'PP5.4'),
(94, 19, 60, 0, 'PP5.6'),
(95, 19, 80, 0, 'PP5.8'),
(96, 19, 100, 0, 'PP6.0'),
(97, 20, 20, 0, 'PP6.2'),
(98, 20, 40, 0, 'PP6.4'),
(99, 20, 60, 0, 'PP6.6'),
(100, 20, 80, 0, 'PP6.8'),
(101, 20, 100, 0, 'PP7.0'),
(102, 21, 20, 0, 'PP7.2'),
(103, 21, 40, 0, 'PP7.4'),
(104, 21, 60, 0, 'PP7.6'),
(105, 21, 80, 0, 'PP7.8'),
(106, 21, 100, 0, 'PP8.0'),
(107, 22, 20, 0, 'PP8.2'),
(108, 22, 40, 0, 'PP8.4'),
(109, 22, 60, 0, 'PP8.6'),
(110, 22, 80, 0, 'PP8.8'),
(111, 22, 100, 0, 'PP9.0'),
(112, 23, 20, 0, 'PP9.2'),
(113, 23, 40, 0, 'PP9.4'),
(114, 23, 60, 0, 'PP9.6'),
(115, 23, 80, 0, 'PP9.8'),
(116, 23, 100, 0, 'PP10.0'),
(117, 24, 20, 0, 'WP0.2'),
(118, 24, 40, 0, 'WP0.4'),
(119, 24, 60, 0, 'WP0.6'),
(120, 24, 80, 0, 'WP0.8'),
(121, 24, 100, 0, 'WP1.0'),
(122, 25, 20, 0, 'WP1.2'),
(123, 25, 40, 0, 'WP1.4'),
(124, 25, 60, 0, 'WP1.6'),
(125, 25, 80, 0, 'WP1.8'),
(126, 25, 100, 0, 'WP2.0'),
(127, 26, 20, 0, 'WP2.2'),
(128, 26, 40, 0, 'WP2.4'),
(129, 26, 60, 0, 'WP2.6'),
(130, 26, 80, 0, 'WP2.8'),
(131, 26, 100, 0, 'WP3.0'),
(132, 27, 20, 0, 'WP3.2'),
(133, 27, 40, 0, 'WP3.4'),
(134, 27, 60, 0, 'WP3.6'),
(135, 27, 80, 0, 'WP3.8'),
(136, 27, 100, 0, 'WP4.0'),
(137, 28, 20, 0, 'WP4.2'),
(138, 28, 40, 0, 'WP4.4'),
(139, 28, 60, 0, 'WP4.6'),
(140, 28, 80, 0, 'WP4.8'),
(141, 28, 100, 0, 'WP5.0'),
(142, 29, 20, 0, 'WP5.2'),
(143, 29, 40, 0, 'WP5.4'),
(144, 29, 60, 0, 'WP5.6'),
(145, 29, 80, 0, 'WP5.8'),
(146, 29, 100, 0, 'WP6.0'),
(147, 30, 20, 0, 'WP6.2'),
(148, 30, 40, 0, 'WP6.4'),
(149, 30, 60, 0, 'WP6.6'),
(150, 30, 80, 0, 'WP6.8'),
(151, 30, 100, 0, 'WP7.0'),
(152, 31, 20, 0, 'WP7.2'),
(153, 31, 40, 0, 'WP7.4'),
(154, 31, 60, 0, 'WP7.6'),
(155, 31, 80, 0, 'WP7.8'),
(156, 31, 100, 0, 'WP8.0'),
(157, 32, 20, 0, 'WP8.2'),
(158, 32, 40, 0, 'WP8.4'),
(159, 32, 60, 0, 'WP8.6'),
(160, 32, 80, 0, 'WP8.8'),
(161, 32, 100, 0, 'WP9.0'),
(162, 33, 20, 0, 'WP9.2'),
(163, 33, 40, 0, 'WP9.4'),
(164, 33, 60, 0, 'WP9.6'),
(165, 33, 80, 0, 'WP9.8'),
(166, 33, 100, 0, 'WP10.0'),
(167, 34, 20, 0, 'WP10.2'),
(168, 34, 40, 0, 'WP10.4'),
(169, 34, 60, 0, 'WP10.6'),
(170, 34, 80, 0, 'WP10.8'),
(171, 34, 100, 0, 'WP11.0'),
(172, 35, 20, 0, 'WP11.2'),
(173, 35, 40, 0, 'WP11.4'),
(174, 35, 60, 0, 'WP11.6'),
(175, 35, 80, 0, 'WP11.8'),
(176, 35, 100, 0, 'WP12.0'),
(177, 36, 20, 0, 'WP12.2'),
(178, 36, 40, 0, 'WP12.4'),
(179, 36, 60, 0, 'WP12.6'),
(180, 36, 80, 0, 'WP12.8'),
(181, 36, 100, 0, 'WP13.0'),
(182, 37, 20, 0, 'WP13.2'),
(183, 37, 40, 0, 'WP13.4'),
(184, 37, 60, 0, 'WP13.6'),
(185, 37, 80, 0, 'WP13.8'),
(186, 37, 100, 0, 'WP14.0'),
(187, 38, 20, 0, 'WP14.2'),
(188, 38, 40, 0, 'WP14.4'),
(189, 38, 60, 0, 'WP14.6'),
(190, 38, 80, 0, 'WP14.8'),
(191, 38, 100, 0, 'WP15.0'),
(192, 39, 20, 0, 'WP15.2'),
(193, 39, 40, 0, 'WP15.4'),
(194, 39, 60, 0, 'WP15.6'),
(195, 39, 80, 0, 'WP15.8'),
(196, 39, 100, 0, 'WP16.0'),
(197, 40, 20, 0, 'WP16.2'),
(198, 40, 40, 0, 'WP16.4'),
(199, 40, 60, 0, 'WP16.6'),
(200, 40, 80, 0, 'WP16.8'),
(201, 40, 100, 0, 'WP17.0');

-- --------------------------------------------------------

--
-- Table structure for table `Pupils`
--

CREATE TABLE IF NOT EXISTS `Pupils` (
  `ID` int(11) NOT NULL AUTO_INCREMENT,
  `FirstName` varchar(250) NOT NULL,
  `LastName` varchar(250) NOT NULL,
  `ClassID` int(11) NOT NULL,
  `DoB` date NOT NULL,
  `UserID` int(11) NOT NULL,
  `SchoolID` int(11) NOT NULL,
  `Created` timestamp NOT NULL DEFAULT CURRENT_TIMESTAMP,
  PRIMARY KEY (`ID`),
  KEY `ClassID` (`ClassID`),
  KEY `UserID` (`UserID`,`SchoolID`),
  KEY `SchoolID` (`SchoolID`)
) ENGINE=InnoDB  DEFAULT CHARSET=latin1 AUTO_INCREMENT=167 ;

--
-- Dumping data for table `Pupils`
--

INSERT INTO `Pupils` (`ID`, `FirstName`, `LastName`, `ClassID`, `DoB`, `UserID`, `SchoolID`, `Created`) VALUES
(1, '1', '1', 5, '2010-05-04', 1, 2, '0000-00-00 00:00:00'),
(2, 'First', 'Last', 5, '2010-01-13', 1, 2, '0000-00-00 00:00:00'),
(3, 'First', 'Last', 5, '2009-10-01', 1, 2, '0000-00-00 00:00:00'),
(4, 'First', 'Last', 5, '2010-05-24', 1, 2, '0000-00-00 00:00:00'),
(5, 'First', 'Last', 5, '2010-04-11', 1, 2, '0000-00-00 00:00:00'),
(6, 'First', 'Last', 5, '2010-03-19', 1, 2, '0000-00-00 00:00:00'),
(7, 'First', 'Last', 5, '2010-03-29', 1, 2, '0000-00-00 00:00:00'),
(8, 'First', 'Last', 5, '2010-05-20', 1, 2, '0000-00-00 00:00:00'),
(9, 'First', 'Last', 5, '2010-05-20', 1, 2, '0000-00-00 00:00:00'),
(10, 'First', 'Last', 9, '2007-12-24', 1, 2, '0000-00-00 00:00:00'),
(11, 'First', 'Last', 9, '2007-10-02', 1, 2, '0000-00-00 00:00:00'),
(12, 'First', 'Last', 9, '2007-09-22', 1, 2, '0000-00-00 00:00:00'),
(13, 'First', 'Last', 9, '2008-09-07', 1, 2, '0000-00-00 00:00:00'),
(14, 'First', 'Last', 9, '2008-09-05', 1, 2, '0000-00-00 00:00:00'),
(15, 'First', 'Last', 9, '2009-07-16', 1, 2, '0000-00-00 00:00:00'),
(16, 'First', 'Last', 9, '2008-07-07', 1, 2, '0000-00-00 00:00:00'),
(17, 'First', 'Last', 9, '2007-10-04', 1, 2, '0000-00-00 00:00:00'),
(18, 'First', 'Last', 5, '2010-01-26', 1, 2, '0000-00-00 00:00:00'),
(19, 'First', 'Last', 13, '2006-08-13', 1, 2, '0000-00-00 00:00:00'),
(20, 'First', 'Last', 13, '2006-04-22', 1, 2, '0000-00-00 00:00:00'),
(21, 'First', 'Last', 13, '2006-01-12', 1, 2, '0000-00-00 00:00:00'),
(22, 'First', 'Last', 13, '2006-09-03', 1, 2, '0000-00-00 00:00:00'),
(23, 'First', 'Last', 13, '2007-01-15', 1, 2, '0000-00-00 00:00:00'),
(24, 'First', 'Last', 13, '2007-01-02', 1, 2, '0000-00-00 00:00:00'),
(25, 'First', 'Last', 14, '2006-07-01', 1, 2, '0000-00-00 00:00:00'),
(26, 'First', 'Last', 13, '2006-02-12', 1, 2, '0000-00-00 00:00:00'),
(27, 'First', 'Last', 7, '2004-03-04', 1, 2, '0000-00-00 00:00:00'),
(28, 'First', 'Last', 14, '2003-09-16', 1, 2, '0000-00-00 00:00:00'),
(29, 'First', 'Last', 14, '2003-10-14', 1, 2, '0000-00-00 00:00:00'),
(30, 'First', 'Last', 14, '2004-02-23', 1, 2, '0000-00-00 00:00:00'),
(31, 'First', 'Last', 14, '2006-03-02', 1, 2, '0000-00-00 00:00:00'),
(32, 'First', 'Last', 14, '2006-11-27', 1, 2, '0000-00-00 00:00:00'),
(33, 'First', 'Last', 14, '2006-08-13', 1, 2, '0000-00-00 00:00:00'),
(34, 'First', 'Last', 4, '2001-10-10', 1, 2, '0000-00-00 00:00:00'),
(35, 'First', 'Last', 4, '2003-08-30', 1, 2, '0000-00-00 00:00:00'),
(36, 'First', 'Last', 4, '2003-04-19', 1, 2, '0000-00-00 00:00:00'),
(37, 'First', 'Last', 4, '2003-08-11', 1, 2, '0000-00-00 00:00:00'),
(38, 'First', 'Last', 4, '2003-06-23', 1, 2, '0000-00-00 00:00:00'),
(39, 'First', 'Last', 4, '2004-08-25', 1, 2, '0000-00-00 00:00:00'),
(40, 'First', 'Last', 4, '2005-02-23', 1, 2, '0000-00-00 00:00:00'),
(41, 'First', 'Last', 3, '1999-01-07', 1, 2, '0000-00-00 00:00:00'),
(42, 'First', 'Last', 3, '2000-10-06', 1, 2, '0000-00-00 00:00:00'),
(43, 'First', 'Last', 3, '2001-01-13', 1, 2, '0000-00-00 00:00:00'),
(44, 'First', 'Last', 3, '2000-09-21', 1, 2, '0000-00-00 00:00:00'),
(45, 'First', 'Last', 3, '2000-05-03', 1, 2, '0000-00-00 00:00:00'),
(46, 'First', 'Last', 3, '2000-02-09', 1, 2, '0000-00-00 00:00:00'),
(47, 'First', 'Last', 3, '2002-05-02', 1, 2, '0000-00-00 00:00:00'),
(48, 'First', 'Last', 7, '2002-03-19', 1, 2, '0000-00-00 00:00:00'),
(49, 'First', 'Last', 7, '2002-11-01', 1, 2, '0000-00-00 00:00:00'),
(50, 'First', 'Last', 7, '2001-03-31', 1, 2, '0000-00-00 00:00:00'),
(51, 'First', 'Last', 7, '2004-07-01', 1, 2, '0000-00-00 00:00:00'),
(52, 'First', 'Last', 7, '2003-02-25', 1, 2, '0000-00-00 00:00:00'),
(53, 'First', 'Last', 7, '2002-03-18', 1, 2, '0000-00-00 00:00:00'),
(54, 'First', 'Last', 7, '2002-10-30', 1, 2, '0000-00-00 00:00:00'),
(55, 'First', 'Last', 7, '2002-02-12', 1, 2, '0000-00-00 00:00:00'),
(56, 'First', 'Last', 7, '2003-11-11', 1, 2, '0000-00-00 00:00:00'),
(57, 'First', 'Last', 15, '1998-12-09', 1, 2, '0000-00-00 00:00:00'),
(58, 'First', 'Last', 15, '1999-12-30', 1, 2, '0000-00-00 00:00:00'),
(59, 'First', 'Last', 15, '1999-07-29', 1, 2, '0000-00-00 00:00:00'),
(60, 'First', 'Last', 15, '2000-08-11', 1, 2, '0000-00-00 00:00:00'),
(61, 'First', 'Last', 15, '1999-04-05', 1, 2, '0000-00-00 00:00:00'),
(62, 'First', 'Last', 15, '1999-01-22', 1, 2, '0000-00-00 00:00:00'),
(63, 'First', 'Last', 6, '1997-08-22', 1, 2, '0000-00-00 00:00:00'),
(64, 'First', 'Last', 6, '1996-09-24', 1, 2, '0000-00-00 00:00:00'),
(65, 'First', 'Last', 15, '1996-11-23', 1, 2, '0000-00-00 00:00:00'),
(66, 'First', 'Last', 15, '1997-01-27', 1, 2, '0000-00-00 00:00:00'),
(67, 'First', 'Last', 15, '1996-10-04', 1, 2, '0000-00-00 00:00:00'),
(68, 'First', 'Last', 15, '1997-11-21', 1, 2, '0000-00-00 00:00:00'),
(69, 'First', 'Last', 12, '1997-08-23', 1, 2, '0000-00-00 00:00:00'),
(70, 'First', 'Last', 12, '1996-09-10', 1, 2, '0000-00-00 00:00:00'),
(71, 'First', 'Last', 12, '1997-03-22', 1, 2, '0000-00-00 00:00:00'),
(72, 'First', 'Last', 12, '1998-07-09', 1, 2, '0000-00-00 00:00:00'),
(73, 'First', 'Last', 12, '1996-11-26', 1, 2, '0000-00-00 00:00:00'),
(74, 'First', 'Last', 12, '1997-01-31', 1, 2, '0000-00-00 00:00:00'),
(75, 'First', 'Last', 15, '1997-07-19', 1, 2, '0000-00-00 00:00:00'),
(76, 'First', 'Last', 15, '1997-01-17', 1, 2, '0000-00-00 00:00:00'),
(77, 'First', 'Last', 12, '1998-11-12', 1, 2, '0000-00-00 00:00:00'),
(78, 'First', 'Last', 12, '1998-05-16', 1, 2, '0000-00-00 00:00:00'),
(79, 'First', 'Last', 5, '2009-10-27', 1, 2, '0000-00-00 00:00:00'),
(80, 'First', 'Last', 5, '2009-02-07', 1, 2, '0000-00-00 00:00:00'),
(81, 'First', 'Last', 5, '2010-07-28', 1, 2, '0000-00-00 00:00:00'),
(82, 'First', 'Last', 5, '2010-06-13', 1, 2, '0000-00-00 00:00:00'),
(83, 'First', 'Last', 9, '2008-09-24', 1, 2, '0000-00-00 00:00:00'),
(84, '1', '1', 5, '2010-05-04', 1, 2, '0000-00-00 00:00:00'),
(85, 'First', 'Last', 5, '2010-01-13', 1, 2, '0000-00-00 00:00:00'),
(86, 'First', 'Last', 5, '2009-10-01', 1, 2, '0000-00-00 00:00:00'),
(87, 'First', 'Last', 5, '2010-05-24', 1, 2, '0000-00-00 00:00:00'),
(88, 'First', 'Last', 5, '2010-04-11', 1, 2, '0000-00-00 00:00:00'),
(89, 'First', 'Last', 5, '2010-03-19', 1, 2, '0000-00-00 00:00:00'),
(90, 'First', 'Last', 5, '2010-03-29', 1, 2, '0000-00-00 00:00:00'),
(91, 'First', 'Last', 5, '2010-05-20', 1, 2, '0000-00-00 00:00:00'),
(92, 'First', 'Last', 5, '2010-05-20', 1, 2, '0000-00-00 00:00:00'),
(93, 'First', 'Last', 9, '2007-12-24', 1, 2, '0000-00-00 00:00:00'),
(94, 'First', 'Last', 9, '2007-10-02', 1, 2, '0000-00-00 00:00:00'),
(95, 'First', 'Last', 9, '2007-09-22', 1, 2, '0000-00-00 00:00:00'),
(96, 'First', 'Last', 9, '2008-09-07', 1, 2, '0000-00-00 00:00:00'),
(97, 'First', 'Last', 9, '2008-09-05', 1, 2, '0000-00-00 00:00:00'),
(98, 'First', 'Last', 9, '2009-07-16', 1, 2, '0000-00-00 00:00:00'),
(99, 'First', 'Last', 9, '2008-07-07', 1, 2, '0000-00-00 00:00:00'),
(100, 'First', 'Last', 9, '2007-10-04', 1, 2, '0000-00-00 00:00:00'),
(101, 'First', 'Last', 5, '2010-01-26', 1, 2, '0000-00-00 00:00:00'),
(102, 'First', 'Last', 13, '2006-08-13', 1, 2, '0000-00-00 00:00:00'),
(103, 'First', 'Last', 13, '2006-04-22', 1, 2, '0000-00-00 00:00:00'),
(104, 'First', 'Last', 13, '2006-01-12', 1, 2, '0000-00-00 00:00:00'),
(105, 'First', 'Last', 13, '2006-09-03', 1, 2, '0000-00-00 00:00:00'),
(106, 'First', 'Last', 13, '2007-01-15', 1, 2, '0000-00-00 00:00:00'),
(107, 'First', 'Last', 13, '2007-01-02', 1, 2, '0000-00-00 00:00:00'),
(108, 'First', 'Last', 14, '2006-07-01', 1, 2, '0000-00-00 00:00:00'),
(109, 'First', 'Last', 13, '2006-02-12', 1, 2, '0000-00-00 00:00:00'),
(110, 'First', 'Last', 7, '2004-03-04', 1, 2, '0000-00-00 00:00:00'),
(111, 'First', 'Last', 14, '2003-09-16', 1, 2, '0000-00-00 00:00:00'),
(112, 'First', 'Last', 14, '2003-10-14', 1, 2, '0000-00-00 00:00:00'),
(113, 'First', 'Last', 14, '2004-02-23', 1, 2, '0000-00-00 00:00:00'),
(114, 'First', 'Last', 14, '2006-03-02', 1, 2, '0000-00-00 00:00:00'),
(115, 'First', 'Last', 14, '2006-11-27', 1, 2, '0000-00-00 00:00:00'),
(116, 'First', 'Last', 14, '2006-08-13', 1, 2, '0000-00-00 00:00:00'),
(117, 'First', 'Last', 4, '2001-10-10', 1, 2, '0000-00-00 00:00:00'),
(118, 'First', 'Last', 4, '2003-08-30', 1, 2, '0000-00-00 00:00:00'),
(119, 'First', 'Last', 4, '2003-04-19', 1, 2, '0000-00-00 00:00:00'),
(120, 'First', 'Last', 4, '2003-08-11', 1, 2, '0000-00-00 00:00:00'),
(121, 'First', 'Last', 4, '2003-06-23', 1, 2, '0000-00-00 00:00:00'),
(122, 'First', 'Last', 4, '2004-08-25', 1, 2, '0000-00-00 00:00:00'),
(123, 'First', 'Last', 4, '2005-02-23', 1, 2, '0000-00-00 00:00:00'),
(124, 'First', 'Last', 3, '1999-01-07', 1, 2, '0000-00-00 00:00:00'),
(125, 'First', 'Last', 3, '2000-10-06', 1, 2, '0000-00-00 00:00:00'),
(126, 'First', 'Last', 3, '2001-01-13', 1, 2, '0000-00-00 00:00:00'),
(127, 'First', 'Last', 3, '2000-09-21', 1, 2, '0000-00-00 00:00:00'),
(128, 'First', 'Last', 3, '2000-05-03', 1, 2, '0000-00-00 00:00:00'),
(129, 'First', 'Last', 3, '2000-02-09', 1, 2, '0000-00-00 00:00:00'),
(130, 'First', 'Last', 3, '2002-05-02', 1, 2, '0000-00-00 00:00:00'),
(131, 'First', 'Last', 7, '2002-03-19', 1, 2, '0000-00-00 00:00:00'),
(132, 'First', 'Last', 7, '2002-11-01', 1, 2, '0000-00-00 00:00:00'),
(133, 'First', 'Last', 7, '2001-03-31', 1, 2, '0000-00-00 00:00:00'),
(134, 'First', 'Last', 7, '2004-07-01', 1, 2, '0000-00-00 00:00:00'),
(135, 'First', 'Last', 7, '2003-02-25', 1, 2, '0000-00-00 00:00:00'),
(136, 'First', 'Last', 7, '2002-03-18', 1, 2, '0000-00-00 00:00:00'),
(137, 'First', 'Last', 7, '2002-10-30', 1, 2, '0000-00-00 00:00:00'),
(138, 'First', 'Last', 7, '2002-02-12', 1, 2, '0000-00-00 00:00:00'),
(139, 'First', 'Last', 7, '2003-11-11', 1, 2, '0000-00-00 00:00:00'),
(140, 'First', 'Last', 15, '1998-12-09', 1, 2, '0000-00-00 00:00:00'),
(141, 'First', 'Last', 15, '1999-12-30', 1, 2, '0000-00-00 00:00:00'),
(142, 'First', 'Last', 15, '1999-07-29', 1, 2, '0000-00-00 00:00:00'),
(143, 'First', 'Last', 15, '2000-08-11', 1, 2, '0000-00-00 00:00:00'),
(144, 'First', 'Last', 15, '1999-04-05', 1, 2, '0000-00-00 00:00:00'),
(145, 'First', 'Last', 15, '1999-01-22', 1, 2, '0000-00-00 00:00:00'),
(146, 'First', 'Last', 6, '1997-08-22', 1, 2, '0000-00-00 00:00:00'),
(147, 'First', 'Last', 6, '1996-09-24', 1, 2, '0000-00-00 00:00:00'),
(148, 'First', 'Last', 15, '1996-11-23', 1, 2, '0000-00-00 00:00:00'),
(149, 'First', 'Last', 15, '1997-01-27', 1, 2, '0000-00-00 00:00:00'),
(150, 'First', 'Last', 15, '1996-10-04', 1, 2, '0000-00-00 00:00:00'),
(151, 'First', 'Last', 15, '1997-11-21', 1, 2, '0000-00-00 00:00:00'),
(152, 'First', 'Last', 12, '1997-08-23', 1, 2, '0000-00-00 00:00:00'),
(153, 'First', 'Last', 12, '1996-09-10', 1, 2, '0000-00-00 00:00:00'),
(154, 'First', 'Last', 12, '1997-03-22', 1, 2, '0000-00-00 00:00:00'),
(155, 'First', 'Last', 12, '1998-07-09', 1, 2, '0000-00-00 00:00:00'),
(156, 'First', 'Last', 12, '1996-11-26', 1, 2, '0000-00-00 00:00:00'),
(157, 'First', 'Last', 12, '1997-01-31', 1, 2, '0000-00-00 00:00:00'),
(158, 'First', 'Last', 15, '1997-07-19', 1, 2, '0000-00-00 00:00:00'),
(159, 'First', 'Last', 15, '1997-01-17', 1, 2, '0000-00-00 00:00:00'),
(160, 'First', 'Last', 12, '1998-11-12', 1, 2, '0000-00-00 00:00:00'),
(161, 'First', 'Last', 12, '1998-05-16', 1, 2, '0000-00-00 00:00:00'),
(162, 'First', 'Last', 5, '2009-10-27', 1, 2, '0000-00-00 00:00:00'),
(163, 'First', 'Last', 5, '2009-02-07', 1, 2, '0000-00-00 00:00:00'),
(164, 'First', 'Last', 5, '2010-07-28', 1, 2, '0000-00-00 00:00:00'),
(165, 'First', 'Last', 5, '2010-06-13', 1, 2, '0000-00-00 00:00:00'),
(166, 'First', 'Last', 9, '2008-09-24', 1, 2, '0000-00-00 00:00:00');

-- --------------------------------------------------------

--
-- Table structure for table `PupilStartingLevel`
--

CREATE TABLE IF NOT EXISTS `PupilStartingLevel` (
  `ID` int(11) NOT NULL AUTO_INCREMENT,
  `PupilID` int(11) NOT NULL,
  `StrandID` int(11) NOT NULL,
  `StartingLevel` int(11) DEFAULT NULL,
  PRIMARY KEY (`ID`),
  KEY `StrandID` (`StrandID`),
  KEY `PupilID` (`PupilID`)
) ENGINE=InnoDB  DEFAULT CHARSET=latin1 AUTO_INCREMENT=605 ;

--
-- Dumping data for table `PupilStartingLevel`
--

INSERT INTO `PupilStartingLevel` (`ID`, `PupilID`, `StrandID`, `StartingLevel`) VALUES
(1, 1, 1, 1),
(2, 1, 2, 1),
(3, 1, 3, 1),
(4, 1, 4, 1),
(5, 1, 5, 1),
(6, 1, 7, 1),
(7, 1, 8, 2),
(8, 1, 11, 1),
(9, 2, 1, 2),
(10, 2, 2, 3),
(11, 2, 3, 2),
(12, 2, 4, 3),
(13, 2, 5, 3),
(14, 2, 6, 2),
(15, 2, 8, 2),
(16, 2, 11, 2),
(17, 3, 1, 2),
(18, 3, 2, 2),
(19, 3, 3, 2),
(20, 3, 4, 2),
(21, 3, 5, 2),
(22, 3, 7, 2),
(23, 3, 8, 2),
(24, 3, 11, 2),
(25, 4, 1, 2),
(26, 4, 2, 1),
(27, 4, 3, 2),
(28, 4, 4, 2),
(29, 4, 5, 1),
(30, 4, 7, 1),
(31, 4, 8, 2),
(32, 4, 11, 2),
(33, 5, 1, 5),
(34, 5, 2, 4),
(35, 5, 3, 4),
(36, 5, 4, 4),
(37, 5, 5, 4),
(38, 5, 7, 3),
(39, 5, 8, 2),
(40, 5, 11, 3),
(41, 6, 1, 2),
(42, 6, 2, 1),
(43, 6, 3, 3),
(44, 6, 4, 3),
(45, 6, 5, 3),
(46, 6, 7, 2),
(47, 6, 8, 2),
(48, 6, 11, 2),
(49, 7, 1, 2),
(50, 7, 2, 3),
(51, 7, 3, 4),
(52, 7, 4, 3),
(53, 7, 5, 3),
(54, 7, 7, 2),
(55, 7, 8, 2),
(56, 7, 11, 3),
(57, 8, 1, 2),
(58, 8, 2, 3),
(59, 8, 3, 3),
(60, 8, 4, 3),
(61, 8, 5, 3),
(62, 8, 7, 2),
(63, 8, 8, 3),
(64, 8, 11, 4),
(65, 9, 1, 2),
(66, 9, 2, 3),
(67, 9, 3, 3),
(68, 9, 4, 3),
(69, 9, 5, 3),
(70, 9, 7, 2),
(71, 9, 8, 3),
(72, 9, 11, 4),
(73, 10, 1, 2),
(74, 10, 2, 2),
(75, 10, 3, 3),
(76, 10, 4, 3),
(77, 10, 5, 3),
(78, 10, 7, 3),
(79, 10, 8, 2),
(80, 10, 11, 3),
(81, 11, 1, 2),
(82, 11, 2, 3),
(83, 11, 3, 4),
(84, 11, 4, 3),
(85, 11, 5, 3),
(86, 11, 7, 3),
(87, 11, 8, 3),
(88, 11, 11, 3),
(89, 12, 1, 2),
(90, 12, 2, 2),
(91, 12, 3, 2),
(92, 12, 4, 2),
(93, 12, 5, 2),
(94, 12, 7, 2),
(95, 12, 8, 2),
(96, 12, 11, 2),
(97, 13, 1, 3),
(98, 13, 2, 4),
(99, 13, 3, 3),
(100, 13, 4, 3),
(101, 13, 5, 3),
(102, 13, 7, 3),
(103, 13, 8, 4),
(104, 13, 11, 4),
(105, 14, 1, 3),
(106, 14, 2, 4),
(107, 14, 3, 2),
(108, 14, 4, 2),
(109, 14, 5, 3),
(110, 14, 7, 2),
(111, 14, 8, 3),
(112, 14, 11, 4),
(113, 16, 1, 3),
(114, 16, 2, 4),
(115, 16, 3, 3),
(116, 16, 4, 3),
(117, 16, 5, 4),
(118, 16, 7, 3),
(119, 16, 8, 3),
(120, 16, 11, 4),
(121, 17, 4, 2),
(122, 17, 5, 2),
(123, 17, 7, 2),
(124, 17, 8, 2),
(125, 18, 2, 2),
(126, 18, 4, 2),
(127, 18, 5, 3),
(128, 18, 7, 2),
(129, 18, 11, 2),
(130, 19, 1, 3),
(131, 19, 2, 2),
(132, 19, 3, 2),
(133, 19, 4, 3),
(134, 19, 5, 3),
(135, 19, 7, 3),
(136, 19, 11, 3),
(137, 20, 1, 3),
(138, 20, 2, 3),
(139, 20, 3, 3),
(140, 20, 4, 3),
(141, 20, 5, 3),
(142, 20, 7, 2),
(143, 20, 8, 3),
(144, 20, 11, 4),
(145, 21, 1, 3),
(146, 21, 2, 3),
(147, 21, 3, 3),
(148, 21, 4, 3),
(149, 21, 5, 3),
(150, 21, 7, 3),
(151, 21, 8, 3),
(152, 21, 11, 3),
(153, 22, 1, 3),
(154, 22, 2, 4),
(155, 22, 3, 3),
(156, 22, 4, 3),
(157, 22, 5, 3),
(158, 22, 7, 3),
(159, 22, 8, 4),
(160, 22, 11, 4),
(161, 23, 2, 4),
(162, 23, 8, 4),
(163, 23, 11, 5),
(164, 24, 1, 3),
(165, 24, 2, 2),
(166, 24, 3, 2),
(167, 24, 4, 3),
(168, 24, 5, 2),
(169, 24, 7, 2),
(170, 24, 8, 2),
(171, 24, 11, 3),
(172, 25, 1, 6),
(173, 25, 2, 6),
(174, 25, 3, 5),
(175, 25, 4, 6),
(176, 25, 5, 5),
(177, 25, 6, 4),
(178, 25, 7, 5),
(179, 25, 8, 5),
(180, 25, 9, 4),
(181, 25, 23, 6),
(182, 26, 1, 4),
(183, 26, 2, 5),
(184, 26, 3, 4),
(185, 26, 4, 4),
(186, 26, 5, 4),
(187, 26, 7, 4),
(188, 26, 8, 4),
(189, 26, 11, 5),
(190, 27, 1, 5),
(191, 27, 2, 6),
(192, 27, 3, 6),
(193, 27, 4, 6),
(194, 27, 5, 6),
(195, 27, 6, 8),
(196, 27, 7, 8),
(197, 27, 8, 6),
(198, 27, 9, 6),
(199, 27, 11, 6),
(200, 28, 1, 5),
(201, 28, 2, 4),
(202, 28, 3, 5),
(203, 28, 4, 5),
(204, 28, 5, 5),
(205, 28, 6, 4),
(206, 28, 7, 5),
(207, 28, 8, 4),
(208, 28, 9, 5),
(209, 28, 11, 5),
(210, 28, 22, 6),
(211, 28, 23, 6),
(212, 29, 1, 3),
(213, 29, 2, 4),
(214, 29, 3, 3),
(215, 29, 4, 4),
(216, 29, 5, 4),
(217, 29, 7, 3),
(218, 29, 8, 4),
(219, 29, 9, 5),
(220, 29, 11, 4),
(221, 29, 22, 6),
(222, 29, 23, 6),
(223, 30, 1, 5),
(224, 30, 2, 6),
(225, 30, 3, 5),
(226, 30, 4, 5),
(227, 30, 5, 4),
(228, 30, 6, 4),
(229, 30, 7, 5),
(230, 30, 8, 5),
(231, 30, 9, 5),
(232, 30, 11, 5),
(233, 30, 22, 6),
(234, 30, 23, 6),
(235, 31, 1, 6),
(236, 31, 2, 6),
(237, 31, 3, 5),
(238, 31, 4, 5),
(239, 31, 5, 5),
(240, 31, 6, 4),
(241, 31, 7, 5),
(242, 31, 8, 5),
(243, 31, 9, 5),
(244, 31, 11, 5),
(245, 31, 22, 6),
(246, 31, 23, 6),
(247, 32, 1, 5),
(248, 32, 3, 4),
(249, 32, 4, 4),
(250, 32, 5, 5),
(251, 32, 7, 5),
(252, 32, 8, 5),
(253, 32, 9, 6),
(254, 32, 11, 4),
(255, 32, 22, 6),
(256, 32, 23, 6),
(257, 33, 1, 5),
(258, 33, 2, 6),
(259, 33, 3, 5),
(260, 33, 4, 5),
(261, 33, 6, 4),
(262, 33, 7, 5),
(263, 33, 8, 6),
(264, 33, 9, 6),
(265, 33, 11, 5),
(266, 33, 22, 6),
(267, 33, 23, 6),
(268, 34, 1, 5),
(269, 34, 2, 5),
(270, 34, 3, 4),
(271, 34, 4, 5),
(272, 34, 5, 5),
(273, 34, 6, 5),
(274, 34, 7, 5),
(275, 34, 8, 5),
(276, 34, 11, 5),
(277, 35, 1, 4),
(278, 35, 2, 3),
(279, 35, 3, 4),
(280, 35, 4, 4),
(281, 35, 5, 4),
(282, 35, 7, 3),
(283, 35, 8, 5),
(284, 35, 11, 5),
(285, 36, 1, 5),
(286, 36, 2, 4),
(287, 36, 3, 4),
(288, 36, 4, 5),
(289, 36, 5, 5),
(290, 36, 7, 5),
(291, 36, 8, 5),
(292, 36, 11, 5),
(293, 37, 1, 5),
(294, 37, 2, 4),
(295, 37, 3, 4),
(296, 37, 4, 4),
(297, 37, 5, 5),
(298, 37, 7, 5),
(299, 37, 8, 5),
(300, 37, 11, 5),
(301, 38, 1, 4),
(302, 38, 2, 2),
(303, 38, 3, 3),
(304, 38, 4, 3),
(305, 38, 5, 2),
(306, 38, 7, 2),
(307, 38, 8, 2),
(308, 38, 11, 4),
(309, 39, 1, 3),
(310, 39, 2, 2),
(311, 39, 3, 3),
(312, 39, 4, 4),
(313, 39, 5, 4),
(314, 39, 7, 3),
(315, 39, 8, 4),
(316, 39, 11, 5),
(317, 40, 1, 5),
(318, 40, 2, 5),
(319, 40, 3, 4),
(320, 40, 4, 4),
(321, 40, 5, 5),
(322, 40, 7, 4),
(323, 40, 8, 5),
(324, 40, 11, 5),
(325, 41, 1, 4),
(326, 41, 2, 3),
(327, 41, 3, 2),
(328, 41, 4, 3),
(329, 41, 5, 3),
(330, 41, 7, 3),
(331, 41, 8, 3),
(332, 41, 11, 4),
(333, 42, 1, 4),
(334, 42, 2, 3),
(335, 42, 3, 2),
(336, 42, 4, 4),
(337, 42, 5, 4),
(338, 42, 7, 4),
(339, 42, 8, 4),
(340, 42, 11, 5),
(341, 43, 1, 3),
(342, 43, 2, 1),
(343, 43, 3, 3),
(344, 43, 4, 4),
(345, 43, 5, 3),
(346, 43, 7, 3),
(347, 43, 8, 4),
(348, 43, 11, 4),
(349, 44, 1, 5),
(350, 44, 2, 3),
(351, 44, 3, 5),
(352, 44, 4, 5),
(353, 44, 5, 5),
(354, 44, 7, 5),
(355, 44, 8, 5),
(356, 44, 11, 5),
(357, 45, 1, 5),
(358, 45, 2, 4),
(359, 45, 3, 4),
(360, 45, 4, 4),
(361, 45, 5, 5),
(362, 45, 7, 5),
(363, 45, 8, 4),
(364, 45, 11, 5),
(365, 46, 1, 5),
(366, 46, 2, 4),
(367, 46, 3, 5),
(368, 46, 4, 5),
(369, 46, 5, 5),
(370, 46, 7, 5),
(371, 46, 8, 5),
(372, 46, 11, 5),
(373, 47, 1, 3),
(374, 47, 3, 2),
(375, 47, 4, 4),
(376, 47, 5, 3),
(377, 47, 7, 3),
(378, 47, 8, 3),
(379, 47, 11, 3),
(380, 48, 1, 6),
(381, 48, 2, 7),
(382, 48, 3, 6),
(383, 48, 4, 6),
(384, 48, 5, 6),
(385, 48, 6, 6),
(386, 48, 7, 6),
(387, 48, 8, 6),
(388, 48, 9, 6),
(389, 48, 11, 7),
(390, 48, 22, 6),
(391, 48, 23, 6),
(392, 49, 1, 8),
(393, 49, 2, 9),
(394, 49, 3, 7),
(395, 49, 4, 7),
(396, 49, 5, 8),
(397, 49, 6, 8),
(398, 49, 7, 10),
(399, 49, 8, 8),
(400, 49, 9, 7),
(401, 49, 11, 9),
(402, 49, 22, 8),
(403, 49, 23, 7),
(404, 50, 1, 6),
(405, 50, 2, 6),
(406, 50, 3, 6),
(407, 50, 4, 6),
(408, 50, 5, 6),
(409, 50, 6, 8),
(410, 50, 7, 8),
(411, 50, 8, 6),
(412, 50, 9, 6),
(413, 50, 11, 6),
(414, 50, 22, 6),
(415, 50, 23, 6),
(416, 51, 1, 7),
(417, 51, 2, 8),
(418, 51, 3, 6),
(419, 51, 4, 7),
(420, 51, 5, 10),
(421, 51, 6, 8),
(422, 51, 7, 10),
(423, 51, 8, 6),
(424, 51, 9, 6),
(425, 51, 11, 8),
(426, 51, 22, 7),
(427, 51, 23, 6),
(428, 52, 1, 10),
(429, 52, 2, 8),
(430, 52, 3, 8),
(431, 52, 4, 9),
(432, 52, 5, 11),
(433, 52, 6, 8),
(434, 52, 7, 10),
(435, 52, 8, 7),
(436, 52, 9, 7),
(437, 52, 11, 8),
(438, 52, 22, 10),
(439, 52, 23, 8),
(440, 53, 1, 8),
(441, 53, 2, 9),
(442, 53, 3, 8),
(443, 53, 4, 8),
(444, 53, 5, 9),
(445, 53, 6, 8),
(446, 53, 7, 10),
(447, 53, 8, 7),
(448, 53, 9, 8),
(449, 53, 11, 9),
(450, 53, 22, 8),
(451, 53, 23, 8),
(452, 54, 1, 8),
(453, 54, 2, 8),
(454, 54, 3, 8),
(455, 54, 4, 7),
(456, 54, 5, 9),
(457, 54, 6, 8),
(458, 54, 7, 10),
(459, 54, 8, 9),
(460, 54, 9, 9),
(461, 54, 11, 8),
(462, 54, 22, 8),
(463, 54, 23, 8),
(464, 55, 1, 8),
(465, 55, 2, 8),
(466, 55, 3, 8),
(467, 55, 4, 7),
(468, 55, 5, 9),
(469, 55, 6, 9),
(470, 55, 7, 10),
(471, 55, 8, 7),
(472, 55, 9, 7),
(473, 55, 11, 8),
(474, 55, 22, 8),
(475, 55, 23, 8),
(476, 56, 1, 6),
(477, 56, 2, 6),
(478, 56, 3, 6),
(479, 56, 4, 6),
(480, 56, 5, 6),
(481, 56, 6, 6),
(482, 56, 7, 6),
(483, 56, 8, 6),
(484, 56, 9, 6),
(485, 56, 11, 6),
(486, 56, 22, 6),
(487, 56, 23, 6),
(488, 57, 12, 23),
(489, 57, 13, 22),
(490, 57, 14, 23),
(491, 57, 15, 22),
(492, 57, 16, 22),
(493, 57, 17, 22),
(494, 57, 18, 22),
(495, 57, 19, 22),
(496, 57, 20, 22),
(497, 57, 21, 22),
(498, 59, 8, 5),
(499, 59, 12, 21),
(500, 59, 13, 21),
(501, 59, 14, 21),
(502, 59, 15, 20),
(503, 59, 16, 21),
(504, 59, 17, 21),
(505, 59, 18, 21),
(506, 59, 19, 21),
(507, 59, 20, 22),
(508, 59, 21, 21),
(509, 61, 12, 23),
(510, 61, 13, 22),
(511, 61, 14, 23),
(512, 61, 15, 22),
(513, 61, 16, 22),
(514, 61, 17, 22),
(515, 61, 18, 22),
(516, 61, 19, 22),
(517, 61, 20, 22),
(518, 61, 21, 22),
(519, 62, 12, 22),
(520, 62, 13, 22),
(521, 62, 14, 22),
(522, 62, 15, 22),
(523, 62, 16, 22),
(524, 62, 17, 22),
(525, 62, 18, 22),
(526, 62, 19, 22),
(527, 62, 20, 22),
(528, 62, 21, 22),
(529, 63, 8, 4),
(530, 63, 12, 21),
(531, 63, 13, 21),
(532, 63, 14, 21),
(533, 63, 15, 21),
(534, 63, 16, 21),
(535, 63, 17, 21),
(536, 63, 18, 21),
(537, 63, 19, 21),
(538, 63, 20, 21),
(539, 63, 21, 21),
(540, 64, 12, 15),
(541, 64, 13, 15),
(542, 64, 14, 16),
(543, 64, 15, 15),
(544, 64, 16, 15),
(545, 64, 17, 15),
(546, 64, 18, 15),
(547, 64, 19, 15),
(548, 64, 20, 15),
(549, 64, 21, 15),
(550, 65, 12, 23),
(551, 65, 13, 23),
(552, 65, 14, 23),
(553, 65, 15, 23),
(554, 65, 16, 21),
(555, 65, 17, 21),
(556, 65, 18, 21),
(557, 65, 19, 21),
(558, 65, 20, 21),
(559, 65, 21, 21),
(560, 66, 12, 23),
(561, 66, 13, 23),
(562, 66, 14, 23),
(563, 66, 15, 23),
(564, 66, 16, 21),
(565, 66, 17, 22),
(566, 66, 18, 21),
(567, 66, 19, 21),
(568, 66, 20, 21),
(569, 66, 21, 21),
(570, 67, 12, 22),
(571, 67, 13, 23),
(572, 67, 14, 23),
(573, 67, 15, 23),
(574, 67, 16, 21),
(575, 67, 17, 21),
(576, 67, 18, 22),
(577, 67, 19, 22),
(578, 67, 20, 21),
(579, 67, 21, 21),
(580, 68, 8, 5),
(581, 68, 13, 21),
(582, 68, 14, 21),
(583, 68, 15, 21),
(584, 72, 12, 23),
(585, 75, 12, 21),
(586, 75, 13, 23),
(587, 75, 14, 23),
(588, 75, 15, 23),
(589, 75, 16, 21),
(590, 75, 17, 21),
(591, 75, 18, 21),
(592, 75, 19, 21),
(593, 75, 20, 21),
(594, 75, 21, 21),
(595, 76, 12, 22),
(596, 76, 13, 23),
(597, 76, 14, 23),
(598, 76, 15, 23),
(599, 76, 16, 22),
(600, 76, 17, 22),
(601, 76, 18, 22),
(602, 76, 19, 22),
(603, 76, 20, 22),
(604, 76, 21, 22);

-- --------------------------------------------------------

--
-- Table structure for table `PupilStatements`
--

CREATE TABLE IF NOT EXISTS `PupilStatements` (
  `ID` int(11) NOT NULL AUTO_INCREMENT,
  `PupilID` int(11) NOT NULL,
  `StatementID` int(11) NOT NULL,
  `PartiallyDate` date DEFAULT NULL,
  `AchievedDate` date DEFAULT NULL,
  `ConsolidatedDate` date DEFAULT NULL,
  PRIMARY KEY (`ID`),
  KEY `PupilID` (`PupilID`),
  KEY `StatementID` (`StatementID`)
) ENGINE=InnoDB  DEFAULT CHARSET=latin1 AUTO_INCREMENT=4401 ;

--
-- Dumping data for table `PupilStatements`
--

INSERT INTO `PupilStatements` (`ID`, `PupilID`, `StatementID`, `PartiallyDate`, `AchievedDate`, `ConsolidatedDate`) VALUES
(1, 1, 1, '2015-11-18', '2016-01-13', '0000-00-00'),
(2, 1, 2, '2016-01-13', '0000-00-00', '0000-00-00'),
(3, 1, 3, '2015-11-18', '2016-01-13', '0000-00-00'),
(4, 1, 5, '2015-11-18', '2016-01-13', '0000-00-00'),
(5, 1, 6, '2015-11-18', '2016-01-13', '0000-00-00'),
(6, 1, 7, '2015-11-18', '2016-01-13', '0000-00-00'),
(7, 1, 8, '2016-01-13', '0000-00-00', '0000-00-00'),
(8, 1, 9, '2015-11-18', '2016-01-13', '0000-00-00'),
(9, 1, 10, '2016-01-13', '0000-00-00', '0000-00-00'),
(10, 1, 79, '0000-00-00', '2015-11-18', '2016-01-13'),
(11, 1, 80, '2015-11-18', '2016-01-13', '0000-00-00'),
(12, 1, 81, '2016-01-13', '0000-00-00', '0000-00-00'),
(13, 1, 83, '2015-11-18', '2016-01-13', '0000-00-00'),
(14, 1, 84, '0000-00-00', '2015-11-18', '2016-01-13'),
(15, 1, 85, '0000-00-00', '2015-11-18', '2016-01-13'),
(16, 1, 86, '2016-01-13', '0000-00-00', '0000-00-00'),
(17, 1, 87, '0000-00-00', '2015-11-18', '2016-01-13'),
(18, 1, 88, '2016-01-13', '0000-00-00', '0000-00-00'),
(19, 1, 154, '2016-01-13', '0000-00-00', '0000-00-00'),
(20, 1, 157, '0000-00-00', '2015-11-18', '2016-01-13'),
(21, 1, 158, '0000-00-00', '2015-11-18', '2016-01-13'),
(22, 1, 160, '0000-00-00', '2015-11-18', '2016-01-13'),
(23, 1, 161, '2016-01-13', '0000-00-00', '0000-00-00'),
(24, 1, 162, '2015-11-18', '2016-01-13', '0000-00-00'),
(25, 1, 226, '0000-00-00', '2015-11-18', '2016-01-13'),
(26, 1, 227, '0000-00-00', '2015-11-18', '2016-01-13'),
(27, 1, 228, '0000-00-00', '2015-11-18', '2016-01-13'),
(28, 1, 229, '0000-00-00', '2015-11-18', '2016-01-13'),
(29, 1, 234, '0000-00-00', '2015-11-18', '2016-01-13'),
(30, 1, 235, '0000-00-00', '2015-11-18', '2016-01-13'),
(31, 1, 301, '0000-00-00', '2015-11-18', '2016-01-13'),
(32, 1, 302, '0000-00-00', '2015-11-18', '2016-01-13'),
(33, 1, 303, '2016-01-13', '0000-00-00', '0000-00-00'),
(34, 1, 309, '2016-01-13', '0000-00-00', '0000-00-00'),
(35, 1, 310, '0000-00-00', '2015-11-18', '2016-01-13'),
(36, 1, 401, '0000-00-00', '2015-11-18', '2016-01-13'),
(37, 1, 402, '2016-01-13', '0000-00-00', '0000-00-00'),
(38, 1, 404, '0000-00-00', '2015-11-18', '2016-01-13'),
(39, 1, 405, '0000-00-00', '2015-11-18', '2016-01-13'),
(40, 1, 406, '2016-01-13', '0000-00-00', '0000-00-00'),
(41, 1, 407, '2016-01-13', '0000-00-00', '0000-00-00'),
(42, 1, 408, '2016-01-13', '0000-00-00', '0000-00-00'),
(43, 1, 409, '0000-00-00', '2015-11-18', '2016-01-13'),
(44, 1, 473, '2016-01-13', '0000-00-00', '0000-00-00'),
(45, 1, 474, '0000-00-00', '2015-11-18', '2016-01-13'),
(46, 1, 475, '0000-00-00', '2015-11-18', '2016-01-13'),
(47, 1, 476, '2016-01-13', '0000-00-00', '0000-00-00'),
(48, 1, 477, '0000-00-00', '2015-11-18', '2016-01-13'),
(49, 1, 478, '2016-01-13', '0000-00-00', '0000-00-00'),
(50, 1, 479, '0000-00-00', '2015-11-18', '2016-01-13'),
(51, 1, 480, '0000-00-00', '0000-00-00', '0000-00-00'),
(52, 1, 481, '2016-01-13', '0000-00-00', '0000-00-00'),
(53, 1, 482, '2016-01-13', '0000-00-00', '0000-00-00'),
(54, 1, 566, '2015-11-18', '2016-01-13', '0000-00-00'),
(55, 1, 570, '2016-01-13', '0000-00-00', '0000-00-00'),
(56, 1, 571, '0000-00-00', '2015-11-18', '2016-01-13'),
(57, 1, 572, '2016-01-13', '0000-00-00', '0000-00-00'),
(58, 1, 2498, '0000-00-00', '0000-00-00', '2016-06-07'),
(59, 1, 2499, '0000-00-00', '0000-00-00', '0000-00-00'),
(60, 1, 2500, '0000-00-00', '0000-00-00', '0000-00-00'),
(61, 1, 2501, '0000-00-00', '0000-00-00', '0000-00-00'),
(62, 1, 2502, '0000-00-00', '0000-00-00', '0000-00-00'),
(63, 1, 2503, '0000-00-00', '0000-00-00', '0000-00-00'),
(64, 1, 2504, '0000-00-00', '0000-00-00', '0000-00-00'),
(65, 1, 2505, '0000-00-00', '0000-00-00', '0000-00-00'),
(66, 1, 2506, '0000-00-00', '0000-00-00', '0000-00-00'),
(67, 1, 2507, '0000-00-00', '0000-00-00', '0000-00-00'),
(68, 1, 2508, '0000-00-00', '0000-00-00', '2016-06-07'),
(69, 1, 2509, '0000-00-00', '0000-00-00', '2016-06-07'),
(70, 1, 2510, '0000-00-00', '0000-00-00', '2016-06-07'),
(71, 1, 2511, '2016-06-07', '2016-06-07', '2016-06-07'),
(72, 1, 2512, '0000-00-00', '0000-00-00', '0000-00-00'),
(73, 1, 2513, '0000-00-00', '0000-00-00', '0000-00-00'),
(74, 1, 2514, '0000-00-00', '0000-00-00', '0000-00-00'),
(75, 1, 2515, '0000-00-00', '0000-00-00', '0000-00-00'),
(76, 1, 2516, '0000-00-00', '0000-00-00', '0000-00-00'),
(77, 1, 2517, '0000-00-00', '0000-00-00', '0000-00-00'),
(78, 2, 11, '2015-10-13', '2016-01-13', '0000-00-00'),
(79, 2, 12, '0000-00-00', '2015-10-13', '0000-00-00'),
(80, 2, 13, '0000-00-00', '2015-10-13', '0000-00-00'),
(81, 2, 14, '0000-00-00', '2016-01-13', '0000-00-00'),
(82, 2, 15, '0000-00-00', '2015-10-13', '0000-00-00'),
(83, 2, 16, '0000-00-00', '2016-01-13', '0000-00-00'),
(84, 2, 17, '0000-00-00', '2016-01-13', '0000-00-00'),
(85, 2, 18, '0000-00-00', '2015-10-13', '0000-00-00'),
(86, 2, 21, '0000-00-00', '2015-10-13', '0000-00-00'),
(87, 2, 99, '0000-00-00', '2015-10-13', '2016-01-13'),
(88, 2, 100, '0000-00-00', '2015-10-13', '2016-01-13'),
(89, 2, 101, '0000-00-00', '2015-10-13', '2016-01-13'),
(90, 2, 102, '2015-10-13', '2016-01-13', '0000-00-00'),
(91, 2, 103, '2015-10-13', '2016-01-13', '0000-00-00'),
(92, 2, 104, '2016-01-13', '0000-00-00', '0000-00-00'),
(93, 2, 105, '2016-01-13', '0000-00-00', '0000-00-00'),
(94, 2, 106, '2015-10-13', '2016-01-13', '0000-00-00'),
(95, 2, 108, '2016-01-13', '0000-00-00', '0000-00-00'),
(96, 2, 165, '2016-01-13', '0000-00-00', '0000-00-00'),
(97, 2, 166, '2016-01-13', '0000-00-00', '0000-00-00'),
(98, 2, 169, '2016-01-13', '0000-00-00', '0000-00-00'),
(99, 2, 170, '2016-01-13', '0000-00-00', '0000-00-00'),
(100, 2, 247, '0000-00-00', '2015-10-13', '2016-01-13'),
(101, 2, 248, '0000-00-00', '2016-01-13', '0000-00-00'),
(102, 2, 249, '2016-01-13', '0000-00-00', '0000-00-00'),
(103, 2, 250, '0000-00-00', '2015-10-13', '0000-00-00'),
(104, 2, 251, '2016-01-13', '0000-00-00', '0000-00-00'),
(105, 2, 253, '0000-00-00', '2015-10-13', '2016-01-13'),
(106, 2, 254, '2016-01-13', '0000-00-00', '0000-00-00'),
(107, 2, 321, '0000-00-00', '2016-01-13', '0000-00-00'),
(108, 2, 322, '0000-00-00', '2015-10-13', '2016-01-13'),
(109, 2, 323, '0000-00-00', '2015-10-13', '2016-01-13'),
(110, 2, 324, '0000-00-00', '2016-01-13', '0000-00-00'),
(111, 2, 325, '0000-00-00', '2015-10-13', '2016-01-13'),
(112, 2, 326, '0000-00-00', '2016-01-13', '0000-00-00'),
(113, 2, 327, '0000-00-00', '2015-10-13', '2016-01-13'),
(114, 2, 328, '0000-00-00', '2015-10-13', '2016-01-13'),
(115, 2, 329, '0000-00-00', '2016-01-13', '0000-00-00'),
(116, 2, 330, '0000-00-00', '2016-01-13', '0000-00-00'),
(117, 2, 400, '2016-01-13', '0000-00-00', '0000-00-00'),
(118, 2, 401, '2016-01-13', '0000-00-00', '0000-00-00'),
(119, 2, 402, '2016-01-13', '0000-00-00', '0000-00-00'),
(120, 2, 403, '2016-01-13', '0000-00-00', '0000-00-00'),
(121, 2, 404, '0000-00-00', '2015-10-13', '2016-01-13'),
(122, 2, 405, '2016-01-13', '0000-00-00', '0000-00-00'),
(123, 2, 406, '0000-00-00', '2015-10-13', '2016-01-13'),
(124, 2, 407, '2016-01-13', '0000-00-00', '0000-00-00'),
(125, 2, 408, '0000-00-00', '2015-10-13', '2016-01-13'),
(126, 2, 409, '2016-01-13', '0000-00-00', '0000-00-00'),
(127, 2, 483, '2015-10-13', '0000-00-00', '2016-01-13'),
(128, 2, 484, '2015-10-13', '0000-00-00', '2016-01-13'),
(129, 2, 485, '2015-10-13', '0000-00-00', '2016-01-13'),
(130, 2, 486, '2015-10-13', '0000-00-00', '2016-01-13'),
(131, 2, 487, '2015-10-13', '0000-00-00', '2016-01-13'),
(132, 2, 488, '2015-10-13', '0000-00-00', '2016-01-13'),
(133, 2, 489, '2015-10-13', '0000-00-00', '2016-01-13'),
(134, 2, 490, '2015-10-13', '0000-00-00', '2016-01-13'),
(135, 2, 491, '2016-01-13', '0000-00-00', '2016-01-13'),
(136, 2, 492, '2015-10-13', '0000-00-00', '2016-01-13'),
(137, 2, 566, '0000-00-00', '2015-10-13', '2016-01-13'),
(138, 2, 567, '0000-00-00', '2015-10-13', '2016-01-13'),
(139, 2, 568, '2016-01-13', '0000-00-00', '0000-00-00'),
(140, 2, 569, '2016-01-13', '0000-00-00', '0000-00-00'),
(141, 2, 570, '0000-00-00', '2015-10-13', '2016-01-13'),
(142, 2, 571, '2016-01-13', '0000-00-00', '0000-00-00'),
(143, 2, 572, '2016-01-13', '0000-00-00', '0000-00-00'),
(144, 2, 573, '2016-01-13', '0000-00-00', '0000-00-00'),
(145, 2, 574, '2016-01-13', '0000-00-00', '0000-00-00'),
(146, 2, 575, '2016-01-13', '0000-00-00', '0000-00-00'),
(147, 3, 11, '2016-02-11', '0000-00-00', '0000-00-00'),
(148, 3, 12, '2016-02-11', '0000-00-00', '0000-00-00'),
(149, 3, 15, '2016-02-11', '0000-00-00', '0000-00-00'),
(150, 3, 18, '2016-02-11', '0000-00-00', '0000-00-00'),
(151, 3, 89, '2016-02-11', '0000-00-00', '0000-00-00'),
(152, 3, 90, '2016-02-11', '0000-00-00', '0000-00-00'),
(153, 3, 95, '2016-02-11', '0000-00-00', '0000-00-00'),
(154, 3, 96, '2016-02-11', '0000-00-00', '0000-00-00'),
(155, 3, 97, '2016-02-11', '0000-00-00', '0000-00-00'),
(156, 3, 236, '0000-00-00', '2016-02-11', '0000-00-00'),
(157, 3, 237, '0000-00-00', '2016-02-11', '0000-00-00'),
(158, 3, 238, '0000-00-00', '2016-02-11', '0000-00-00'),
(159, 3, 239, '2016-02-11', '0000-00-00', '0000-00-00'),
(160, 3, 240, '2016-02-11', '0000-00-00', '0000-00-00'),
(161, 3, 241, '2016-02-11', '0000-00-00', '0000-00-00'),
(162, 3, 242, '2016-02-11', '0000-00-00', '0000-00-00'),
(163, 3, 243, '2016-02-11', '0000-00-00', '0000-00-00'),
(164, 3, 244, '2016-02-11', '0000-00-00', '0000-00-00'),
(165, 3, 245, '2016-02-11', '0000-00-00', '0000-00-00'),
(166, 3, 311, '2016-02-11', '0000-00-00', '0000-00-00'),
(167, 3, 312, '2016-02-11', '0000-00-00', '0000-00-00'),
(168, 3, 313, '2016-02-11', '0000-00-00', '0000-00-00'),
(169, 3, 314, '2016-02-11', '0000-00-00', '0000-00-00'),
(170, 3, 315, '2016-02-11', '0000-00-00', '0000-00-00'),
(171, 3, 316, '2016-02-11', '0000-00-00', '0000-00-00'),
(172, 3, 317, '2016-02-11', '0000-00-00', '0000-00-00'),
(173, 3, 318, '2016-02-11', '0000-00-00', '0000-00-00'),
(174, 3, 320, '2016-02-11', '0000-00-00', '0000-00-00'),
(175, 3, 410, '2016-02-11', '0000-00-00', '0000-00-00'),
(176, 3, 412, '2016-02-11', '0000-00-00', '0000-00-00'),
(177, 3, 414, '2016-02-11', '0000-00-00', '0000-00-00'),
(178, 3, 416, '2016-02-11', '0000-00-00', '0000-00-00'),
(179, 3, 487, '2016-02-11', '0000-00-00', '0000-00-00'),
(180, 3, 488, '2016-02-11', '0000-00-00', '0000-00-00'),
(181, 3, 489, '2016-02-11', '0000-00-00', '0000-00-00'),
(182, 3, 490, '2016-02-11', '0000-00-00', '0000-00-00'),
(183, 3, 491, '2016-02-11', '0000-00-00', '0000-00-00'),
(184, 3, 492, '2016-02-11', '0000-00-00', '0000-00-00'),
(185, 3, 566, '2016-02-11', '0000-00-00', '0000-00-00'),
(186, 3, 567, '2016-02-11', '0000-00-00', '0000-00-00'),
(187, 3, 568, '2016-02-11', '0000-00-00', '0000-00-00'),
(188, 3, 569, '2016-02-11', '0000-00-00', '0000-00-00'),
(189, 3, 570, '2016-02-11', '0000-00-00', '0000-00-00'),
(190, 3, 571, '2016-02-11', '0000-00-00', '0000-00-00'),
(191, 3, 572, '2016-02-11', '0000-00-00', '0000-00-00'),
(192, 3, 573, '2016-02-11', '0000-00-00', '0000-00-00'),
(193, 3, 574, '2016-02-11', '0000-00-00', '0000-00-00'),
(194, 4, 11, '2016-01-13', '0000-00-00', '0000-00-00'),
(195, 4, 12, '2016-01-13', '0000-00-00', '0000-00-00'),
(196, 4, 13, '2016-01-13', '0000-00-00', '0000-00-00'),
(197, 4, 14, '2016-01-13', '0000-00-00', '0000-00-00'),
(198, 4, 15, '0000-00-00', '0000-00-00', '0000-00-00'),
(199, 4, 16, '0000-00-00', '0000-00-00', '0000-00-00'),
(200, 4, 17, '0000-00-00', '0000-00-00', '0000-00-00'),
(201, 4, 18, '2016-01-13', '0000-00-00', '0000-00-00'),
(202, 4, 21, '2016-01-13', '0000-00-00', '0000-00-00'),
(203, 4, 22, '0000-00-00', '0000-00-00', '0000-00-00'),
(204, 4, 79, '2016-01-13', '0000-00-00', '0000-00-00'),
(205, 4, 80, '2016-01-13', '0000-00-00', '0000-00-00'),
(206, 4, 81, '2016-01-13', '0000-00-00', '0000-00-00'),
(207, 4, 83, '2016-01-13', '0000-00-00', '0000-00-00'),
(208, 4, 84, '2016-01-13', '0000-00-00', '0000-00-00'),
(209, 4, 85, '2016-01-13', '0000-00-00', '0000-00-00'),
(210, 4, 86, '2016-01-13', '0000-00-00', '0000-00-00'),
(211, 4, 87, '2016-01-13', '0000-00-00', '0000-00-00'),
(212, 4, 88, '2016-01-13', '0000-00-00', '0000-00-00'),
(213, 4, 163, '0000-00-00', '0000-00-00', '0000-00-00'),
(214, 4, 164, '0000-00-00', '0000-00-00', '0000-00-00'),
(215, 4, 165, '0000-00-00', '0000-00-00', '0000-00-00'),
(216, 4, 166, '0000-00-00', '0000-00-00', '0000-00-00'),
(217, 4, 167, '0000-00-00', '0000-00-00', '0000-00-00'),
(218, 4, 168, '0000-00-00', '0000-00-00', '0000-00-00'),
(219, 4, 169, '0000-00-00', '0000-00-00', '0000-00-00'),
(220, 4, 170, '0000-00-00', '0000-00-00', '0000-00-00'),
(221, 4, 171, '0000-00-00', '0000-00-00', '0000-00-00'),
(222, 4, 192, '0000-00-00', '0000-00-00', '0000-00-00'),
(223, 4, 193, '0000-00-00', '0000-00-00', '0000-00-00'),
(224, 4, 194, '0000-00-00', '0000-00-00', '0000-00-00'),
(225, 4, 195, '0000-00-00', '0000-00-00', '0000-00-00'),
(226, 4, 196, '0000-00-00', '0000-00-00', '0000-00-00'),
(227, 4, 197, '0000-00-00', '0000-00-00', '0000-00-00'),
(228, 4, 198, '0000-00-00', '0000-00-00', '0000-00-00'),
(229, 4, 199, '0000-00-00', '0000-00-00', '0000-00-00'),
(230, 4, 200, '0000-00-00', '0000-00-00', '0000-00-00'),
(231, 4, 201, '0000-00-00', '0000-00-00', '0000-00-00'),
(232, 4, 236, '2016-01-13', '0000-00-00', '0000-00-00'),
(233, 4, 237, '2016-01-13', '0000-00-00', '0000-00-00'),
(234, 4, 238, '2016-01-13', '0000-00-00', '0000-00-00'),
(235, 4, 241, '2016-01-13', '0000-00-00', '0000-00-00'),
(236, 4, 242, '2016-01-13', '0000-00-00', '0000-00-00'),
(237, 4, 243, '2016-01-13', '0000-00-00', '0000-00-00'),
(238, 4, 301, '2016-01-13', '0000-00-00', '0000-00-00'),
(239, 4, 302, '2016-01-13', '0000-00-00', '0000-00-00'),
(240, 4, 303, '2016-01-13', '0000-00-00', '0000-00-00'),
(241, 4, 304, '2016-01-13', '0000-00-00', '0000-00-00'),
(242, 4, 305, '2016-01-13', '0000-00-00', '0000-00-00'),
(243, 4, 309, '2016-01-13', '0000-00-00', '0000-00-00'),
(244, 4, 401, '2016-01-13', '0000-00-00', '0000-00-00'),
(245, 4, 402, '2016-01-13', '0000-00-00', '0000-00-00'),
(246, 4, 403, '2016-01-13', '0000-00-00', '0000-00-00'),
(247, 4, 404, '2016-01-13', '0000-00-00', '0000-00-00'),
(248, 4, 405, '2016-01-13', '0000-00-00', '0000-00-00'),
(249, 4, 406, '2016-01-13', '0000-00-00', '0000-00-00'),
(250, 4, 407, '2016-01-13', '0000-00-00', '0000-00-00'),
(251, 4, 408, '2016-01-13', '0000-00-00', '0000-00-00'),
(252, 4, 409, '2016-01-13', '0000-00-00', '0000-00-00'),
(253, 4, 483, '2016-01-13', '0000-00-00', '0000-00-00'),
(254, 4, 484, '2016-01-13', '0000-00-00', '0000-00-00'),
(255, 4, 485, '2016-01-13', '0000-00-00', '0000-00-00'),
(256, 4, 486, '2016-01-13', '0000-00-00', '0000-00-00'),
(257, 4, 487, '2016-01-13', '0000-00-00', '0000-00-00'),
(258, 4, 488, '2015-12-10', '2016-01-13', '0000-00-00'),
(259, 4, 489, '2015-12-10', '2016-01-13', '0000-00-00'),
(260, 4, 490, '2016-01-13', '0000-00-00', '0000-00-00'),
(261, 4, 491, '2016-01-13', '0000-00-00', '0000-00-00'),
(262, 4, 492, '2016-01-13', '0000-00-00', '0000-00-00'),
(263, 4, 566, '2016-01-13', '0000-00-00', '0000-00-00'),
(264, 4, 567, '2016-01-13', '0000-00-00', '0000-00-00'),
(265, 4, 568, '2016-01-13', '0000-00-00', '0000-00-00'),
(266, 4, 569, '2016-01-13', '0000-00-00', '0000-00-00'),
(267, 4, 570, '2016-01-13', '0000-00-00', '0000-00-00'),
(268, 4, 573, '2016-01-13', '0000-00-00', '0000-00-00'),
(269, 4, 1906, '0000-00-00', '0000-00-00', '0000-00-00'),
(270, 4, 1907, '0000-00-00', '0000-00-00', '0000-00-00'),
(271, 4, 1908, '0000-00-00', '0000-00-00', '0000-00-00'),
(272, 4, 1909, '0000-00-00', '0000-00-00', '0000-00-00'),
(273, 4, 1910, '0000-00-00', '0000-00-00', '0000-00-00'),
(274, 4, 1911, '0000-00-00', '0000-00-00', '0000-00-00'),
(275, 4, 1912, '0000-00-00', '0000-00-00', '0000-00-00'),
(276, 4, 1913, '0000-00-00', '0000-00-00', '0000-00-00'),
(277, 4, 1914, '0000-00-00', '0000-00-00', '0000-00-00'),
(278, 4, 1915, '0000-00-00', '0000-00-00', '0000-00-00'),
(279, 4, 1956, '0000-00-00', '0000-00-00', '0000-00-00'),
(280, 5, 44, '2015-10-13', '2016-01-13', '0000-00-00'),
(281, 5, 45, '0000-00-00', '2015-10-13', '2016-01-13'),
(282, 5, 46, '0000-00-00', '2015-10-13', '2016-01-13'),
(283, 5, 47, '0000-00-00', '2015-10-13', '2016-01-13'),
(284, 5, 48, '0000-00-00', '2015-10-13', '2016-01-13'),
(285, 5, 49, '2016-01-13', '0000-00-00', '0000-00-00'),
(286, 5, 50, '2016-01-13', '0000-00-00', '0000-00-00'),
(287, 5, 51, '2016-01-13', '0000-00-00', '0000-00-00'),
(288, 5, 109, '2015-10-13', '2016-01-13', '0000-00-00'),
(289, 5, 110, '2016-01-13', '0000-00-00', '0000-00-00'),
(290, 5, 113, '2016-01-13', '0000-00-00', '0000-00-00'),
(291, 5, 114, '2016-01-13', '0000-00-00', '0000-00-00'),
(292, 5, 116, '2015-10-13', '2016-01-13', '0000-00-00'),
(293, 5, 182, '0000-00-00', '2015-10-13', '2016-01-13'),
(294, 5, 183, '0000-00-00', '2015-10-13', '2016-01-13'),
(295, 5, 184, '2016-01-13', '0000-00-00', '0000-00-00'),
(296, 5, 185, '0000-00-00', '2015-10-13', '2016-01-13'),
(297, 5, 186, '0000-00-00', '2015-10-13', '2016-01-13'),
(298, 5, 187, '0000-00-00', '2015-10-13', '2016-01-13'),
(299, 5, 188, '0000-00-00', '2015-10-13', '2016-01-13'),
(300, 5, 189, '0000-00-00', '2015-10-13', '2016-01-13'),
(301, 5, 190, '0000-00-00', '2015-10-13', '2016-01-13'),
(302, 5, 191, '2016-01-13', '0000-00-00', '0000-00-00'),
(303, 5, 257, '2015-10-13', '2016-01-13', '0000-00-00'),
(304, 5, 258, '2015-10-13', '2016-01-13', '0000-00-00'),
(305, 5, 260, '0000-00-00', '2015-11-18', '0000-00-00'),
(306, 5, 261, '2015-10-13', '2016-01-13', '0000-00-00'),
(307, 5, 263, '2016-01-13', '0000-00-00', '0000-00-00'),
(308, 5, 264, '2016-01-13', '0000-00-00', '0000-00-00'),
(309, 5, 265, '2015-10-13', '2016-01-13', '0000-00-00'),
(310, 5, 331, '0000-00-00', '2015-10-13', '2016-01-13'),
(311, 5, 332, '0000-00-00', '2015-10-13', '2016-01-13'),
(312, 5, 333, '0000-00-00', '2015-10-13', '2016-01-13'),
(313, 5, 334, '0000-00-00', '2015-10-13', '2016-01-13'),
(314, 5, 335, '0000-00-00', '2015-10-13', '2016-01-13'),
(315, 5, 336, '2016-01-13', '0000-00-00', '0000-00-00'),
(316, 5, 337, '0000-00-00', '2015-10-13', '2016-01-13'),
(317, 5, 338, '2016-01-13', '0000-00-00', '0000-00-00'),
(318, 5, 339, '2016-01-13', '0000-00-00', '0000-00-00'),
(319, 5, 340, '2016-01-13', '0000-00-00', '0000-00-00'),
(320, 5, 420, '0000-00-00', '2015-11-18', '2016-01-13'),
(321, 5, 421, '2016-01-13', '0000-00-00', '0000-00-00'),
(322, 5, 422, '0000-00-00', '2015-11-18', '2016-01-13'),
(323, 5, 423, '0000-00-00', '2015-11-18', '2016-01-13'),
(324, 5, 424, '0000-00-00', '2015-11-18', '2016-01-13'),
(325, 5, 425, '0000-00-00', '2015-11-18', '2016-01-13'),
(326, 5, 426, '2016-01-13', '0000-00-00', '0000-00-00'),
(327, 5, 427, '0000-00-00', '2015-11-18', '2016-01-13'),
(328, 5, 428, '0000-00-00', '2015-11-18', '2016-01-13'),
(329, 5, 429, '0000-00-00', '2015-11-18', '2016-01-13'),
(330, 5, 493, '0000-00-00', '2016-01-13', '0000-00-00'),
(331, 5, 494, '0000-00-00', '2016-01-13', '0000-00-00'),
(332, 5, 495, '0000-00-00', '2015-11-18', '2016-01-13'),
(333, 5, 496, '0000-00-00', '2015-11-18', '2016-01-13'),
(334, 5, 502, '0000-00-00', '2015-10-13', '2016-01-13'),
(335, 5, 566, '0000-00-00', '2015-11-18', '2016-01-13'),
(336, 5, 567, '0000-00-00', '2015-11-18', '2016-01-13'),
(337, 5, 568, '2016-01-13', '0000-00-00', '0000-00-00'),
(338, 5, 569, '2016-01-13', '0000-00-00', '0000-00-00'),
(339, 5, 570, '0000-00-00', '2015-11-18', '2016-01-13'),
(340, 6, 13, '2016-02-11', '0000-00-00', '0000-00-00'),
(341, 6, 14, '2016-02-11', '0000-00-00', '0000-00-00'),
(342, 6, 18, '2016-02-11', '0000-00-00', '0000-00-00'),
(343, 6, 22, '2016-02-11', '0000-00-00', '0000-00-00'),
(344, 6, 79, '2016-02-11', '0000-00-00', '0000-00-00'),
(345, 6, 80, '2016-02-11', '0000-00-00', '0000-00-00'),
(346, 6, 81, '2016-02-11', '0000-00-00', '0000-00-00'),
(347, 6, 83, '2016-02-11', '0000-00-00', '0000-00-00'),
(348, 6, 84, '2016-02-11', '0000-00-00', '0000-00-00'),
(349, 6, 85, '2016-02-11', '0000-00-00', '0000-00-00'),
(350, 6, 86, '2016-02-11', '0000-00-00', '0000-00-00'),
(351, 6, 87, '2016-02-11', '0000-00-00', '0000-00-00'),
(352, 6, 88, '2016-02-11', '0000-00-00', '0000-00-00'),
(353, 6, 172, '0000-00-00', '2016-02-11', '0000-00-00'),
(354, 6, 173, '0000-00-00', '2016-02-11', '0000-00-00'),
(355, 6, 174, '0000-00-00', '2016-02-11', '0000-00-00'),
(356, 6, 175, '0000-00-00', '2016-02-11', '0000-00-00'),
(357, 6, 176, '0000-00-00', '2016-02-11', '0000-00-00'),
(358, 6, 177, '0000-00-00', '2016-02-11', '0000-00-00'),
(359, 6, 179, '0000-00-00', '2016-02-11', '0000-00-00'),
(360, 6, 180, '0000-00-00', '2016-02-11', '0000-00-00'),
(361, 6, 247, '0000-00-00', '2016-02-11', '0000-00-00'),
(362, 6, 248, '2016-02-11', '0000-00-00', '0000-00-00'),
(363, 6, 249, '2016-02-11', '0000-00-00', '0000-00-00'),
(364, 6, 250, '2016-02-11', '0000-00-00', '0000-00-00'),
(365, 6, 251, '2016-02-11', '0000-00-00', '0000-00-00'),
(366, 6, 253, '2016-02-11', '0000-00-00', '0000-00-00'),
(367, 6, 321, '2016-02-11', '0000-00-00', '0000-00-00'),
(368, 6, 323, '2016-02-11', '0000-00-00', '0000-00-00'),
(369, 6, 325, '2016-02-11', '0000-00-00', '0000-00-00'),
(370, 6, 327, '2016-02-11', '0000-00-00', '0000-00-00'),
(371, 6, 328, '2016-02-11', '0000-00-00', '0000-00-00'),
(372, 6, 329, '2016-02-11', '0000-00-00', '0000-00-00'),
(373, 6, 330, '2016-02-11', '0000-00-00', '0000-00-00'),
(374, 6, 410, '2016-02-11', '0000-00-00', '0000-00-00'),
(375, 6, 411, '2016-02-11', '0000-00-00', '0000-00-00'),
(376, 6, 413, '2016-02-11', '0000-00-00', '0000-00-00'),
(377, 6, 416, '2016-02-11', '0000-00-00', '0000-00-00'),
(378, 6, 483, '0000-00-00', '0000-00-00', '0000-00-00'),
(379, 6, 484, '0000-00-00', '0000-00-00', '0000-00-00'),
(380, 6, 485, '0000-00-00', '0000-00-00', '0000-00-00'),
(381, 6, 486, '0000-00-00', '0000-00-00', '0000-00-00'),
(382, 6, 487, '0000-00-00', '0000-00-00', '0000-00-00'),
(383, 6, 488, '2016-02-11', '0000-00-00', '0000-00-00'),
(384, 6, 489, '2016-02-11', '0000-00-00', '0000-00-00'),
(385, 6, 490, '2016-02-11', '0000-00-00', '0000-00-00'),
(386, 6, 491, '2016-02-11', '0000-00-00', '0000-00-00'),
(387, 6, 492, '2016-02-11', '0000-00-00', '0000-00-00'),
(388, 6, 566, '2016-02-11', '0000-00-00', '0000-00-00'),
(389, 6, 567, '2016-02-11', '0000-00-00', '0000-00-00'),
(390, 6, 568, '2016-02-11', '0000-00-00', '0000-00-00'),
(391, 6, 570, '2016-02-11', '0000-00-00', '0000-00-00'),
(392, 6, 572, '2016-02-11', '0000-00-00', '0000-00-00'),
(393, 7, 11, '0000-00-00', '2015-10-13', '0000-00-00'),
(394, 7, 12, '0000-00-00', '2015-10-13', '0000-00-00'),
(395, 7, 13, '0000-00-00', '2015-10-13', '0000-00-00'),
(396, 7, 15, '0000-00-00', '2016-01-12', '0000-00-00'),
(397, 7, 16, '0000-00-00', '2016-01-12', '0000-00-00'),
(398, 7, 18, '0000-00-00', '2015-10-13', '0000-00-00'),
(399, 7, 21, '0000-00-00', '2016-01-12', '0000-00-00'),
(400, 7, 99, '0000-00-00', '2015-10-13', '0000-00-00'),
(401, 7, 100, '0000-00-00', '2015-10-13', '0000-00-00'),
(402, 7, 101, '0000-00-00', '2016-01-12', '0000-00-00'),
(403, 7, 102, '0000-00-00', '2016-01-12', '0000-00-00'),
(404, 7, 103, '0000-00-00', '2016-01-12', '0000-00-00'),
(405, 7, 106, '0000-00-00', '2015-10-13', '0000-00-00'),
(406, 7, 185, '0000-00-00', '2015-09-07', '2015-10-13'),
(407, 7, 186, '0000-00-00', '0000-00-00', '2015-10-13'),
(408, 7, 247, '0000-00-00', '2015-10-13', '0000-00-00'),
(409, 7, 249, '0000-00-00', '2016-01-12', '0000-00-00'),
(410, 7, 250, '0000-00-00', '2015-10-13', '0000-00-00'),
(411, 7, 251, '0000-00-00', '2016-01-12', '0000-00-00'),
(412, 7, 253, '0000-00-00', '2015-10-13', '0000-00-00'),
(413, 7, 321, '0000-00-00', '2015-10-13', '0000-00-00'),
(414, 7, 322, '0000-00-00', '2015-10-13', '0000-00-00'),
(415, 7, 323, '0000-00-00', '2015-10-13', '0000-00-00'),
(416, 7, 324, '0000-00-00', '2015-10-13', '0000-00-00'),
(417, 7, 325, '0000-00-00', '2015-10-13', '0000-00-00'),
(418, 7, 326, '0000-00-00', '2016-01-12', '0000-00-00'),
(419, 7, 327, '0000-00-00', '2015-10-13', '0000-00-00'),
(420, 7, 328, '0000-00-00', '2015-10-13', '0000-00-00'),
(421, 7, 329, '0000-00-00', '2016-01-12', '0000-00-00'),
(422, 7, 330, '0000-00-00', '2016-01-12', '0000-00-00'),
(423, 7, 410, '0000-00-00', '2015-10-13', '0000-00-00'),
(424, 7, 411, '0000-00-00', '2016-01-12', '0000-00-00'),
(425, 7, 412, '0000-00-00', '2016-01-12', '0000-00-00'),
(426, 7, 413, '0000-00-00', '2016-01-12', '0000-00-00'),
(427, 7, 414, '0000-00-00', '2015-10-13', '0000-00-00'),
(428, 7, 415, '0000-00-00', '2016-01-12', '0000-00-00'),
(429, 7, 416, '0000-00-00', '2016-01-12', '0000-00-00'),
(430, 7, 417, '0000-00-00', '2015-10-13', '0000-00-00'),
(431, 7, 419, '0000-00-00', '2016-01-12', '0000-00-00'),
(432, 7, 493, '0000-00-00', '2015-10-13', '0000-00-00'),
(433, 7, 494, '0000-00-00', '2015-10-13', '0000-00-00'),
(434, 7, 495, '0000-00-00', '2015-10-13', '0000-00-00'),
(435, 7, 496, '0000-00-00', '2015-10-13', '0000-00-00'),
(436, 7, 502, '0000-00-00', '2016-01-12', '0000-00-00'),
(437, 7, 566, '0000-00-00', '2015-10-13', '0000-00-00'),
(438, 7, 567, '0000-00-00', '2015-10-13', '0000-00-00'),
(439, 7, 568, '0000-00-00', '2016-01-12', '0000-00-00'),
(440, 7, 570, '0000-00-00', '2015-10-13', '0000-00-00'),
(441, 7, 571, '0000-00-00', '2015-10-13', '0000-00-00'),
(442, 7, 572, '0000-00-00', '2016-01-12', '0000-00-00'),
(443, 7, 573, '0000-00-00', '2016-01-12', '0000-00-00'),
(444, 7, 574, '0000-00-00', '2016-01-12', '0000-00-00'),
(445, 7, 575, '0000-00-00', '2016-01-12', '0000-00-00'),
(446, 8, 11, '0000-00-00', '2016-02-02', '0000-00-00'),
(447, 8, 12, '0000-00-00', '2016-02-02', '0000-00-00'),
(448, 8, 13, '0000-00-00', '2016-02-02', '0000-00-00'),
(449, 8, 14, '0000-00-00', '2016-02-02', '0000-00-00'),
(450, 8, 15, '0000-00-00', '2016-02-02', '0000-00-00'),
(451, 8, 16, '0000-00-00', '2016-02-02', '0000-00-00'),
(452, 8, 17, '0000-00-00', '2016-02-02', '0000-00-00'),
(453, 8, 18, '0000-00-00', '2016-02-02', '0000-00-00'),
(454, 8, 21, '0000-00-00', '2016-02-02', '0000-00-00'),
(455, 8, 22, '0000-00-00', '2016-02-02', '0000-00-00'),
(456, 8, 99, '0000-00-00', '0000-00-00', '2016-02-02'),
(457, 8, 100, '0000-00-00', '0000-00-00', '2016-02-02'),
(458, 8, 101, '0000-00-00', '0000-00-00', '2016-02-02'),
(459, 8, 102, '0000-00-00', '0000-00-00', '2016-02-02'),
(460, 8, 103, '0000-00-00', '0000-00-00', '2016-02-02'),
(461, 8, 104, '0000-00-00', '0000-00-00', '2016-02-02'),
(462, 8, 105, '0000-00-00', '0000-00-00', '2016-02-02'),
(463, 8, 106, '0000-00-00', '0000-00-00', '2016-02-02'),
(464, 8, 107, '0000-00-00', '0000-00-00', '2016-02-02'),
(465, 8, 108, '0000-00-00', '0000-00-00', '2016-02-02'),
(466, 8, 172, '0000-00-00', '0000-00-00', '2016-02-02'),
(467, 8, 173, '0000-00-00', '0000-00-00', '2016-02-02'),
(468, 8, 174, '0000-00-00', '0000-00-00', '2016-02-02'),
(469, 8, 175, '0000-00-00', '0000-00-00', '2016-02-02'),
(470, 8, 176, '0000-00-00', '0000-00-00', '2016-02-02'),
(471, 8, 177, '0000-00-00', '0000-00-00', '2016-02-02'),
(472, 8, 178, '0000-00-00', '0000-00-00', '2016-02-02'),
(473, 8, 179, '0000-00-00', '0000-00-00', '2016-02-02'),
(474, 8, 180, '0000-00-00', '0000-00-00', '2016-02-02'),
(475, 8, 181, '0000-00-00', '0000-00-00', '2016-02-02'),
(476, 8, 247, '0000-00-00', '2016-02-02', '0000-00-00'),
(477, 8, 248, '0000-00-00', '2016-02-02', '0000-00-00'),
(478, 8, 249, '0000-00-00', '2016-02-02', '0000-00-00'),
(479, 8, 250, '0000-00-00', '2016-02-02', '0000-00-00'),
(480, 8, 251, '0000-00-00', '2016-02-02', '0000-00-00'),
(481, 8, 252, '0000-00-00', '2016-02-02', '0000-00-00'),
(482, 8, 253, '0000-00-00', '2016-02-02', '0000-00-00'),
(483, 8, 254, '0000-00-00', '2016-02-02', '0000-00-00'),
(484, 8, 255, '0000-00-00', '2016-02-02', '0000-00-00'),
(485, 8, 256, '0000-00-00', '2016-02-02', '0000-00-00'),
(486, 8, 321, '0000-00-00', '0000-00-00', '2016-02-02'),
(487, 8, 322, '0000-00-00', '0000-00-00', '2016-02-02'),
(488, 8, 323, '0000-00-00', '0000-00-00', '2016-02-02'),
(489, 8, 324, '0000-00-00', '0000-00-00', '2016-02-02'),
(490, 8, 325, '0000-00-00', '0000-00-00', '2016-02-02'),
(491, 8, 326, '0000-00-00', '0000-00-00', '2016-02-02'),
(492, 8, 410, '0000-00-00', '0000-00-00', '2016-02-02'),
(493, 8, 411, '0000-00-00', '0000-00-00', '2016-02-02'),
(494, 8, 412, '0000-00-00', '0000-00-00', '2016-02-02'),
(495, 8, 413, '0000-00-00', '0000-00-00', '2016-02-02'),
(496, 8, 414, '0000-00-00', '0000-00-00', '2016-02-02'),
(497, 8, 415, '0000-00-00', '0000-00-00', '2016-02-02'),
(498, 8, 416, '0000-00-00', '0000-00-00', '2016-02-02'),
(499, 8, 503, '0000-00-00', '2016-02-02', '0000-00-00'),
(500, 8, 504, '0000-00-00', '2016-02-02', '0000-00-00'),
(501, 8, 505, '0000-00-00', '2016-02-02', '0000-00-00'),
(502, 8, 506, '0000-00-00', '2016-02-02', '0000-00-00'),
(503, 8, 507, '0000-00-00', '2016-02-02', '0000-00-00'),
(504, 8, 508, '0000-00-00', '2016-02-02', '0000-00-00'),
(505, 8, 509, '0000-00-00', '2016-02-02', '0000-00-00'),
(506, 8, 510, '0000-00-00', '2016-02-02', '0000-00-00'),
(507, 8, 511, '0000-00-00', '2016-02-02', '0000-00-00'),
(508, 8, 512, '0000-00-00', '2016-02-02', '0000-00-00'),
(509, 8, 576, '0000-00-00', '0000-00-00', '2016-02-02'),
(510, 8, 577, '0000-00-00', '0000-00-00', '2016-02-02'),
(511, 8, 578, '0000-00-00', '0000-00-00', '2016-02-02'),
(512, 8, 579, '0000-00-00', '0000-00-00', '2016-02-02'),
(513, 8, 580, '0000-00-00', '2016-02-02', '0000-00-00'),
(514, 8, 581, '0000-00-00', '2016-02-02', '0000-00-00'),
(515, 9, 11, '0000-00-00', '2016-01-13', '0000-00-00'),
(516, 9, 12, '0000-00-00', '2016-01-13', '0000-00-00'),
(517, 9, 13, '0000-00-00', '2016-01-13', '0000-00-00'),
(518, 9, 14, '0000-00-00', '2016-01-13', '0000-00-00'),
(519, 9, 15, '0000-00-00', '2016-01-13', '0000-00-00'),
(520, 9, 16, '2016-01-13', '0000-00-00', '0000-00-00'),
(521, 9, 17, '2016-01-13', '0000-00-00', '0000-00-00'),
(522, 9, 18, '2016-01-13', '0000-00-00', '0000-00-00'),
(523, 9, 21, '0000-00-00', '2016-01-13', '0000-00-00'),
(524, 9, 22, '0000-00-00', '2016-01-13', '0000-00-00'),
(525, 9, 99, '0000-00-00', '2016-01-13', '0000-00-00'),
(526, 9, 100, '0000-00-00', '0000-00-00', '2016-01-13'),
(527, 9, 101, '0000-00-00', '2016-01-13', '0000-00-00'),
(528, 9, 102, '0000-00-00', '0000-00-00', '2016-01-13'),
(529, 9, 103, '0000-00-00', '2016-01-13', '0000-00-00'),
(530, 9, 104, '0000-00-00', '2016-01-13', '0000-00-00'),
(531, 9, 105, '0000-00-00', '2016-01-13', '0000-00-00'),
(532, 9, 106, '0000-00-00', '2016-01-13', '0000-00-00'),
(533, 9, 107, '0000-00-00', '2016-01-13', '0000-00-00'),
(534, 9, 108, '0000-00-00', '2016-01-13', '0000-00-00'),
(535, 9, 172, '0000-00-00', '0000-00-00', '2016-01-13'),
(536, 9, 173, '0000-00-00', '0000-00-00', '2016-01-13'),
(537, 9, 174, '2016-01-13', '0000-00-00', '0000-00-00'),
(538, 9, 175, '0000-00-00', '0000-00-00', '2016-01-13'),
(539, 9, 176, '0000-00-00', '0000-00-00', '2016-01-13'),
(540, 9, 177, '0000-00-00', '0000-00-00', '2016-01-13'),
(541, 9, 178, '0000-00-00', '0000-00-00', '2016-01-13'),
(542, 9, 179, '0000-00-00', '0000-00-00', '2016-01-13'),
(543, 9, 180, '0000-00-00', '0000-00-00', '2016-01-13'),
(544, 9, 181, '2016-01-13', '0000-00-00', '0000-00-00'),
(545, 9, 247, '2016-01-13', '0000-00-00', '0000-00-00'),
(546, 9, 248, '2016-01-13', '0000-00-00', '0000-00-00'),
(547, 9, 249, '2016-01-13', '0000-00-00', '0000-00-00'),
(548, 9, 250, '2016-01-13', '0000-00-00', '0000-00-00'),
(549, 9, 251, '2016-01-13', '0000-00-00', '0000-00-00'),
(550, 9, 252, '2016-01-13', '0000-00-00', '0000-00-00'),
(551, 9, 253, '2016-01-13', '0000-00-00', '0000-00-00'),
(552, 9, 254, '2016-01-13', '0000-00-00', '0000-00-00'),
(553, 9, 255, '2016-01-13', '0000-00-00', '0000-00-00'),
(554, 9, 256, '2016-01-13', '0000-00-00', '0000-00-00'),
(555, 9, 321, '0000-00-00', '2016-01-13', '0000-00-00'),
(556, 9, 322, '0000-00-00', '2016-01-13', '0000-00-00'),
(557, 9, 323, '0000-00-00', '2016-01-13', '0000-00-00'),
(558, 9, 324, '0000-00-00', '2016-01-13', '0000-00-00'),
(559, 9, 325, '0000-00-00', '2016-01-13', '0000-00-00'),
(560, 9, 326, '0000-00-00', '2016-01-13', '0000-00-00'),
(561, 9, 327, '0000-00-00', '2016-01-13', '0000-00-00'),
(562, 9, 328, '0000-00-00', '2016-01-13', '0000-00-00'),
(563, 9, 329, '0000-00-00', '2016-01-13', '0000-00-00'),
(564, 9, 330, '0000-00-00', '2016-01-13', '0000-00-00'),
(565, 9, 410, '0000-00-00', '2016-01-13', '0000-00-00'),
(566, 9, 411, '0000-00-00', '2016-01-13', '0000-00-00'),
(567, 9, 412, '0000-00-00', '2016-01-13', '0000-00-00'),
(568, 9, 413, '0000-00-00', '2016-01-13', '0000-00-00'),
(569, 9, 414, '0000-00-00', '2016-01-13', '0000-00-00'),
(570, 9, 415, '0000-00-00', '2016-01-13', '0000-00-00'),
(571, 9, 416, '0000-00-00', '2016-01-13', '0000-00-00'),
(572, 9, 417, '0000-00-00', '2016-01-13', '0000-00-00'),
(573, 9, 418, '0000-00-00', '2016-01-13', '0000-00-00'),
(574, 9, 419, '0000-00-00', '2016-01-13', '0000-00-00'),
(575, 9, 503, '2015-11-09', '2015-12-14', '2016-01-13'),
(576, 9, 504, '2015-11-09', '2015-12-14', '2016-01-13'),
(577, 9, 505, '2015-11-09', '2015-12-14', '2016-01-13'),
(578, 9, 506, '0000-00-00', '0000-00-00', '2016-01-13'),
(579, 9, 507, '0000-00-00', '0000-00-00', '2016-01-13'),
(580, 9, 508, '0000-00-00', '0000-00-00', '2016-01-13'),
(581, 9, 509, '2016-01-13', '0000-00-00', '0000-00-00'),
(582, 9, 510, '2016-01-13', '0000-00-00', '0000-00-00'),
(583, 9, 511, '2016-01-13', '0000-00-00', '0000-00-00'),
(584, 9, 512, '0000-00-00', '2016-01-13', '0000-00-00'),
(585, 9, 576, '0000-00-00', '2016-01-13', '0000-00-00'),
(586, 9, 577, '0000-00-00', '2016-01-13', '0000-00-00'),
(587, 9, 578, '0000-00-00', '2016-01-13', '0000-00-00'),
(588, 9, 579, '0000-00-00', '2016-01-13', '0000-00-00'),
(589, 9, 580, '0000-00-00', '2016-01-13', '0000-00-00'),
(590, 9, 581, '0000-00-00', '2016-01-13', '0000-00-00'),
(591, 9, 582, '0000-00-00', '2016-01-13', '0000-00-00'),
(592, 9, 583, '0000-00-00', '2016-01-13', '0000-00-00'),
(593, 9, 584, '0000-00-00', '2016-01-13', '0000-00-00'),
(594, 9, 585, '0000-00-00', '2016-01-13', '0000-00-00'),
(595, 10, 11, '0000-00-00', '0000-00-00', '2015-07-07'),
(596, 10, 13, '0000-00-00', '0000-00-00', '2015-07-07'),
(597, 10, 14, '0000-00-00', '0000-00-00', '2015-07-07'),
(598, 10, 15, '0000-00-00', '0000-00-00', '2015-07-07'),
(599, 10, 17, '0000-00-00', '0000-00-00', '2015-07-07'),
(600, 10, 18, '0000-00-00', '0000-00-00', '2015-07-07'),
(601, 10, 22, '2015-10-12', '0000-00-00', '0000-00-00'),
(602, 10, 89, '0000-00-00', '0000-00-00', '2015-07-07'),
(603, 10, 91, '0000-00-00', '2015-07-07', '2015-10-19'),
(604, 10, 95, '0000-00-00', '0000-00-00', '2015-07-07'),
(605, 10, 96, '0000-00-00', '0000-00-00', '2015-07-07'),
(606, 10, 172, '0000-00-00', '2015-07-07', '2015-10-19'),
(607, 10, 173, '0000-00-00', '2015-07-07', '2015-10-19'),
(608, 10, 177, '0000-00-00', '0000-00-00', '2015-07-07'),
(609, 10, 180, '0000-00-00', '0000-00-00', '2015-07-07'),
(610, 10, 181, '0000-00-00', '0000-00-00', '2015-07-07'),
(611, 10, 247, '0000-00-00', '0000-00-00', '2015-07-07'),
(612, 10, 249, '0000-00-00', '0000-00-00', '2015-07-07'),
(613, 10, 250, '0000-00-00', '0000-00-00', '2015-07-07'),
(614, 10, 251, '0000-00-00', '2015-07-07', '2015-09-12'),
(615, 10, 253, '0000-00-00', '0000-00-00', '2015-07-07'),
(616, 10, 322, '0000-00-00', '0000-00-00', '2015-07-07'),
(617, 10, 323, '0000-00-00', '0000-00-00', '2015-07-07'),
(618, 10, 328, '2015-10-19', '0000-00-00', '0000-00-00'),
(619, 10, 423, '2015-10-12', '0000-00-00', '0000-00-00'),
(620, 10, 493, '2015-07-07', '0000-00-00', '0000-00-00'),
(621, 10, 494, '0000-00-00', '2015-07-07', '2015-10-09'),
(622, 10, 501, '0000-00-00', '0000-00-00', '2015-07-07'),
(623, 10, 566, '2015-10-20', '0000-00-00', '0000-00-00'),
(624, 10, 567, '2015-10-12', '0000-00-00', '0000-00-00'),
(625, 11, 11, '2015-10-12', '0000-00-00', '0000-00-00'),
(626, 11, 13, '0000-00-00', '0000-00-00', '2015-07-16'),
(627, 11, 18, '0000-00-00', '0000-00-00', '2015-07-16'),
(628, 11, 21, '0000-00-00', '0000-00-00', '2015-07-16'),
(629, 11, 101, '2015-10-13', '0000-00-00', '0000-00-00'),
(630, 11, 102, '2015-09-15', '2015-10-20', '0000-00-00'),
(631, 11, 105, '0000-00-00', '0000-00-00', '2015-07-16'),
(632, 11, 106, '0000-00-00', '0000-00-00', '2015-07-16'),
(633, 11, 182, '0000-00-00', '0000-00-00', '2015-07-16'),
(634, 11, 183, '0000-00-00', '0000-00-00', '2015-07-16'),
(635, 11, 184, '2015-10-21', '0000-00-00', '0000-00-00'),
(636, 11, 185, '0000-00-00', '0000-00-00', '2015-07-16'),
(637, 11, 186, '0000-00-00', '0000-00-00', '2015-07-16'),
(638, 11, 189, '0000-00-00', '0000-00-00', '2015-07-16'),
(639, 11, 190, '0000-00-00', '0000-00-00', '2015-07-16'),
(640, 11, 191, '0000-00-00', '0000-00-00', '2015-07-16'),
(641, 11, 247, '0000-00-00', '0000-00-00', '2015-07-16'),
(642, 11, 249, '0000-00-00', '0000-00-00', '2015-07-16'),
(643, 11, 251, '0000-00-00', '0000-00-00', '2015-07-16'),
(644, 11, 253, '0000-00-00', '0000-00-00', '2015-07-16'),
(645, 11, 254, '2015-10-19', '0000-00-00', '0000-00-00'),
(646, 11, 322, '0000-00-00', '0000-00-00', '2015-07-16'),
(647, 11, 323, '0000-00-00', '0000-00-00', '2015-07-16'),
(648, 11, 324, '2015-10-12', '0000-00-00', '0000-00-00'),
(649, 11, 326, '0000-00-00', '0000-00-00', '2015-07-16'),
(650, 11, 420, '0000-00-00', '0000-00-00', '2015-07-16'),
(651, 11, 421, '2015-10-12', '0000-00-00', '0000-00-00'),
(652, 11, 427, '0000-00-00', '0000-00-00', '2015-07-16'),
(653, 11, 428, '0000-00-00', '0000-00-00', '2015-07-16'),
(654, 11, 429, '0000-00-00', '0000-00-00', '2015-07-16'),
(655, 11, 494, '0000-00-00', '2015-07-16', '2015-10-19'),
(656, 11, 497, '0000-00-00', '0000-00-00', '2015-07-16'),
(657, 11, 500, '2015-10-20', '0000-00-00', '0000-00-00'),
(658, 11, 501, '0000-00-00', '0000-00-00', '2015-07-16'),
(659, 11, 502, '2015-09-16', '0000-00-00', '0000-00-00'),
(660, 11, 576, '0000-00-00', '0000-00-00', '2015-07-16'),
(661, 11, 579, '0000-00-00', '0000-00-00', '2015-07-16'),
(662, 11, 580, '0000-00-00', '0000-00-00', '2015-07-16'),
(663, 11, 582, '0000-00-00', '0000-00-00', '2015-07-16'),
(664, 11, 583, '2015-10-16', '0000-00-00', '0000-00-00'),
(665, 11, 584, '0000-00-00', '0000-00-00', '2015-07-16'),
(666, 12, 11, '2015-10-22', '0000-00-00', '0000-00-00'),
(667, 12, 15, '0000-00-00', '0000-00-00', '2015-07-07'),
(668, 12, 17, '2015-07-07', '0000-00-00', '0000-00-00'),
(669, 12, 18, '2015-07-07', '0000-00-00', '0000-00-00'),
(670, 12, 21, '2015-07-07', '0000-00-00', '0000-00-00'),
(671, 12, 91, '0000-00-00', '2015-07-07', '0000-00-00'),
(672, 12, 92, '2015-10-22', '0000-00-00', '0000-00-00'),
(673, 12, 94, '2015-10-22', '0000-00-00', '0000-00-00'),
(674, 12, 95, '0000-00-00', '0000-00-00', '2015-07-07'),
(675, 12, 96, '0000-00-00', '0000-00-00', '2015-07-07'),
(676, 12, 163, '0000-00-00', '2015-07-07', '2015-10-12'),
(677, 12, 238, '0000-00-00', '0000-00-00', '2015-07-07'),
(678, 12, 242, '0000-00-00', '0000-00-00', '2015-07-07'),
(679, 12, 245, '2015-10-19', '0000-00-00', '0000-00-00'),
(680, 12, 311, '2015-07-07', '2015-10-12', '0000-00-00'),
(681, 12, 410, '2015-10-14', '0000-00-00', '0000-00-00'),
(682, 12, 414, '0000-00-00', '0000-00-00', '2015-07-07'),
(683, 12, 489, '2015-07-07', '2015-10-19', '0000-00-00'),
(684, 12, 490, '2015-07-07', '0000-00-00', '0000-00-00'),
(685, 12, 566, '2015-10-01', '2015-12-09', '2016-02-04'),
(686, 12, 567, '2015-10-19', '2015-12-17', '2016-01-28'),
(687, 12, 568, '2015-10-01', '2015-11-26', '2016-01-29'),
(688, 12, 569, '2015-10-20', '2015-12-10', '0000-00-00'),
(689, 12, 570, '0000-00-00', '0000-00-00', '2015-07-07'),
(690, 12, 571, '2015-09-11', '2015-09-19', '2015-10-01'),
(691, 12, 572, '2015-09-30', '2015-10-21', '2015-12-15'),
(692, 12, 573, '2015-09-23', '2015-10-02', '2016-02-11'),
(693, 12, 575, '2015-10-02', '2016-01-25', '0000-00-00'),
(694, 13, 24, '0000-00-00', '0000-00-00', '2015-07-07'),
(695, 13, 25, '2015-09-16', '2015-09-30', '2015-10-13'),
(696, 13, 26, '2015-11-30', '2015-12-07', '2015-12-15'),
(697, 13, 27, '2015-11-02', '2015-11-09', '2015-12-03'),
(698, 13, 28, '2015-11-01', '2015-12-11', '2016-01-05'),
(699, 13, 30, '2015-09-29', '2015-10-06', '2015-10-13'),
(700, 13, 31, '2015-11-26', '2015-12-09', '2015-12-17'),
(701, 13, 32, '2016-01-07', '2016-01-14', '2016-02-04'),
(702, 13, 33, '2016-01-05', '2016-01-11', '2016-02-12'),
(703, 13, 109, '0000-00-00', '0000-00-00', '2015-07-07'),
(704, 13, 110, '2015-09-10', '2015-12-09', '2015-12-17'),
(705, 13, 111, '2015-09-29', '2015-11-25', '2015-12-02'),
(706, 13, 112, '2015-11-27', '2015-12-01', '2015-12-08'),
(707, 13, 113, '2015-12-07', '2015-12-15', '2015-12-17'),
(708, 13, 114, '0000-00-00', '0000-00-00', '2015-07-07'),
(709, 13, 115, '2015-11-02', '2015-11-12', '2015-12-14'),
(710, 13, 116, '2015-09-18', '2015-10-01', '2015-10-20'),
(711, 13, 117, '2016-02-03', '0000-00-00', '0000-00-00'),
(712, 13, 118, '2016-01-05', '0000-00-00', '0000-00-00'),
(713, 13, 172, '0000-00-00', '0000-00-00', '2015-07-07'),
(714, 13, 173, '0000-00-00', '0000-00-00', '2015-07-07'),
(715, 13, 174, '2015-12-07', '2015-12-14', '2016-01-08'),
(716, 13, 175, '0000-00-00', '0000-00-00', '2015-07-07'),
(717, 13, 176, '2015-10-22', '0000-00-00', '0000-00-00'),
(718, 13, 177, '0000-00-00', '0000-00-00', '2015-07-07'),
(719, 13, 178, '2015-09-16', '2015-10-01', '2015-11-26'),
(720, 13, 179, '2015-12-15', '2016-01-13', '2016-01-27'),
(721, 13, 180, '2015-07-07', '2015-10-22', '2015-12-17'),
(722, 13, 181, '2016-02-10', '0000-00-00', '0000-00-00'),
(723, 13, 249, '2015-07-07', '2015-10-19', '2015-12-07'),
(724, 13, 250, '0000-00-00', '2015-07-07', '2016-01-05'),
(725, 13, 253, '0000-00-00', '0000-00-00', '2015-07-07'),
(726, 13, 322, '0000-00-00', '0000-00-00', '2015-07-07'),
(727, 13, 323, '0000-00-00', '0000-00-00', '2015-07-07'),
(728, 13, 324, '2015-10-19', '0000-00-00', '0000-00-00'),
(729, 13, 327, '0000-00-00', '0000-00-00', '2015-07-07'),
(730, 13, 328, '0000-00-00', '0000-00-00', '2015-07-07'),
(731, 13, 420, '0000-00-00', '0000-00-00', '2015-07-07'),
(732, 13, 423, '2015-09-08', '2015-09-15', '2015-10-19'),
(733, 13, 427, '0000-00-00', '0000-00-00', '2015-07-07'),
(734, 13, 428, '0000-00-00', '0000-00-00', '2015-07-07'),
(735, 13, 429, '0000-00-00', '0000-00-00', '2015-07-07'),
(736, 13, 503, '0000-00-00', '0000-00-00', '2015-07-07'),
(737, 13, 504, '0000-00-00', '0000-00-00', '2015-07-07'),
(738, 13, 505, '2015-09-16', '2015-09-30', '2015-10-13'),
(739, 13, 506, '2015-11-03', '2015-11-12', '2015-11-16'),
(740, 13, 507, '2015-07-07', '2015-09-16', '2015-09-30'),
(741, 13, 508, '2015-11-12', '2015-11-25', '2015-12-09'),
(742, 13, 509, '2015-10-06', '2015-11-26', '2015-12-08'),
(743, 13, 510, '2015-11-11', '2015-12-10', '2015-12-17'),
(744, 13, 511, '2015-09-07', '2015-10-01', '2015-12-17'),
(745, 13, 512, '2015-11-26', '2015-12-09', '2016-01-05'),
(746, 13, 586, '2015-10-09', '2015-12-16', '2015-01-29'),
(747, 13, 587, '2015-10-02', '2015-10-16', '2015-11-26'),
(748, 13, 588, '2015-07-07', '2015-10-14', '2015-10-21'),
(749, 13, 589, '2015-07-07', '2015-09-30', '2015-10-14'),
(750, 13, 590, '0000-00-00', '0000-00-00', '2015-07-07'),
(751, 13, 591, '2015-10-01', '2015-11-06', '2015-11-12'),
(752, 13, 592, '2015-11-11', '2015-12-16', '2016-01-08'),
(753, 13, 593, '2015-12-09', '2015-12-14', '2016-01-25'),
(754, 13, 594, '2015-10-02', '2015-11-11', '2015-11-20'),
(755, 13, 595, '2015-12-08', '2015-12-14', '2016-01-29'),
(756, 14, 24, '2015-10-12', '0000-00-00', '0000-00-00'),
(757, 14, 27, '0000-00-00', '0000-00-00', '2015-07-16'),
(758, 14, 30, '0000-00-00', '0000-00-00', '2015-07-16'),
(759, 14, 31, '2015-10-09', '0000-00-00', '0000-00-00'),
(760, 14, 32, '0000-00-00', '0000-00-00', '2015-07-16'),
(761, 14, 33, '0000-00-00', '0000-00-00', '2015-07-16'),
(762, 14, 109, '0000-00-00', '0000-00-00', '2015-07-16'),
(763, 14, 113, '2015-10-21', '0000-00-00', '0000-00-00'),
(764, 14, 114, '0000-00-00', '0000-00-00', '2015-07-16'),
(765, 14, 116, '0000-00-00', '0000-00-00', '2015-07-16'),
(766, 14, 163, '0000-00-00', '0000-00-00', '2015-07-16'),
(767, 14, 165, '0000-00-00', '0000-00-00', '2015-07-16'),
(768, 14, 166, '0000-00-00', '0000-00-00', '2015-07-16'),
(769, 14, 167, '0000-00-00', '0000-00-00', '2015-07-16'),
(770, 14, 169, '2015-10-12', '0000-00-00', '0000-00-00'),
(771, 14, 170, '2015-10-12', '0000-00-00', '0000-00-00'),
(772, 14, 236, '0000-00-00', '0000-00-00', '2015-07-16'),
(773, 14, 237, '0000-00-00', '0000-00-00', '2015-07-16'),
(774, 14, 238, '0000-00-00', '0000-00-00', '2015-07-16'),
(775, 14, 240, '2015-10-14', '0000-00-00', '0000-00-00'),
(776, 14, 245, '0000-00-00', '0000-00-00', '2015-07-16'),
(777, 14, 322, '0000-00-00', '0000-00-00', '2015-07-16'),
(778, 14, 323, '0000-00-00', '0000-00-00', '2015-07-16'),
(779, 14, 324, '2015-10-05', '0000-00-00', '0000-00-00'),
(780, 14, 326, '0000-00-00', '0000-00-00', '2015-07-16'),
(781, 14, 327, '0000-00-00', '0000-00-00', '2015-07-16'),
(782, 14, 328, '0000-00-00', '0000-00-00', '2015-07-16'),
(783, 14, 410, '2015-10-14', '0000-00-00', '0000-00-00'),
(784, 14, 412, '0000-00-00', '0000-00-00', '2015-07-16'),
(785, 14, 414, '0000-00-00', '0000-00-00', '2015-07-16'),
(786, 14, 417, '0000-00-00', '0000-00-00', '2015-07-16'),
(787, 14, 503, '0000-00-00', '0000-00-00', '2015-07-16'),
(788, 14, 504, '0000-00-00', '0000-00-00', '2015-07-16'),
(789, 14, 505, '0000-00-00', '0000-00-00', '2015-07-16'),
(790, 14, 506, '0000-00-00', '0000-00-00', '2015-07-16'),
(791, 14, 507, '0000-00-00', '0000-00-00', '2015-07-16'),
(792, 14, 508, '0000-00-00', '0000-00-00', '2015-07-16'),
(793, 14, 509, '0000-00-00', '0000-00-00', '2015-07-16'),
(794, 14, 511, '2015-09-08', '0000-00-00', '0000-00-00'),
(795, 14, 576, '0000-00-00', '0000-00-00', '2015-07-16'),
(796, 14, 578, '0000-00-00', '0000-00-00', '2015-07-16'),
(797, 14, 579, '0000-00-00', '0000-00-00', '2015-07-16'),
(798, 14, 580, '0000-00-00', '0000-00-00', '2015-07-16'),
(799, 14, 582, '0000-00-00', '0000-00-00', '2015-07-16'),
(800, 14, 584, '2015-10-19', '0000-00-00', '0000-00-00'),
(801, 15, 5, '2015-10-13', '0000-00-00', '0000-00-00'),
(802, 15, 85, '2015-07-07', '2015-10-19', '0000-00-00'),
(803, 15, 86, '2015-07-08', '0000-00-00', '0000-00-00'),
(804, 15, 158, '0000-00-00', '0000-00-00', '2015-07-07'),
(805, 15, 161, '2015-07-07', '0000-00-00', '0000-00-00'),
(806, 15, 162, '2015-07-07', '2015-10-19', '0000-00-00'),
(807, 15, 226, '0000-00-00', '0000-00-00', '2015-07-07'),
(808, 15, 232, '0000-00-00', '2015-07-07', '2015-09-29'),
(809, 15, 233, '0000-00-00', '2015-07-07', '0000-00-00'),
(810, 15, 234, '0000-00-00', '0000-00-00', '2015-07-07'),
(811, 15, 235, '0000-00-00', '0000-00-00', '2015-07-07'),
(812, 15, 310, '2015-10-13', '0000-00-00', '0000-00-00'),
(813, 15, 400, '0000-00-00', '0000-00-00', '2015-07-07'),
(814, 15, 404, '0000-00-00', '0000-00-00', '2015-07-07'),
(815, 15, 405, '0000-00-00', '0000-00-00', '2015-07-07'),
(816, 15, 407, '2015-10-19', '0000-00-00', '0000-00-00'),
(817, 15, 409, '0000-00-00', '0000-00-00', '2015-07-07'),
(818, 15, 475, '0000-00-00', '0000-00-00', '2015-07-07'),
(819, 15, 481, '2015-10-20', '0000-00-00', '0000-00-00'),
(820, 15, 482, '0000-00-00', '0000-00-00', '2015-07-07'),
(821, 15, 556, '2015-09-11', '2015-09-19', '2015-10-16'),
(822, 15, 557, '2015-10-01', '2015-10-20', '2015-11-06'),
(823, 15, 558, '0000-00-00', '0000-00-00', '2015-07-07'),
(824, 15, 559, '0000-00-00', '2015-07-07', '2015-10-20'),
(825, 15, 560, '2015-09-15', '2015-10-05', '2015-10-21'),
(826, 15, 561, '0000-00-00', '2015-07-07', '2015-10-02'),
(827, 15, 562, '2015-12-07', '2016-01-14', '2016-02-12'),
(828, 15, 563, '2016-01-11', '2016-01-25', '2016-02-10'),
(829, 15, 564, '2015-11-27', '2015-12-11', '2016-01-08'),
(830, 15, 565, '2015-10-09', '2015-11-06', '2016-01-15'),
(831, 16, 27, '0000-00-00', '0000-00-00', '2015-07-16'),
(832, 16, 30, '0000-00-00', '0000-00-00', '2015-07-16'),
(833, 16, 31, '2015-10-09', '0000-00-00', '0000-00-00'),
(834, 16, 32, '0000-00-00', '0000-00-00', '2015-07-16'),
(835, 16, 33, '0000-00-00', '0000-00-00', '2015-07-16'),
(836, 16, 109, '0000-00-00', '0000-00-00', '2015-07-16'),
(837, 16, 110, '2015-07-16', '2015-10-20', '0000-00-00'),
(838, 16, 111, '2015-07-16', '0000-00-00', '0000-00-00'),
(839, 16, 114, '0000-00-00', '0000-00-00', '2015-07-16'),
(840, 16, 116, '0000-00-00', '0000-00-00', '2015-07-16'),
(841, 16, 172, '0000-00-00', '0000-00-00', '2015-07-16'),
(842, 16, 173, '0000-00-00', '0000-00-00', '2015-07-16'),
(843, 16, 175, '0000-00-00', '0000-00-00', '2015-07-16'),
(844, 16, 177, '2015-10-21', '0000-00-00', '0000-00-00'),
(845, 16, 178, '2015-07-16', '0000-00-00', '0000-00-00'),
(846, 16, 180, '0000-00-00', '0000-00-00', '2015-07-16'),
(847, 16, 247, '0000-00-00', '0000-00-00', '2015-07-16'),
(848, 16, 249, '0000-00-00', '0000-00-00', '2015-07-16'),
(849, 16, 250, '0000-00-00', '0000-00-00', '2015-07-16'),
(850, 16, 251, '0000-00-00', '0000-00-00', '2015-07-16'),
(851, 16, 253, '0000-00-00', '0000-00-00', '2015-07-16'),
(852, 16, 254, '2015-10-12', '0000-00-00', '0000-00-00'),
(853, 16, 331, '0000-00-00', '0000-00-00', '2015-07-16'),
(854, 16, 332, '0000-00-00', '2015-07-16', '0000-00-00'),
(855, 16, 333, '2015-07-16', '2015-10-12', '0000-00-00'),
(856, 16, 334, '2015-07-16', '0000-00-00', '0000-00-00'),
(857, 16, 336, '2015-10-19', '0000-00-00', '0000-00-00'),
(858, 16, 420, '0000-00-00', '0000-00-00', '2015-07-16'),
(859, 16, 421, '0000-00-00', '0000-00-00', '2015-07-16'),
(860, 16, 422, '0000-00-00', '0000-00-00', '2015-07-16'),
(861, 16, 423, '2015-09-15', '2015-10-12', '0000-00-00'),
(862, 16, 427, '0000-00-00', '0000-00-00', '2015-07-16'),
(863, 16, 428, '0000-00-00', '0000-00-00', '2015-07-16'),
(864, 16, 429, '0000-00-00', '0000-00-00', '2015-07-16'),
(865, 16, 503, '0000-00-00', '0000-00-00', '2015-07-16'),
(866, 16, 504, '2015-09-16', '2015-10-01', '2015-10-09'),
(867, 16, 508, '0000-00-00', '0000-00-00', '2015-07-16'),
(868, 16, 576, '0000-00-00', '0000-00-00', '2015-07-16'),
(869, 16, 577, '2015-09-10', '0000-00-00', '0000-00-00'),
(870, 16, 578, '2015-10-14', '0000-00-00', '0000-00-00'),
(871, 16, 579, '0000-00-00', '0000-00-00', '2015-07-16'),
(872, 16, 580, '0000-00-00', '0000-00-00', '2015-07-16'),
(873, 16, 582, '0000-00-00', '0000-00-00', '2015-07-16'),
(874, 16, 584, '0000-00-00', '0000-00-00', '2015-07-16'),
(875, 17, 5, '0000-00-00', '0000-00-00', '2015-07-17'),
(876, 17, 6, '0000-00-00', '0000-00-00', '2015-07-17'),
(877, 17, 7, '2015-10-13', '0000-00-00', '0000-00-00'),
(878, 17, 9, '0000-00-00', '0000-00-00', '2015-07-17'),
(879, 17, 10, '0000-00-00', '0000-00-00', '2015-07-17'),
(880, 17, 79, '0000-00-00', '0000-00-00', '2015-07-17'),
(881, 17, 80, '0000-00-00', '0000-00-00', '2015-07-17'),
(882, 17, 83, '0000-00-00', '0000-00-00', '2015-07-17'),
(883, 17, 85, '0000-00-00', '0000-00-00', '2015-07-17'),
(884, 17, 86, '0000-00-00', '0000-00-00', '2015-07-17'),
(885, 17, 87, '0000-00-00', '0000-00-00', '2015-07-17'),
(886, 17, 88, '2015-10-21', '0000-00-00', '0000-00-00'),
(887, 17, 154, '0000-00-00', '2015-07-17', '0000-00-00'),
(888, 17, 155, '2015-10-12', '0000-00-00', '0000-00-00'),
(889, 17, 158, '0000-00-00', '0000-00-00', '2015-07-17'),
(890, 17, 160, '0000-00-00', '0000-00-00', '2015-07-17'),
(891, 17, 162, '0000-00-00', '0000-00-00', '2015-07-17'),
(892, 17, 236, '0000-00-00', '0000-00-00', '2015-07-17'),
(893, 17, 238, '0000-00-00', '0000-00-00', '2015-07-17'),
(894, 17, 239, '0000-00-00', '0000-00-00', '2015-07-17'),
(895, 17, 242, '2015-10-14', '0000-00-00', '0000-00-00'),
(896, 17, 245, '0000-00-00', '0000-00-00', '2015-07-17'),
(897, 17, 313, '2015-10-12', '0000-00-00', '0000-00-00'),
(898, 17, 315, '0000-00-00', '0000-00-00', '2015-07-17'),
(899, 17, 416, '0000-00-00', '0000-00-00', '2015-07-17'),
(900, 17, 417, '0000-00-00', '0000-00-00', '2015-07-17'),
(901, 17, 418, '2015-10-05', '0000-00-00', '0000-00-00'),
(902, 17, 473, '2015-07-17', '0000-00-00', '0000-00-00'),
(903, 17, 474, '0000-00-00', '0000-00-00', '2015-07-17'),
(904, 17, 475, '0000-00-00', '0000-00-00', '2015-07-17'),
(905, 17, 476, '2015-10-01', '0000-00-00', '0000-00-00');
INSERT INTO `PupilStatements` (`ID`, `PupilID`, `StatementID`, `PartiallyDate`, `AchievedDate`, `ConsolidatedDate`) VALUES
(906, 17, 477, '0000-00-00', '0000-00-00', '2015-07-17'),
(907, 17, 481, '0000-00-00', '0000-00-00', '0205-07-17'),
(908, 17, 482, '0000-00-00', '0000-00-00', '2015-07-17'),
(909, 17, 566, '2015-10-01', '2015-12-09', '2016-01-28'),
(910, 17, 567, '2015-10-19', '2015-12-17', '2016-02-04'),
(911, 17, 568, '2015-10-02', '2015-11-26', '2016-01-29'),
(912, 17, 569, '2015-10-20', '2015-12-10', '0000-00-00'),
(913, 17, 570, '0000-00-00', '0000-00-00', '2015-07-17'),
(914, 17, 571, '2015-09-11', '2015-09-19', '2015-10-01'),
(915, 17, 572, '2015-09-30', '2015-10-21', '2015-12-15'),
(916, 17, 573, '2015-09-23', '2015-10-02', '2015-02-11'),
(917, 17, 574, '2016-01-05', '0000-00-00', '0000-00-00'),
(918, 17, 575, '2015-10-02', '2016-01-25', '0000-00-00'),
(919, 18, 1, '0000-00-00', '0000-00-00', '2015-07-16'),
(920, 18, 2, '0000-00-00', '0000-00-00', '2015-07-16'),
(921, 18, 3, '0000-00-00', '0000-00-00', '2016-02-02'),
(922, 18, 4, '0000-00-00', '0000-00-00', '2016-02-02'),
(923, 18, 5, '0000-00-00', '0000-00-00', '2015-07-16'),
(924, 18, 6, '0000-00-00', '0000-00-00', '2015-07-16'),
(925, 18, 7, '0000-00-00', '2016-02-02', '0000-00-00'),
(926, 18, 8, '0000-00-00', '0000-00-00', '2016-02-02'),
(927, 18, 9, '0000-00-00', '0000-00-00', '2016-02-02'),
(928, 18, 10, '0000-00-00', '0000-00-00', '2015-07-16'),
(929, 18, 89, '0000-00-00', '0000-00-00', '2015-07-16'),
(930, 18, 90, '0000-00-00', '0000-00-00', '2015-07-16'),
(931, 18, 91, '0000-00-00', '0000-00-00', '2015-07-16'),
(932, 18, 95, '0000-00-00', '0000-00-00', '2015-07-16'),
(933, 18, 96, '0000-00-00', '0000-00-00', '2015-07-16'),
(934, 18, 97, '0000-00-00', '0000-00-00', '2015-07-16'),
(935, 18, 98, '0000-00-00', '0000-00-00', '2015-07-16'),
(936, 18, 100, '0000-00-00', '0000-00-00', '2015-07-16'),
(937, 18, 105, '0000-00-00', '0000-00-00', '2015-07-16'),
(938, 18, 106, '0000-00-00', '0000-00-00', '2015-07-16'),
(939, 18, 154, '0000-00-00', '0000-00-00', '2015-07-16'),
(940, 18, 158, '0000-00-00', '0000-00-00', '2015-07-16'),
(941, 18, 160, '0000-00-00', '0000-00-00', '2015-07-16'),
(942, 18, 161, '0000-00-00', '2016-02-02', '0000-00-00'),
(943, 18, 162, '0000-00-00', '0000-00-00', '2015-07-16'),
(944, 18, 236, '2016-02-11', '0000-00-00', '0000-00-00'),
(945, 18, 237, '0000-00-00', '0000-00-00', '2015-07-16'),
(946, 18, 238, '0000-00-00', '0000-00-00', '2015-07-16'),
(947, 18, 242, '0000-00-00', '0000-00-00', '2015-07-16'),
(948, 18, 321, '2016-02-11', '0000-00-00', '0000-00-00'),
(949, 18, 322, '0000-00-00', '0000-00-00', '2015-07-16'),
(950, 18, 323, '2016-02-11', '0000-00-00', '0000-00-00'),
(951, 18, 327, '2016-02-11', '0000-00-00', '0000-00-00'),
(952, 18, 328, '2016-02-11', '0000-00-00', '0000-00-00'),
(953, 18, 329, '2016-02-11', '0000-00-00', '0000-00-00'),
(954, 18, 330, '2016-02-11', '0000-00-00', '0000-00-00'),
(955, 18, 411, '2016-02-11', '0000-00-00', '0000-00-00'),
(956, 18, 414, '0000-00-00', '0000-00-00', '2015-07-16'),
(957, 18, 416, '2016-02-11', '0000-00-00', '0000-00-00'),
(958, 18, 483, '2016-02-02', '0000-00-00', '0000-00-00'),
(959, 18, 484, '2016-02-02', '0000-00-00', '0000-00-00'),
(960, 18, 485, '2016-02-02', '0000-00-00', '0000-00-00'),
(961, 18, 486, '2016-02-02', '0000-00-00', '0000-00-00'),
(962, 18, 487, '2016-02-02', '0000-00-00', '0000-00-00'),
(963, 18, 488, '2016-02-02', '0000-00-00', '0000-00-00'),
(964, 18, 489, '0000-00-00', '0000-00-00', '2015-07-16'),
(965, 18, 490, '2016-02-02', '0000-00-00', '0000-00-00'),
(966, 18, 491, '2016-02-02', '0000-00-00', '0000-00-00'),
(967, 18, 492, '0000-00-00', '0000-00-00', '2015-07-16'),
(968, 18, 556, '2016-02-11', '0000-00-00', '0000-00-00'),
(969, 18, 557, '2016-02-11', '0000-00-00', '0000-00-00'),
(970, 18, 559, '2016-02-11', '0000-00-00', '0000-00-00'),
(971, 18, 560, '0000-00-00', '0000-00-00', '2015-07-16'),
(972, 18, 562, '0000-00-00', '0000-00-00', '2015-07-16'),
(973, 18, 563, '0000-00-00', '0000-00-00', '2015-07-16'),
(974, 18, 565, '2015-07-16', '0000-00-00', '0000-00-00'),
(975, 19, 27, '2015-06-25', '2015-10-13', '2015-10-13'),
(976, 19, 28, '2015-06-25', '2015-10-13', '2015-10-13'),
(977, 19, 30, '2016-01-14', '2016-01-21', '2016-01-28'),
(978, 19, 31, '2016-01-14', '2016-01-21', '2016-01-28'),
(979, 19, 32, '2015-06-25', '0000-00-00', '0000-00-00'),
(980, 19, 33, '2015-06-25', '2015-10-13', '2015-10-13'),
(981, 19, 89, '2015-06-25', '0000-00-00', '0000-00-00'),
(982, 19, 90, '2015-06-25', '2015-10-06', '0000-00-00'),
(983, 19, 91, '2015-06-25', '2015-10-06', '2015-10-06'),
(984, 19, 95, '2015-06-25', '2015-10-06', '2015-10-06'),
(985, 19, 96, '2016-02-11', '2016-02-11', '2016-02-11'),
(986, 19, 97, '2016-02-11', '2016-02-11', '2016-02-11'),
(987, 19, 163, '2015-06-06', '2015-06-06', '2015-10-20'),
(988, 19, 165, '2015-06-25', '2015-10-06', '2015-10-06'),
(989, 19, 166, '2015-06-25', '2015-10-06', '0000-00-00'),
(990, 19, 169, '2015-12-01', '2015-12-01', '2015-12-01'),
(991, 19, 247, '2015-06-25', '0000-00-00', '0000-00-00'),
(992, 19, 248, '2015-10-06', '2015-10-06', '2015-10-06'),
(993, 19, 249, '2015-06-25', '2015-10-21', '2015-10-21'),
(994, 19, 250, '2016-01-21', '2016-01-22', '2016-02-03'),
(995, 19, 251, '2016-01-21', '2016-01-22', '2016-02-03'),
(996, 19, 253, '2015-06-25', '2015-10-21', '2015-10-21'),
(997, 19, 254, '2015-12-07', '2016-02-21', '2016-03-16'),
(998, 19, 255, '2015-06-25', '2016-01-12', '2016-03-16'),
(999, 19, 256, '2015-11-19', '2016-03-17', '2016-04-11'),
(1000, 19, 321, '2015-06-25', '2016-02-05', '2016-02-10'),
(1001, 19, 322, '2016-01-27', '2016-01-29', '2016-02-02'),
(1002, 19, 323, '2015-11-02', '2015-12-03', '2016-01-03'),
(1003, 19, 324, '2016-03-14', '2016-03-16', '2016-04-19'),
(1004, 19, 325, '2015-06-25', '2015-12-09', '2016-01-07'),
(1005, 19, 326, '2015-06-25', '2016-01-22', '2016-02-05'),
(1006, 19, 327, '0000-00-00', '0000-00-00', '2016-04-19'),
(1007, 19, 328, '0000-00-00', '0000-00-00', '2016-04-19'),
(1008, 19, 329, '0000-00-00', '0000-00-00', '2016-04-19'),
(1009, 19, 330, '2015-09-07', '2015-12-03', '2016-01-07'),
(1010, 19, 420, '2015-06-25', '2015-12-01', '2015-12-01'),
(1011, 19, 423, '2015-10-06', '2015-10-06', '0000-00-00'),
(1012, 19, 424, '2015-11-09', '2016-02-12', '2016-03-07'),
(1013, 19, 425, '2015-10-11', '2016-01-07', '2016-01-15'),
(1014, 19, 427, '2015-06-26', '2015-10-06', '2015-10-06'),
(1015, 19, 428, '2015-06-25', '2015-10-06', '2015-10-06'),
(1016, 19, 429, '2015-06-25', '0000-00-00', '0000-00-00'),
(1017, 19, 494, '2015-06-25', '2016-01-28', '2016-02-10'),
(1018, 19, 495, '2015-06-25', '2015-10-06', '2015-10-06'),
(1019, 19, 496, '0000-00-00', '2015-10-06', '2015-10-06'),
(1020, 19, 497, '2015-12-01', '2015-12-01', '2015-12-01'),
(1021, 19, 498, '2015-12-01', '2015-12-01', '2015-12-01'),
(1022, 19, 499, '2015-06-25', '2015-10-06', '2015-10-06'),
(1023, 19, 501, '2015-06-25', '0000-00-00', '0000-00-00'),
(1024, 19, 502, '2015-06-25', '2015-10-06', '2015-10-06'),
(1025, 19, 556, '2015-06-25', '2015-10-06', '2015-10-06'),
(1026, 19, 557, '0000-00-00', '2015-10-06', '2015-10-06'),
(1027, 19, 558, '2015-06-25', '0000-00-00', '0000-00-00'),
(1028, 19, 559, '2015-06-25', '2015-10-06', '2015-10-06'),
(1029, 19, 560, '0000-00-00', '2015-10-06', '2015-10-06'),
(1030, 19, 561, '0000-00-00', '2015-10-06', '2015-10-06'),
(1031, 19, 562, '2015-06-25', '2015-10-06', '2015-10-06'),
(1032, 19, 563, '2015-06-25', '2015-10-06', '2015-10-06'),
(1033, 19, 564, '0000-00-00', '2015-10-06', '2015-10-06'),
(1034, 20, 27, '2015-06-30', '2015-10-13', '2015-10-13'),
(1035, 20, 28, '2015-06-30', '0000-00-00', '0000-00-00'),
(1036, 20, 30, '2015-06-30', '2016-01-28', '2016-02-25'),
(1037, 20, 32, '2016-01-07', '2016-03-24', '2016-03-24'),
(1038, 20, 33, '2015-06-30', '2015-10-13', '2015-10-13'),
(1039, 20, 99, '2015-06-30', '2015-10-06', '2015-10-06'),
(1040, 20, 100, '2015-06-30', '2015-10-13', '2015-10-13'),
(1041, 20, 101, '2015-06-30', '2015-12-01', '2015-12-01'),
(1042, 20, 102, '2015-06-30', '2015-10-13', '2015-10-13'),
(1043, 20, 107, '2015-11-20', '2016-01-06', '2016-01-14'),
(1044, 20, 172, '2015-06-30', '2015-12-01', '2015-12-01'),
(1045, 20, 173, '2015-06-30', '2015-10-06', '0000-00-00'),
(1046, 20, 175, '2015-06-30', '2015-10-06', '2015-10-06'),
(1047, 20, 176, '2015-06-30', '0000-00-00', '0000-00-00'),
(1048, 20, 177, '2015-06-30', '2015-10-06', '2015-10-06'),
(1049, 20, 179, '2015-06-30', '2015-10-06', '2015-10-06'),
(1050, 20, 180, '2015-06-30', '2015-10-06', '2015-10-06'),
(1051, 20, 181, '2015-06-30', '0000-00-00', '0000-00-00'),
(1052, 20, 249, '2015-06-30', '0000-00-00', '0000-00-00'),
(1053, 20, 250, '2015-06-30', '2016-01-21', '2016-01-22'),
(1054, 20, 251, '2015-06-30', '2015-10-13', '2015-10-13'),
(1055, 20, 253, '2015-06-30', '2015-10-13', '2015-10-13'),
(1056, 20, 254, '2015-10-09', '2016-02-03', '2016-02-10'),
(1057, 20, 322, '2015-10-06', '2015-10-06', '2015-10-06'),
(1058, 20, 323, '2015-10-06', '2015-10-06', '2015-10-06'),
(1059, 20, 325, '2015-06-30', '2015-10-06', '2015-10-06'),
(1060, 20, 326, '2015-10-23', '2015-11-25', '2016-02-09'),
(1061, 20, 328, '2015-12-01', '2015-12-01', '2015-12-01'),
(1062, 20, 330, '2015-06-30', '2015-10-06', '2015-10-06'),
(1063, 20, 410, '2015-12-01', '2015-12-01', '2015-12-01'),
(1064, 20, 411, '0000-00-00', '2015-10-06', '2015-10-06'),
(1065, 20, 412, '2015-12-07', '2016-02-03', '2016-02-10'),
(1066, 20, 414, '2015-06-30', '2015-10-06', '2015-10-06'),
(1067, 20, 416, '2015-06-30', '2015-10-06', '2015-10-06'),
(1068, 20, 417, '2015-06-30', '2015-12-01', '2015-12-01'),
(1069, 20, 503, '2015-06-30', '2015-10-06', '2015-10-06'),
(1070, 20, 504, '2015-06-30', '2015-09-16', '2016-02-16'),
(1071, 20, 507, '2016-01-22', '2016-01-28', '2016-02-04'),
(1072, 20, 508, '2015-06-30', '0000-00-00', '0000-00-00'),
(1073, 20, 576, '2015-06-30', '2015-10-06', '2015-10-06'),
(1074, 20, 578, '2015-06-30', '0000-00-00', '0000-00-00'),
(1075, 20, 579, '2015-06-30', '2015-10-06', '2015-10-06'),
(1076, 20, 584, '2015-06-30', '0000-00-00', '0000-00-00'),
(1077, 21, 27, '2015-06-25', '2015-10-13', '2015-10-13'),
(1078, 21, 28, '2015-06-25', '2016-01-22', '2016-02-04'),
(1079, 21, 29, '2016-01-25', '2016-02-04', '2016-02-05'),
(1080, 21, 30, '2016-01-28', '2016-02-04', '2016-02-11'),
(1081, 21, 31, '2016-01-28', '2016-02-04', '2016-02-12'),
(1082, 21, 33, '2015-06-25', '2015-10-13', '2015-10-13'),
(1083, 21, 99, '2015-06-25', '2015-10-06', '2015-10-06'),
(1084, 21, 100, '2015-06-25', '2016-01-29', '2016-02-02'),
(1085, 21, 102, '2015-06-25', '2015-10-06', '2015-10-06'),
(1086, 21, 103, '2015-06-25', '0000-00-00', '0000-00-00'),
(1087, 21, 105, '2015-06-25', '2015-12-01', '2015-12-01'),
(1088, 21, 106, '2016-02-15', '2016-02-28', '2016-02-02'),
(1089, 21, 107, '2015-12-01', '2015-12-01', '2015-12-01'),
(1090, 21, 173, '0000-00-00', '0000-00-00', '2015-10-14'),
(1091, 21, 177, '0000-00-00', '2015-06-25', '2015-10-06'),
(1092, 21, 247, '2015-06-25', '0000-00-00', '0000-00-00'),
(1093, 21, 248, '2015-06-25', '2015-10-14', '2015-10-14'),
(1094, 21, 249, '2015-06-25', '2015-10-14', '2015-10-14'),
(1095, 21, 253, '2015-06-25', '2015-10-14', '2015-10-14'),
(1096, 21, 254, '2015-12-01', '2015-12-01', '2015-12-01'),
(1097, 21, 321, '2015-06-25', '0000-00-00', '0000-00-00'),
(1098, 21, 323, '2015-06-25', '2015-11-02', '2016-01-06'),
(1099, 21, 325, '2015-06-25', '2016-01-07', '2016-01-21'),
(1100, 21, 326, '2015-06-25', '0000-00-00', '0000-00-00'),
(1101, 21, 327, '2015-06-25', '0000-00-00', '0000-00-00'),
(1102, 21, 328, '2015-06-25', '2015-11-30', '2016-01-27'),
(1103, 21, 329, '2015-06-25', '0000-00-00', '0000-00-00'),
(1104, 21, 330, '2015-06-25', '0000-00-00', '0000-00-00'),
(1105, 21, 420, '2015-12-01', '2015-12-01', '2015-12-01'),
(1106, 21, 423, '2015-10-06', '2016-02-03', '2016-02-10'),
(1107, 21, 427, '2015-06-25', '2015-10-06', '2015-10-06'),
(1108, 21, 428, '2015-06-25', '2015-10-06', '2015-10-06'),
(1109, 21, 429, '2015-06-25', '2015-10-06', '2015-10-06'),
(1110, 21, 495, '2015-11-20', '2016-01-06', '2016-01-14'),
(1111, 21, 496, '2015-10-09', '2016-01-28', '2016-02-11'),
(1112, 21, 497, '2015-06-25', '2015-12-01', '2015-12-01'),
(1113, 21, 498, '2015-06-25', '0000-00-00', '0000-00-00'),
(1114, 21, 499, '2015-06-25', '2015-10-06', '2015-10-06'),
(1115, 21, 576, '2015-06-25', '0000-00-00', '0000-00-00'),
(1116, 21, 577, '2015-06-25', '2015-10-06', '2015-10-06'),
(1117, 21, 579, '2015-06-25', '2015-10-06', '2015-10-06'),
(1118, 21, 582, '2015-06-25', '0000-00-00', '0000-00-00'),
(1119, 21, 583, '2015-06-25', '2015-10-06', '2015-10-06'),
(1120, 21, 584, '2015-10-14', '0000-00-00', '0000-00-00'),
(1121, 21, 585, '2015-06-26', '2015-10-06', '2015-10-14'),
(1122, 22, 24, '2015-06-30', '0000-00-00', '0000-00-00'),
(1123, 22, 25, '2015-06-30', '2016-01-28', '2016-02-04'),
(1124, 22, 26, '2015-06-30', '0000-00-00', '0000-00-00'),
(1125, 22, 27, '2015-06-30', '2015-10-13', '2015-10-13'),
(1126, 22, 28, '2015-06-30', '2015-10-13', '2015-10-13'),
(1127, 22, 29, '2015-06-30', '2015-10-13', '2015-10-13'),
(1128, 22, 30, '2015-06-30', '2015-10-13', '2015-10-13'),
(1129, 22, 31, '2015-07-01', '2016-01-28', '2016-02-25'),
(1130, 22, 32, '2015-06-30', '2016-04-14', '2016-04-14'),
(1131, 22, 33, '2015-06-30', '2015-10-22', '2015-10-22'),
(1132, 22, 109, '2015-06-30', '2015-12-01', '2015-12-01'),
(1133, 22, 110, '2015-06-30', '2015-10-06', '2015-10-06'),
(1134, 22, 111, '2015-06-30', '2015-11-18', '2016-01-06'),
(1135, 22, 112, '2015-06-30', '2015-10-06', '2015-10-06'),
(1136, 22, 113, '2015-06-30', '2015-10-06', '2015-10-06'),
(1137, 22, 114, '2015-06-30', '2015-10-06', '2015-10-06'),
(1138, 22, 115, '2015-06-30', '2015-10-06', '2015-10-06'),
(1139, 22, 116, '2015-06-30', '2015-10-06', '2015-10-06'),
(1140, 22, 117, '2015-06-30', '2016-01-14', '2016-01-28'),
(1141, 22, 118, '2015-06-30', '0000-00-00', '0000-00-00'),
(1142, 22, 172, '2015-06-30', '2015-12-01', '2015-12-01'),
(1143, 22, 173, '2015-06-30', '2015-10-06', '2015-10-06'),
(1144, 22, 174, '2015-06-30', '0000-00-00', '0000-00-00'),
(1145, 22, 175, '2015-06-30', '2015-10-06', '2015-10-06'),
(1146, 22, 176, '2015-06-30', '2015-12-01', '2015-12-01'),
(1147, 22, 177, '2015-06-30', '2015-10-06', '2015-10-06'),
(1148, 22, 178, '2015-06-30', '0000-00-00', '0000-00-00'),
(1149, 22, 179, '2015-07-01', '2015-10-06', '2015-10-06'),
(1150, 22, 180, '2015-06-30', '2015-10-06', '2015-10-06'),
(1151, 22, 181, '2015-06-30', '2015-11-12', '2016-02-10'),
(1152, 22, 247, '2015-06-30', '0000-00-00', '0000-00-00'),
(1153, 22, 248, '2015-06-30', '2015-10-19', '2015-10-19'),
(1154, 22, 249, '2015-06-30', '2015-10-19', '2015-10-19'),
(1155, 22, 250, '2015-06-30', '0000-00-00', '0000-00-00'),
(1156, 22, 251, '2015-06-30', '2015-11-12', '2015-11-13'),
(1157, 22, 252, '2015-06-30', '0000-00-00', '0000-00-00'),
(1158, 22, 253, '2015-06-30', '2015-10-19', '2015-10-19'),
(1159, 22, 254, '2015-06-30', '2016-01-29', '2016-02-26'),
(1160, 22, 255, '2015-06-30', '2016-01-17', '2016-01-19'),
(1161, 22, 256, '2015-06-30', '2015-11-17', '2015-12-03'),
(1162, 22, 321, '2015-06-23', '2015-10-06', '2015-10-06'),
(1163, 22, 322, '2015-06-30', '2015-12-15', '2015-12-15'),
(1164, 22, 323, '2015-06-30', '2015-10-06', '2015-10-06'),
(1165, 22, 324, '2015-06-30', '2015-12-01', '2015-12-01'),
(1166, 22, 325, '2015-06-30', '2015-10-06', '2015-10-06'),
(1167, 22, 326, '2015-06-30', '2016-01-06', '2016-02-10'),
(1168, 22, 327, '2015-06-30', '2016-01-22', '2016-02-27'),
(1169, 22, 328, '2015-06-30', '2016-01-22', '2016-01-27'),
(1170, 22, 329, '2015-06-30', '2016-01-25', '2016-03-03'),
(1171, 22, 330, '2015-06-30', '2015-10-06', '2015-10-06'),
(1172, 22, 331, '0000-00-00', '0000-00-00', '2016-03-16'),
(1173, 22, 332, '0000-00-00', '0000-00-00', '2016-03-16'),
(1174, 22, 333, '0000-00-00', '0000-00-00', '2016-03-16'),
(1175, 22, 334, '0000-00-00', '0000-00-00', '2016-03-16'),
(1176, 22, 335, '0000-00-00', '0000-00-00', '2016-03-16'),
(1177, 22, 337, '0000-00-00', '0000-00-00', '2016-03-16'),
(1178, 22, 338, '0000-00-00', '0000-00-00', '2016-03-16'),
(1179, 22, 420, '2015-06-30', '2016-01-06', '2016-01-15'),
(1180, 22, 421, '2015-06-30', '2016-01-06', '2016-01-15'),
(1181, 22, 422, '2015-06-30', '2016-01-06', '2016-01-15'),
(1182, 22, 423, '2015-06-30', '2015-10-06', '2015-10-06'),
(1183, 22, 424, '2015-06-30', '2015-12-01', '2015-12-01'),
(1184, 22, 425, '2015-06-30', '2015-11-09', '2016-01-21'),
(1185, 22, 426, '2015-06-30', '2016-02-03', '2016-02-10'),
(1186, 22, 427, '2015-06-30', '2015-10-06', '2015-10-06'),
(1187, 22, 428, '2015-06-30', '2015-10-06', '2015-10-06'),
(1188, 22, 429, '2015-06-30', '2015-12-01', '2015-12-01'),
(1189, 22, 430, '0000-00-00', '0000-00-00', '2016-03-16'),
(1190, 22, 431, '0000-00-00', '0000-00-00', '2016-03-16'),
(1191, 22, 433, '0000-00-00', '0000-00-00', '2016-03-16'),
(1192, 22, 434, '0000-00-00', '0000-00-00', '2016-03-16'),
(1193, 22, 435, '0000-00-00', '0000-00-00', '2016-03-16'),
(1194, 22, 436, '0000-00-00', '0000-00-00', '2016-03-16'),
(1195, 22, 437, '0000-00-00', '0000-00-00', '2016-03-16'),
(1196, 22, 438, '0000-00-00', '0000-00-00', '2016-03-16'),
(1197, 22, 503, '2015-06-30', '2015-10-06', '2015-10-06'),
(1198, 22, 504, '2015-06-30', '2015-10-06', '2016-01-27'),
(1199, 22, 505, '2015-06-30', '2015-10-06', '2015-10-06'),
(1200, 22, 506, '2015-06-30', '2015-10-06', '2015-10-06'),
(1201, 22, 507, '2015-06-30', '2015-10-06', '2015-10-06'),
(1202, 22, 508, '2015-06-30', '2015-10-06', '2015-10-06'),
(1203, 22, 509, '2015-06-30', '2016-01-27', '2016-01-27'),
(1204, 22, 510, '2015-06-30', '2015-10-06', '2015-10-06'),
(1205, 22, 511, '2015-06-30', '2015-10-06', '2015-10-06'),
(1206, 22, 512, '2015-06-30', '2015-10-06', '2015-10-06'),
(1207, 22, 514, '2016-01-27', '2016-01-27', '2016-01-27'),
(1208, 22, 516, '2016-01-28', '2016-02-04', '2016-02-10'),
(1209, 22, 517, '2016-01-27', '2016-01-27', '2016-01-27'),
(1210, 22, 518, '2016-01-27', '2016-01-27', '2016-01-27'),
(1211, 22, 519, '2016-01-27', '2016-01-27', '2016-01-27'),
(1212, 22, 520, '2016-01-27', '2016-01-27', '2016-01-27'),
(1213, 22, 521, '2016-01-27', '2016-01-27', '2016-01-27'),
(1214, 22, 522, '2016-01-27', '2016-01-27', '2016-01-27'),
(1215, 22, 586, '2015-06-30', '0000-00-00', '2015-10-06'),
(1216, 22, 587, '2015-06-30', '0000-00-00', '0000-00-00'),
(1217, 22, 588, '2015-06-30', '0000-00-00', '2015-10-06'),
(1218, 22, 589, '2015-06-30', '0000-00-00', '2015-10-06'),
(1219, 22, 590, '2015-06-30', '0000-00-00', '0000-00-00'),
(1220, 22, 591, '2015-06-30', '0000-00-00', '0000-00-00'),
(1221, 22, 593, '2015-06-30', '0000-00-00', '0000-00-00'),
(1222, 22, 594, '2015-06-30', '2015-10-06', '2015-10-06'),
(1223, 22, 595, '2015-06-30', '2015-10-06', '2015-10-06'),
(1224, 22, 2032, '0000-00-00', '0000-00-00', '2016-03-16'),
(1225, 23, 109, '2015-10-06', '2015-10-06', '2015-10-06'),
(1226, 23, 110, '2015-11-17', '2015-11-17', '2015-11-17'),
(1227, 23, 111, '2015-11-17', '2015-11-17', '2015-11-17'),
(1228, 23, 112, '2015-10-06', '2015-11-17', '2015-11-17'),
(1229, 23, 113, '2015-10-06', '2015-10-06', '2015-10-06'),
(1230, 23, 114, '2015-10-06', '2015-10-06', '2015-10-06'),
(1231, 23, 115, '2015-10-06', '2015-10-06', '2015-10-06'),
(1232, 23, 116, '2015-10-06', '2015-10-06', '2015-10-06'),
(1233, 23, 117, '2015-11-17', '2015-11-17', '2015-11-17'),
(1234, 23, 118, '2015-11-17', '2015-11-17', '2015-11-17'),
(1235, 23, 119, '2015-06-23', '2015-10-13', '2015-10-13'),
(1236, 23, 120, '2015-06-23', '2015-10-13', '2015-10-13'),
(1237, 23, 121, '2015-06-23', '0000-00-00', '0000-00-00'),
(1238, 23, 122, '2015-06-23', '0000-00-00', '0000-00-00'),
(1239, 23, 123, '2015-06-23', '2015-10-13', '0000-00-00'),
(1240, 23, 124, '2015-06-23', '0000-00-00', '0000-00-00'),
(1241, 23, 125, '2015-06-23', '2015-10-13', '0000-00-00'),
(1242, 23, 127, '2015-06-23', '2015-10-13', '2015-10-13'),
(1243, 23, 194, '2015-06-23', '0000-00-00', '0000-00-00'),
(1244, 23, 196, '2015-06-23', '0000-00-00', '0000-00-00'),
(1245, 23, 198, '2015-06-23', '0000-00-00', '0000-00-00'),
(1246, 23, 199, '2015-06-23', '0000-00-00', '0000-00-00'),
(1247, 23, 513, '2015-06-23', '2015-10-06', '2015-10-06'),
(1248, 23, 514, '2015-06-23', '2015-12-01', '2016-02-11'),
(1249, 23, 515, '2015-06-23', '2015-12-01', '2015-12-01'),
(1250, 23, 516, '2015-06-23', '2016-01-06', '2016-02-08'),
(1251, 23, 517, '2015-06-23', '2015-10-06', '2015-10-06'),
(1252, 23, 518, '2015-06-23', '0000-00-00', '0000-00-00'),
(1253, 23, 519, '2015-06-23', '2015-10-06', '2015-10-06'),
(1254, 23, 520, '2015-06-23', '2015-10-06', '2016-02-11'),
(1255, 23, 521, '2015-10-23', '0000-00-00', '0000-00-00'),
(1256, 23, 522, '2015-06-23', '2015-10-06', '2015-10-06'),
(1257, 23, 586, '2015-06-23', '2015-10-06', '2015-10-22'),
(1258, 23, 587, '2015-06-23', '0000-00-00', '0000-00-00'),
(1259, 23, 588, '2015-06-23', '2015-10-06', '2015-10-06'),
(1260, 23, 589, '2015-06-23', '2015-10-06', '2015-10-06'),
(1261, 23, 591, '2015-06-23', '0000-00-00', '0000-00-00'),
(1262, 23, 592, '2015-10-06', '2015-10-06', '0000-00-00'),
(1263, 23, 595, '2015-10-06', '2015-10-06', '2015-10-06'),
(1264, 23, 1647, '2015-11-17', '0000-00-00', '0000-00-00'),
(1265, 23, 1648, '2015-11-17', '0000-00-00', '0000-00-00'),
(1266, 23, 1649, '2015-11-17', '0000-00-00', '0000-00-00'),
(1267, 23, 1651, '2015-11-17', '2015-11-17', '2015-11-17'),
(1268, 23, 1653, '2015-11-17', '0000-00-00', '0000-00-00'),
(1269, 23, 1654, '2015-11-17', '0000-00-00', '0000-00-00'),
(1270, 23, 1676, '2015-11-17', '2015-12-01', '2015-12-01'),
(1271, 23, 1677, '2015-11-17', '2016-01-22', '2016-02-02'),
(1272, 23, 1678, '2015-11-17', '2015-12-01', '2016-03-04'),
(1273, 23, 1679, '2016-02-26', '2016-03-04', '2016-03-10'),
(1274, 23, 1680, '2015-11-17', '2015-11-17', '2015-11-17'),
(1275, 23, 1681, '2015-11-17', '2015-11-17', '2015-11-17'),
(1276, 23, 1682, '2016-02-25', '2016-03-04', '2016-03-10'),
(1277, 23, 1683, '2016-02-03', '2016-02-05', '2016-02-11'),
(1278, 23, 1684, '2015-11-19', '2016-01-06', '2016-02-07'),
(1279, 23, 1685, '2015-11-19', '2016-01-06', '2016-01-07'),
(1280, 23, 1732, '2016-01-07', '2016-01-22', '2016-02-10'),
(1281, 23, 1733, '2015-11-17', '2015-11-17', '0000-00-00'),
(1282, 23, 1735, '2015-11-17', '2015-11-17', '2015-11-17'),
(1283, 23, 1796, '0000-00-00', '0000-00-00', '2015-10-22'),
(1284, 23, 1797, '0000-00-00', '0000-00-00', '2015-10-22'),
(1285, 23, 1798, '0000-00-00', '0000-00-00', '2015-10-22'),
(1286, 23, 1799, '0000-00-00', '0000-00-00', '2015-10-22'),
(1287, 23, 1800, '0000-00-00', '0000-00-00', '2015-10-22'),
(1288, 23, 1801, '0000-00-00', '0000-00-00', '2015-10-22'),
(1289, 23, 1802, '0000-00-00', '0000-00-00', '2015-10-22'),
(1290, 23, 1803, '0000-00-00', '0000-00-00', '2015-10-22'),
(1291, 23, 1804, '0000-00-00', '0000-00-00', '2015-10-22'),
(1292, 23, 1805, '0000-00-00', '0000-00-00', '2015-10-22'),
(1293, 23, 1806, '2015-10-22', '2015-10-22', '2015-10-22'),
(1294, 23, 1807, '2015-10-22', '2015-12-01', '2015-12-01'),
(1295, 23, 1808, '2015-10-22', '2015-12-01', '2015-12-01'),
(1296, 23, 1809, '2015-10-22', '2016-01-06', '2016-02-02'),
(1297, 23, 1810, '2015-10-22', '2016-01-06', '2016-02-02'),
(1298, 23, 1811, '2015-10-22', '0000-00-00', '0000-00-00'),
(1299, 23, 1812, '2015-10-22', '0000-00-00', '0000-00-00'),
(1300, 23, 1867, '0000-00-00', '0000-00-00', '2015-10-22'),
(1301, 23, 1868, '2015-10-22', '0000-00-00', '0000-00-00'),
(1302, 23, 1869, '2015-10-22', '0000-00-00', '0000-00-00'),
(1303, 23, 1870, '0000-00-00', '0000-00-00', '2015-10-22'),
(1304, 23, 1872, '0000-00-00', '0000-00-00', '2015-10-22'),
(1305, 23, 1873, '2015-10-22', '0000-00-00', '0000-00-00'),
(1306, 23, 1874, '2015-10-22', '0000-00-00', '0000-00-00'),
(1307, 23, 1875, '0000-00-00', '0000-00-00', '2015-10-22'),
(1308, 23, 1876, '2016-02-04', '2016-02-04', '2016-02-04'),
(1309, 23, 1877, '2016-02-04', '2016-02-04', '2016-02-04'),
(1310, 23, 1880, '2016-02-04', '2016-02-04', '2016-02-04'),
(1311, 23, 1916, '2015-11-17', '0000-00-00', '0000-00-00'),
(1312, 23, 1917, '2015-11-17', '0000-00-00', '0000-00-00'),
(1313, 23, 1918, '2015-11-17', '0000-00-00', '0000-00-00'),
(1314, 23, 1920, '2015-11-17', '0000-00-00', '0000-00-00'),
(1315, 23, 1923, '2015-11-17', '0000-00-00', '0000-00-00'),
(1316, 23, 1924, '2015-11-17', '0000-00-00', '0000-00-00'),
(1317, 24, 27, '2015-06-25', '2015-10-13', '2015-10-13'),
(1318, 24, 28, '2015-06-25', '2016-02-04', '2016-02-04'),
(1319, 24, 29, '2016-02-04', '2016-02-04', '2016-02-04'),
(1320, 24, 30, '2016-01-28', '2016-02-04', '2016-03-03'),
(1321, 24, 33, '2015-06-25', '2015-10-13', '2015-10-13'),
(1322, 24, 89, '2015-10-01', '2015-10-02', '2016-01-06'),
(1323, 24, 91, '2015-06-25', '2015-12-01', '2015-12-01'),
(1324, 24, 95, '2015-06-25', '2015-12-01', '2015-12-01'),
(1325, 24, 96, '2015-06-26', '2015-11-20', '2016-02-02'),
(1326, 24, 97, '2016-02-02', '2016-02-02', '2016-02-02'),
(1327, 24, 163, '2015-06-25', '2015-09-13', '2015-10-06'),
(1328, 24, 165, '2015-06-25', '2015-10-09', '2015-10-06'),
(1329, 24, 166, '2015-06-25', '2015-10-09', '2015-10-06'),
(1330, 24, 167, '2015-06-25', '2015-11-18', '2016-01-11'),
(1331, 24, 168, '2015-06-25', '2015-10-19', '2015-10-19'),
(1332, 24, 169, '2015-10-19', '2015-10-19', '2015-10-19'),
(1333, 24, 170, '2015-11-25', '2015-12-04', '2015-12-18'),
(1334, 24, 247, '2015-06-25', '0000-00-00', '0000-00-00'),
(1335, 24, 248, '2015-12-01', '2015-12-01', '2015-12-01'),
(1336, 24, 249, '2015-06-26', '2016-01-21', '2016-01-22'),
(1337, 24, 250, '2015-06-25', '2016-01-29', '2016-02-03'),
(1338, 24, 251, '2015-06-24', '0000-00-00', '0000-00-00'),
(1339, 24, 253, '2015-06-25', '2015-12-01', '2015-12-01'),
(1340, 24, 311, '2015-06-25', '2015-12-01', '2015-12-01'),
(1341, 24, 312, '2016-02-11', '0000-00-00', '0000-00-00'),
(1342, 24, 315, '2015-09-09', '2015-09-09', '2015-09-16'),
(1343, 24, 316, '2015-09-09', '2015-09-09', '2015-09-16'),
(1344, 24, 317, '2015-11-02', '2016-01-07', '2016-02-10'),
(1345, 24, 318, '2015-06-25', '2015-09-09', '2015-10-16'),
(1346, 24, 319, '2015-11-02', '2016-01-07', '2016-02-10'),
(1347, 24, 320, '2015-06-25', '2015-12-09', '2015-12-16'),
(1348, 24, 410, '2015-06-25', '2015-12-01', '2015-12-01'),
(1349, 24, 411, '2015-10-06', '2015-10-06', '2015-10-06'),
(1350, 24, 412, '2015-11-16', '2015-11-22', '2016-01-12'),
(1351, 24, 414, '2015-06-25', '2015-12-01', '2015-12-01'),
(1352, 24, 415, '2015-06-25', '2015-11-11', '2016-01-07'),
(1353, 24, 417, '2015-06-25', '0000-00-00', '0000-00-00'),
(1354, 24, 495, '2015-06-25', '2015-10-06', '2015-10-06'),
(1355, 24, 496, '2015-06-25', '2015-10-06', '2015-10-06'),
(1356, 24, 497, '2015-10-19', '2015-10-19', '2015-10-19'),
(1357, 24, 498, '2015-11-18', '2016-01-06', '2016-01-14'),
(1358, 24, 499, '2015-06-25', '2015-10-19', '2015-10-19'),
(1359, 24, 501, '2015-06-25', '0000-00-00', '0000-00-00'),
(1360, 24, 566, '2015-10-06', '2015-10-06', '2015-10-06'),
(1361, 24, 567, '2015-06-25', '0000-00-00', '0000-00-00'),
(1362, 24, 568, '2015-06-25', '2015-10-06', '2015-10-06'),
(1363, 24, 569, '2015-06-25', '0000-00-00', '0000-00-00'),
(1364, 24, 570, '2015-06-25', '2015-10-20', '2015-10-20'),
(1365, 24, 572, '2015-10-06', '2015-10-06', '2015-10-06'),
(1366, 24, 573, '2015-12-01', '2015-12-01', '2015-12-01'),
(1367, 24, 1956, '2015-10-19', '2015-10-19', '2015-10-19'),
(1368, 25, 193, '0000-00-00', '0000-00-00', '2016-02-03'),
(1369, 25, 196, '0000-00-00', '0000-00-00', '2016-02-03'),
(1370, 25, 198, '0000-00-00', '0000-00-00', '2016-02-03'),
(1371, 25, 342, '2016-02-03', '0000-00-00', '0000-00-00'),
(1372, 25, 345, '0000-00-00', '0000-00-00', '2016-02-03'),
(1373, 25, 346, '0000-00-00', '0000-00-00', '2016-02-03'),
(1374, 25, 347, '0000-00-00', '0000-00-00', '2016-02-03'),
(1375, 25, 348, '0000-00-00', '0000-00-00', '2016-02-03'),
(1376, 25, 349, '2016-02-03', '0000-00-00', '0000-00-00'),
(1377, 25, 440, '0000-00-00', '0000-00-00', '2016-02-03'),
(1378, 25, 444, '0000-00-00', '0000-00-00', '2016-02-03'),
(1379, 25, 446, '0000-00-00', '0000-00-00', '2016-02-03'),
(1380, 25, 473, '2015-06-30', '0000-00-00', '2016-02-03'),
(1381, 25, 474, '2015-07-07', '0000-00-00', '2016-02-03'),
(1382, 25, 475, '2015-06-30', '0000-00-00', '2016-02-03'),
(1383, 25, 476, '2016-02-03', '0000-00-00', '0000-00-00'),
(1384, 25, 477, '2016-02-03', '0000-00-00', '0000-00-00'),
(1385, 25, 479, '0000-00-00', '0000-00-00', '2016-02-03'),
(1386, 25, 480, '2016-02-03', '0000-00-00', '2016-02-03'),
(1387, 25, 488, '2016-02-03', '0000-00-00', '0000-00-00'),
(1388, 25, 489, '2016-02-03', '0000-00-00', '0000-00-00'),
(1389, 25, 490, '2016-02-03', '0000-00-00', '0000-00-00'),
(1390, 25, 491, '2016-02-03', '0000-00-00', '0000-00-00'),
(1391, 25, 492, '2016-02-03', '0000-00-00', '0000-00-00'),
(1392, 25, 596, '2015-06-30', '0000-00-00', '2016-02-03'),
(1393, 25, 597, '2015-06-30', '0000-00-00', '0000-00-00'),
(1394, 25, 599, '2015-06-30', '0000-00-00', '0000-00-00'),
(1395, 25, 603, '2015-07-01', '0000-00-00', '0000-00-00'),
(1396, 25, 604, '2015-06-30', '0000-00-00', '0000-00-00'),
(1397, 25, 1636, '0000-00-00', '0000-00-00', '2016-02-03'),
(1398, 25, 1639, '2016-02-03', '0000-00-00', '0000-00-00'),
(1399, 25, 1641, '2016-02-03', '0000-00-00', '0000-00-00'),
(1400, 25, 1643, '0000-00-00', '0000-00-00', '2016-02-03'),
(1401, 25, 1681, '2016-02-03', '0000-00-00', '0000-00-00'),
(1402, 25, 1799, '2016-02-03', '0000-00-00', '0000-00-00'),
(1403, 25, 1800, '2016-02-03', '0000-00-00', '0000-00-00'),
(1404, 25, 1836, '0000-00-00', '0000-00-00', '2016-02-03'),
(1405, 25, 1839, '2016-02-03', '0000-00-00', '0000-00-00'),
(1406, 25, 1841, '0000-00-00', '0000-00-00', '2016-02-03'),
(1407, 25, 1877, '0000-00-00', '0000-00-00', '2016-02-03'),
(1408, 25, 1879, '2016-09-03', '0000-00-00', '0000-00-00'),
(1409, 25, 1925, '2016-02-03', '0000-00-00', '0000-00-00'),
(1410, 26, 34, '2016-01-14', '2016-01-21', '2016-02-04'),
(1411, 26, 36, '2015-10-13', '2015-10-13', '2015-10-13'),
(1412, 26, 38, '2015-10-13', '2015-10-13', '2015-10-13'),
(1413, 26, 40, '2015-10-13', '2015-10-13', '2015-10-13'),
(1414, 26, 119, '2015-12-01', '2015-12-01', '2015-12-01'),
(1415, 26, 120, '2015-12-01', '2015-12-01', '2015-12-01'),
(1416, 26, 124, '2015-12-01', '2015-12-01', '2015-12-01'),
(1417, 26, 126, '2015-12-01', '2015-12-01', '2015-12-01'),
(1418, 26, 184, '2015-10-06', '2015-10-06', '2015-10-06'),
(1419, 26, 189, '2015-10-06', '2015-10-06', '2015-10-06'),
(1420, 26, 190, '2015-10-06', '2015-10-06', '2015-10-06'),
(1421, 26, 257, '2016-01-22', '2016-02-05', '2016-02-10'),
(1422, 26, 258, '2016-01-22', '2016-02-05', '2016-02-10'),
(1423, 26, 260, '2015-10-13', '2015-10-13', '2015-10-13'),
(1424, 26, 261, '2015-10-13', '2015-10-13', '2015-10-13'),
(1425, 26, 262, '2015-12-03', '2016-01-26', '2016-03-24'),
(1426, 26, 263, '2015-10-13', '2015-10-13', '2015-10-13'),
(1427, 26, 265, '2015-10-13', '2015-10-13', '2015-10-13'),
(1428, 26, 331, '2015-12-01', '2015-12-01', '2015-12-01'),
(1429, 26, 332, '2016-01-22', '2016-02-29', '2016-02-03'),
(1430, 26, 333, '2015-10-06', '2015-10-06', '2015-10-06'),
(1431, 26, 334, '2015-10-06', '2015-10-06', '2015-10-06'),
(1432, 26, 335, '2016-02-03', '2016-02-25', '2016-04-11'),
(1433, 26, 337, '2015-11-12', '2015-12-16', '2016-01-07'),
(1434, 26, 338, '2016-03-10', '2016-03-11', '2016-04-11'),
(1435, 26, 339, '2015-11-25', '2015-12-16', '2016-01-06'),
(1436, 26, 431, '2016-01-06', '2016-01-07', '2016-01-15'),
(1437, 26, 432, '2016-01-06', '2016-01-07', '2016-02-29'),
(1438, 26, 433, '2015-10-06', '2015-10-06', '2015-10-06'),
(1439, 26, 434, '2015-12-01', '2015-12-01', '2015-12-01'),
(1440, 26, 435, '2015-12-01', '2015-12-01', '2015-12-01'),
(1441, 26, 436, '2015-12-01', '2015-12-01', '2015-12-01'),
(1442, 26, 513, '2015-10-06', '0000-00-00', '0000-00-00'),
(1443, 26, 514, '2015-10-06', '0000-00-00', '0000-00-00'),
(1444, 26, 516, '2015-11-25', '2016-01-06', '2016-02-04'),
(1445, 26, 517, '2015-10-06', '2015-10-06', '2015-10-06'),
(1446, 26, 519, '2015-10-06', '2015-10-06', '2015-10-06'),
(1447, 26, 520, '2015-10-06', '2015-10-06', '2015-10-06'),
(1448, 26, 522, '2015-10-06', '2015-10-06', '2015-10-06'),
(1449, 26, 586, '2016-02-11', '2016-02-11', '2016-02-11'),
(1450, 26, 588, '2015-10-13', '2015-10-13', '2015-10-13'),
(1451, 26, 595, '2015-10-13', '2015-10-13', '2015-10-13'),
(1452, 27, 46, '2016-01-01', '2016-01-01', '2016-01-01'),
(1453, 27, 1638, '2016-03-15', '2016-03-17', '0000-00-00'),
(1454, 27, 1644, '2016-01-01', '2016-01-01', '2016-01-01'),
(1455, 27, 1647, '2016-03-14', '2016-03-17', '0000-00-00'),
(1456, 27, 1657, '2016-03-14', '2016-03-17', '0000-00-00'),
(1457, 27, 1676, '0000-00-00', '0000-00-00', '2016-01-01'),
(1458, 27, 1803, '2016-01-01', '2016-01-01', '2016-01-01'),
(1459, 27, 1804, '2016-01-01', '2016-01-01', '2016-01-01'),
(1460, 27, 1836, '2015-10-22', '0000-00-00', '0000-00-00'),
(1461, 27, 1957, '2016-02-12', '0000-00-00', '0000-00-00'),
(1462, 27, 1993, '2016-02-12', '0000-00-00', '0000-00-00'),
(1463, 27, 1997, '2016-02-12', '0000-00-00', '0000-00-00'),
(1464, 27, 1999, '2016-02-12', '0000-00-00', '0000-00-00'),
(1465, 28, 345, '0000-00-00', '2015-11-12', '0000-00-00'),
(1466, 28, 347, '0000-00-00', '2015-11-13', '0000-00-00'),
(1467, 28, 350, '2015-11-11', '0000-00-00', '0000-00-00'),
(1468, 29, 24, '2015-07-07', '0000-00-00', '0000-00-00'),
(1469, 29, 25, '2015-07-08', '0000-00-00', '0000-00-00'),
(1470, 29, 26, '2015-07-08', '0000-00-00', '0000-00-00'),
(1471, 29, 27, '2015-07-08', '2015-07-08', '2015-07-08'),
(1472, 29, 28, '2015-07-07', '2015-07-07', '2015-07-07'),
(1473, 29, 29, '2015-07-08', '2015-07-08', '2015-07-08'),
(1474, 29, 30, '2015-07-08', '0000-00-00', '0000-00-00'),
(1475, 29, 31, '2015-07-08', '0000-00-00', '0000-00-00'),
(1476, 29, 32, '2015-07-08', '2015-07-08', '2015-07-08'),
(1477, 29, 33, '2015-07-08', '2015-07-08', '2015-07-08'),
(1478, 29, 34, '2016-02-03', '0000-00-00', '0000-00-00'),
(1479, 29, 36, '2016-02-03', '0000-00-00', '0000-00-00'),
(1480, 29, 40, '0000-00-00', '0000-00-00', '2016-02-03'),
(1481, 29, 41, '0000-00-00', '0000-00-00', '2016-06-03'),
(1482, 29, 42, '0000-00-00', '0000-00-00', '2016-06-03'),
(1483, 29, 109, '0000-00-00', '0000-00-00', '2015-07-09'),
(1484, 29, 110, '2015-07-09', '0000-00-00', '2015-11-11'),
(1485, 29, 111, '0000-00-00', '0000-00-00', '2015-11-11'),
(1486, 29, 114, '0000-00-00', '0000-00-00', '2015-07-09'),
(1487, 29, 116, '2015-07-09', '0000-00-00', '0000-00-00'),
(1488, 29, 120, '2016-02-03', '0000-00-00', '0000-00-00'),
(1489, 29, 172, '0000-00-00', '0000-00-00', '2015-07-09'),
(1490, 29, 173, '0000-00-00', '0000-00-00', '2015-07-09'),
(1491, 29, 174, '2015-07-08', '0000-00-00', '0000-00-00'),
(1492, 29, 175, '2015-07-08', '0000-00-00', '2016-02-03'),
(1493, 29, 176, '2015-07-08', '0000-00-00', '0000-00-00'),
(1494, 29, 177, '0000-00-00', '2015-07-09', '2016-02-03'),
(1495, 29, 185, '0000-00-00', '0000-00-00', '2016-02-03'),
(1496, 29, 257, '2015-07-09', '0000-00-00', '0000-00-00'),
(1497, 29, 258, '2015-07-09', '0000-00-00', '0000-00-00'),
(1498, 29, 260, '2015-07-09', '0000-00-00', '0000-00-00'),
(1499, 29, 263, '0000-00-00', '2015-07-09', '0000-00-00'),
(1500, 29, 264, '0000-00-00', '2015-07-09', '0000-00-00'),
(1501, 29, 267, '2016-02-03', '0000-00-00', '0000-00-00'),
(1502, 29, 331, '0000-00-00', '0000-00-00', '2015-07-09'),
(1503, 29, 332, '2015-07-09', '0000-00-00', '2015-11-11'),
(1504, 29, 334, '2015-07-09', '0000-00-00', '0000-00-00'),
(1505, 29, 339, '2015-07-09', '0000-00-00', '0000-00-00'),
(1506, 29, 340, '2015-07-09', '0000-00-00', '0000-00-00'),
(1507, 29, 420, '0000-00-00', '0000-00-00', '2015-07-09'),
(1508, 29, 421, '0000-00-00', '0000-00-00', '2015-07-09'),
(1509, 29, 422, '0000-00-00', '0000-00-00', '2015-07-09'),
(1510, 29, 423, '0000-00-00', '0000-00-00', '2015-11-11'),
(1511, 29, 425, '2015-07-09', '0000-00-00', '0000-00-00'),
(1512, 29, 426, '0000-00-00', '0000-00-00', '2015-07-09'),
(1513, 29, 427, '0000-00-00', '0000-00-00', '2015-07-09'),
(1514, 29, 428, '0000-00-00', '0000-00-00', '2015-07-09'),
(1515, 29, 429, '0000-00-00', '0000-00-00', '2015-07-09'),
(1516, 29, 433, '2016-02-03', '0000-00-00', '0000-00-00'),
(1517, 29, 503, '0000-00-00', '0000-00-00', '2015-07-09'),
(1518, 29, 504, '0000-00-00', '0000-00-00', '2015-07-09'),
(1519, 29, 505, '0000-00-00', '0000-00-00', '2015-07-09'),
(1520, 29, 506, '0000-00-00', '0000-00-00', '2015-07-09'),
(1521, 29, 507, '0000-00-00', '0000-00-00', '2015-07-09'),
(1522, 29, 508, '0000-00-00', '0000-00-00', '2015-07-09'),
(1523, 29, 509, '0000-00-00', '0000-00-00', '2015-07-09'),
(1524, 29, 510, '2015-07-09', '0000-00-00', '0000-00-00'),
(1525, 29, 511, '2015-07-09', '0000-00-00', '0000-00-00'),
(1526, 29, 512, '2015-07-09', '0000-00-00', '0000-00-00'),
(1527, 29, 517, '2015-02-03', '0000-00-00', '0000-00-00'),
(1528, 29, 519, '2015-02-03', '0000-00-00', '0000-00-00'),
(1529, 29, 588, '2016-02-03', '0000-00-00', '0000-00-00'),
(1530, 29, 593, '0000-00-00', '0000-00-00', '2016-02-03'),
(1531, 29, 594, '0000-00-00', '0000-00-00', '2016-02-03'),
(1532, 29, 1757, '2016-02-03', '0000-00-00', '0000-00-00'),
(1533, 30, 45, '0000-00-00', '0000-00-00', '2016-02-03'),
(1534, 30, 46, '0000-00-00', '0000-00-00', '2016-02-03'),
(1535, 30, 47, '0000-00-00', '0000-00-00', '2016-02-03'),
(1536, 30, 52, '0000-00-00', '0000-00-00', '2016-02-03'),
(1537, 30, 53, '0000-00-00', '0000-00-00', '2016-02-03'),
(1538, 30, 192, '0000-00-00', '0000-00-00', '2016-02-03'),
(1539, 30, 196, '0000-00-00', '0000-00-00', '2016-02-03'),
(1540, 30, 199, '0000-00-00', '0000-00-00', '2016-02-03'),
(1541, 30, 267, '0000-00-00', '0000-00-00', '2015-07-09'),
(1542, 30, 268, '0000-00-00', '0000-00-00', '2015-07-09'),
(1543, 30, 269, '0000-00-00', '0000-00-00', '2015-07-09'),
(1544, 30, 270, '0000-00-00', '0000-00-00', '2015-07-09'),
(1545, 30, 271, '0000-00-00', '0000-00-00', '2015-07-09'),
(1546, 30, 272, '0000-00-00', '0000-00-00', '2015-07-09'),
(1547, 30, 273, '0000-00-00', '0000-00-00', '2015-07-09'),
(1548, 30, 274, '0000-00-00', '0000-00-00', '2015-07-09'),
(1549, 30, 275, '0000-00-00', '0000-00-00', '2015-07-09'),
(1550, 30, 276, '0000-00-00', '0000-00-00', '2015-07-09'),
(1551, 30, 331, '0000-00-00', '0000-00-00', '2015-07-09'),
(1552, 30, 332, '0000-00-00', '0000-00-00', '2015-07-09'),
(1553, 30, 333, '0000-00-00', '0000-00-00', '2015-07-09'),
(1554, 30, 334, '0000-00-00', '0000-00-00', '2015-07-09'),
(1555, 30, 335, '0000-00-00', '0000-00-00', '2015-07-09'),
(1556, 30, 337, '0000-00-00', '0000-00-00', '2015-07-09'),
(1557, 30, 339, '0000-00-00', '0000-00-00', '2015-07-09'),
(1558, 30, 340, '0000-00-00', '0000-00-00', '2015-07-09'),
(1559, 30, 350, '2015-11-11', '0000-00-00', '0000-00-00'),
(1560, 30, 439, '0000-00-00', '0000-00-00', '2015-07-09'),
(1561, 30, 442, '0000-00-00', '0000-00-00', '2015-07-09'),
(1562, 30, 444, '0000-00-00', '0000-00-00', '2015-07-09'),
(1563, 30, 445, '0000-00-00', '0000-00-00', '2015-07-09'),
(1564, 30, 446, '0000-00-00', '0000-00-00', '2015-07-09'),
(1565, 30, 447, '0000-00-00', '0000-00-00', '2015-07-09'),
(1566, 30, 448, '2015-07-09', '0000-00-00', '0000-00-00'),
(1567, 30, 521, '0000-00-00', '0000-00-00', '2016-02-03'),
(1568, 30, 522, '0000-00-00', '0000-00-00', '2016-02-03'),
(1569, 30, 596, '2016-02-03', '0000-00-00', '0000-00-00'),
(1570, 30, 597, '2016-02-03', '0000-00-00', '0000-00-00'),
(1571, 30, 602, '2016-02-03', '0000-00-00', '0000-00-00'),
(1572, 30, 605, '0000-00-00', '0000-00-00', '2016-02-03'),
(1573, 30, 1636, '2016-02-03', '0000-00-00', '0000-00-00'),
(1574, 30, 1639, '2016-02-03', '0000-00-00', '0000-00-00'),
(1575, 30, 1641, '2016-02-03', '0000-00-00', '0000-00-00'),
(1576, 30, 1644, '2016-02-03', '0000-00-00', '0000-00-00'),
(1577, 30, 1761, '0000-00-00', '0000-00-00', '2016-02-03'),
(1578, 30, 1796, '0000-00-00', '0000-00-00', '2016-02-03'),
(1579, 30, 1803, '0000-00-00', '0000-00-00', '2016-02-03'),
(1580, 31, 192, '0000-00-00', '0000-00-00', '2016-02-03'),
(1581, 31, 193, '0000-00-00', '0000-00-00', '2016-02-03'),
(1582, 31, 196, '0000-00-00', '0000-00-00', '2016-02-03'),
(1583, 31, 197, '0000-00-00', '0000-00-00', '2016-02-03'),
(1584, 31, 198, '0000-00-00', '0000-00-00', '2016-02-03'),
(1585, 31, 199, '0000-00-00', '0000-00-00', '2016-02-03'),
(1586, 31, 200, '0000-00-00', '0000-00-00', '2016-02-03'),
(1587, 31, 267, '0000-00-00', '0000-00-00', '2016-02-03'),
(1588, 31, 268, '0000-00-00', '0000-00-00', '2016-02-03'),
(1589, 31, 269, '0000-00-00', '0000-00-00', '2016-02-03'),
(1590, 31, 341, '0000-00-00', '0000-00-00', '2015-11-12'),
(1591, 31, 342, '0000-00-00', '0000-00-00', '2016-02-03'),
(1592, 31, 343, '0000-00-00', '0000-00-00', '2016-02-03'),
(1593, 31, 344, '0000-00-00', '0000-00-00', '2016-02-03'),
(1594, 31, 345, '0000-00-00', '0000-00-00', '2015-11-12'),
(1595, 31, 346, '0000-00-00', '0000-00-00', '2015-11-11'),
(1596, 31, 347, '0000-00-00', '0000-00-00', '2015-11-12'),
(1597, 31, 348, '0000-00-00', '0000-00-00', '2015-11-12'),
(1598, 31, 349, '0000-00-00', '0000-00-00', '2016-02-03'),
(1599, 31, 350, '0000-00-00', '0000-00-00', '2015-11-11'),
(1600, 31, 441, '0000-00-00', '0000-00-00', '2016-02-03'),
(1601, 31, 444, '0000-00-00', '0000-00-00', '2016-02-03'),
(1602, 31, 446, '0000-00-00', '0000-00-00', '2016-02-03'),
(1603, 31, 513, '0000-00-00', '0000-00-00', '2016-02-03'),
(1604, 31, 514, '2016-02-03', '0000-00-00', '0000-00-00'),
(1605, 31, 515, '0000-00-00', '0000-00-00', '2016-02-03'),
(1606, 31, 516, '2016-02-03', '0000-00-00', '0000-00-00'),
(1607, 31, 517, '0000-00-00', '0000-00-00', '2016-02-03'),
(1608, 31, 518, '2016-02-03', '0000-00-00', '0000-00-00'),
(1609, 31, 519, '2016-02-03', '0000-00-00', '0000-00-00'),
(1610, 31, 521, '0000-00-00', '0000-00-00', '2016-02-03'),
(1611, 31, 522, '0000-00-00', '0000-00-00', '2016-02-03'),
(1612, 31, 596, '0000-00-00', '0000-00-00', '2016-02-03'),
(1613, 31, 597, '2016-02-03', '0000-00-00', '0000-00-00'),
(1614, 31, 599, '2016-02-03', '0000-00-00', '0000-00-00'),
(1615, 31, 603, '0000-00-00', '0000-00-00', '2016-02-03'),
(1616, 31, 1639, '2016-02-03', '0000-00-00', '0000-00-00'),
(1617, 31, 1680, '0000-00-00', '0000-00-00', '2016-02-03'),
(1618, 31, 1681, '0000-00-00', '0000-00-00', '2016-02-03'),
(1619, 31, 1761, '0000-00-00', '0000-00-00', '2016-02-03'),
(1620, 31, 1762, '0000-00-00', '0000-00-00', '2016-02-03'),
(1621, 31, 1796, '0000-00-00', '0000-00-00', '2016-02-03'),
(1622, 31, 1798, '0000-00-00', '0000-00-00', '2016-02-03'),
(1623, 31, 1799, '0000-00-00', '0000-00-00', '2016-02-03'),
(1624, 31, 1803, '0000-00-00', '0000-00-00', '2016-02-03'),
(1625, 31, 1836, '0000-00-00', '0000-00-00', '2016-02-03'),
(1626, 31, 1837, '0000-00-00', '0000-00-00', '2016-02-03'),
(1627, 31, 1877, '2016-02-03', '0000-00-00', '0000-00-00'),
(1628, 31, 1879, '2016-02-03', '0000-00-00', '0000-00-00'),
(1629, 31, 1880, '2016-02-03', '0000-00-00', '0000-00-00'),
(1630, 31, 1882, '2016-02-03', '0000-00-00', '0000-00-00'),
(1631, 31, 1887, '2016-02-03', '0000-00-00', '0000-00-00'),
(1632, 31, 1889, '2016-02-03', '0000-00-00', '0000-00-00'),
(1633, 31, 1891, '2016-02-03', '0000-00-00', '0000-00-00'),
(1634, 31, 1916, '0000-00-00', '0000-00-00', '2016-02-03'),
(1635, 31, 1921, '2016-02-03', '0000-00-00', '0000-00-00'),
(1636, 31, 1923, '2016-02-03', '0000-00-00', '0000-00-00'),
(1637, 31, 1925, '2016-02-03', '0000-00-00', '0000-00-00'),
(1638, 32, 44, '2015-07-08', '2015-07-08', '2015-07-08'),
(1639, 32, 45, '0000-00-00', '0000-00-00', '2015-07-08'),
(1640, 32, 46, '0000-00-00', '0000-00-00', '2015-07-08'),
(1641, 32, 47, '0000-00-00', '0000-00-00', '2015-07-08'),
(1642, 32, 48, '0000-00-00', '2015-07-08', '2016-02-03'),
(1643, 32, 49, '2015-07-08', '0000-00-00', '0000-00-00'),
(1644, 32, 50, '2015-07-08', '0000-00-00', '0000-00-00'),
(1645, 32, 51, '2015-07-08', '0000-00-00', '0000-00-00'),
(1646, 32, 52, '2015-07-08', '0000-00-00', '2016-02-03'),
(1647, 32, 53, '0000-00-00', '0000-00-00', '2015-07-08'),
(1648, 32, 109, '0000-00-00', '0000-00-00', '2016-02-03'),
(1649, 32, 110, '0000-00-00', '0000-00-00', '2016-02-03'),
(1650, 32, 113, '0000-00-00', '0000-00-00', '2016-02-03'),
(1651, 32, 114, '0000-00-00', '0000-00-00', '2016-02-03'),
(1652, 32, 126, '2016-02-03', '0000-00-00', '0000-00-00'),
(1653, 32, 127, '2016-02-03', '0000-00-00', '0000-00-00'),
(1654, 32, 182, '0000-00-00', '0000-00-00', '2015-07-09'),
(1655, 32, 183, '0000-00-00', '0000-00-00', '2015-07-09'),
(1656, 32, 184, '0000-00-00', '0000-00-00', '2015-07-08'),
(1657, 32, 185, '0000-00-00', '0000-00-00', '2015-07-09'),
(1658, 32, 186, '2016-01-13', '0000-00-00', '2016-02-03'),
(1659, 32, 187, '0000-00-00', '0000-00-00', '2015-07-09'),
(1660, 32, 188, '0000-00-00', '0000-00-00', '2015-07-09'),
(1661, 32, 189, '2015-07-09', '2016-01-13', '2016-02-03'),
(1662, 32, 190, '0000-00-00', '0000-00-00', '2015-07-09'),
(1663, 32, 191, '2015-07-09', '0000-00-00', '2016-02-03'),
(1664, 32, 192, '0000-00-00', '0000-00-00', '2016-02-03'),
(1665, 32, 193, '2016-02-03', '0000-00-00', '0000-00-00'),
(1666, 32, 196, '0000-00-00', '0000-00-00', '2016-02-03'),
(1667, 32, 199, '0000-00-00', '0000-00-00', '2016-02-03'),
(1668, 32, 257, '0000-00-00', '0000-00-00', '2015-07-09'),
(1669, 32, 258, '0000-00-00', '0000-00-00', '2015-07-09'),
(1670, 32, 259, '2015-07-09', '0000-00-00', '0000-00-00'),
(1671, 32, 260, '0000-00-00', '0000-00-00', '2015-07-09'),
(1672, 32, 261, '0000-00-00', '0000-00-00', '2015-07-09'),
(1673, 32, 262, '0000-00-00', '0000-00-00', '2015-07-09'),
(1674, 32, 263, '0000-00-00', '0000-00-00', '2015-07-09'),
(1675, 32, 264, '0000-00-00', '0000-00-00', '2015-07-09'),
(1676, 32, 267, '2016-02-03', '0000-00-00', '0000-00-00'),
(1677, 32, 268, '2016-02-03', '0000-00-00', '0000-00-00'),
(1678, 32, 269, '2016-02-03', '0000-00-00', '0000-00-00'),
(1679, 32, 341, '0000-00-00', '0000-00-00', '2015-07-09'),
(1680, 32, 342, '0000-00-00', '0000-00-00', '2015-07-09'),
(1681, 32, 343, '0000-00-00', '0000-00-00', '2015-07-09'),
(1682, 32, 344, '0000-00-00', '0000-00-00', '2015-07-09'),
(1683, 32, 345, '0000-00-00', '0000-00-00', '2015-07-09'),
(1684, 32, 346, '0000-00-00', '2015-07-09', '0000-00-00'),
(1685, 32, 347, '2015-07-09', '2015-11-12', '2016-02-03'),
(1686, 32, 348, '0000-00-00', '2015-11-12', '2016-02-03'),
(1687, 32, 349, '2015-07-09', '0000-00-00', '0000-00-00'),
(1688, 32, 350, '2015-11-11', '0000-00-00', '0000-00-00'),
(1689, 32, 439, '2015-07-09', '0000-00-00', '0000-00-00'),
(1690, 32, 440, '0000-00-00', '0000-00-00', '2015-07-09'),
(1691, 32, 441, '0000-00-00', '0000-00-00', '2015-07-09'),
(1692, 32, 442, '0000-00-00', '0000-00-00', '2015-07-09'),
(1693, 32, 443, '2015-07-09', '0000-00-00', '0000-00-00'),
(1694, 32, 444, '0000-00-00', '0000-00-00', '2015-07-09'),
(1695, 32, 445, '0000-00-00', '0000-00-00', '2015-07-09'),
(1696, 32, 446, '2016-02-03', '0000-00-00', '0000-00-00'),
(1697, 32, 503, '0000-00-00', '0000-00-00', '2016-02-03'),
(1698, 32, 506, '2016-02-03', '0000-00-00', '0000-00-00'),
(1699, 32, 507, '2016-02-03', '0000-00-00', '0000-00-00'),
(1700, 32, 508, '0000-00-00', '0000-00-00', '2016-02-03'),
(1701, 32, 511, '0000-00-00', '0000-00-00', '2016-02-03'),
(1702, 32, 517, '2016-02-03', '0000-00-00', '0000-00-00'),
(1703, 32, 519, '2015-02-03', '0000-00-00', '0000-00-00'),
(1704, 32, 596, '0000-00-00', '0000-00-00', '2016-02-05'),
(1705, 32, 597, '0000-00-00', '0000-00-00', '2016-02-05'),
(1706, 32, 603, '0000-00-00', '0000-00-00', '2016-02-05'),
(1707, 32, 1836, '2016-02-03', '0000-00-00', '0000-00-00'),
(1708, 32, 1916, '2016-02-03', '0000-00-00', '0000-00-00'),
(1709, 32, 1999, '0000-00-00', '0000-00-00', '2016-02-03'),
(1710, 32, 2000, '0000-00-00', '0000-00-00', '2016-02-03'),
(1711, 33, 44, '2015-12-09', '0000-00-00', '0000-00-00'),
(1712, 33, 45, '0000-00-00', '2015-12-09', '2016-02-03'),
(1713, 33, 46, '0000-00-00', '0000-00-00', '2015-11-27'),
(1714, 33, 47, '0000-00-00', '0000-00-00', '2016-02-03'),
(1715, 33, 49, '0000-00-00', '2015-12-09', '0000-00-00'),
(1716, 33, 53, '0000-00-00', '0000-00-00', '2016-02-03'),
(1717, 33, 192, '0000-00-00', '0000-00-00', '2016-02-03'),
(1718, 33, 193, '2016-02-03', '0000-00-00', '0000-00-00'),
(1719, 33, 196, '0000-00-00', '0000-00-00', '2016-02-03'),
(1720, 33, 198, '2016-02-03', '0000-00-00', '0000-00-00'),
(1721, 33, 200, '2016-02-03', '0000-00-00', '0000-00-00'),
(1722, 33, 267, '2016-02-03', '0000-00-00', '0000-00-00'),
(1723, 33, 268, '0000-00-00', '0000-00-00', '2016-02-03'),
(1724, 33, 269, '0000-00-00', '0000-00-00', '2016-02-03'),
(1725, 33, 274, '2016-02-03', '0000-00-00', '0000-00-00'),
(1726, 33, 341, '0000-00-00', '0000-00-00', '2016-02-03'),
(1727, 33, 342, '0000-00-00', '0000-00-00', '2016-02-03'),
(1728, 33, 343, '0000-00-00', '0000-00-00', '2016-02-03'),
(1729, 33, 344, '0000-00-00', '0000-00-00', '2016-02-03'),
(1730, 33, 345, '0000-00-00', '0000-00-00', '2015-11-12'),
(1731, 33, 346, '0000-00-00', '0000-00-00', '2015-11-11'),
(1732, 33, 347, '0000-00-00', '0000-00-00', '2015-11-12'),
(1733, 33, 348, '0000-00-00', '0000-00-00', '2015-11-12'),
(1734, 33, 349, '2016-02-03', '0000-00-00', '0000-00-00'),
(1735, 33, 350, '0000-00-00', '2015-11-11', '2016-02-03'),
(1736, 33, 444, '0000-00-00', '0000-00-00', '2016-02-03'),
(1737, 33, 446, '0000-00-00', '0000-00-00', '2016-02-03'),
(1738, 33, 514, '2016-02-03', '0000-00-00', '0000-00-00'),
(1739, 33, 515, '2015-12-09', '0000-00-00', '0000-00-00'),
(1740, 33, 517, '0000-00-00', '2015-12-09', '2016-02-03'),
(1741, 33, 518, '2016-02-03', '0000-00-00', '0000-00-00'),
(1742, 33, 519, '2015-11-27', '2016-02-03', '2016-02-03'),
(1743, 33, 521, '2015-11-27', '0000-00-00', '0000-00-00'),
(1744, 33, 522, '0000-00-00', '2016-02-03', '0000-00-00'),
(1745, 33, 1636, '0000-00-00', '0000-00-00', '2016-02-03'),
(1746, 33, 1639, '2016-02-03', '0000-00-00', '0000-00-00'),
(1747, 33, 1641, '0000-00-00', '0000-00-00', '2016-02-03'),
(1748, 33, 1681, '0000-00-00', '0000-00-00', '2016-02-03'),
(1749, 33, 1720, '0000-00-00', '0000-00-00', '2016-02-03'),
(1750, 33, 1721, '0000-00-00', '2016-02-03', '0000-00-00'),
(1751, 33, 1722, '0000-00-00', '2016-02-03', '0000-00-00'),
(1752, 33, 1761, '2016-02-03', '0000-00-00', '0000-00-00'),
(1753, 33, 1796, '2015-12-09', '0000-00-00', '2016-02-03'),
(1754, 33, 1798, '2016-03-03', '0000-00-00', '0000-00-00'),
(1755, 33, 1800, '2015-12-09', '0000-00-00', '2016-02-03'),
(1756, 33, 1803, '0000-00-00', '0000-00-00', '2015-12-09'),
(1757, 33, 1804, '0000-00-00', '0000-00-00', '2016-02-03'),
(1758, 33, 1916, '2016-02-03', '0000-00-00', '0000-00-00'),
(1759, 33, 1925, '2016-02-03', '0000-00-00', '0000-00-00'),
(1760, 33, 1993, '0000-00-00', '0000-00-00', '2016-02-03'),
(1761, 33, 1995, '0000-00-00', '0000-00-00', '2016-02-03'),
(1762, 33, 1999, '0000-00-00', '0000-00-00', '2016-02-03'),
(1763, 33, 2000, '0000-00-00', '0000-00-00', '2016-02-03'),
(1764, 34, 44, '2015-09-23', '2015-09-30', '2015-10-02'),
(1765, 34, 45, '2015-06-23', '2015-09-16', '2015-09-22'),
(1766, 34, 46, '2015-06-23', '2015-09-16', '2015-09-18'),
(1767, 34, 47, '2015-09-18', '2015-09-22', '2015-09-23'),
(1768, 34, 48, '0000-00-00', '0000-00-00', '2015-06-23'),
(1769, 34, 49, '0000-00-00', '2015-06-23', '0000-00-00'),
(1770, 34, 50, '0000-00-00', '2015-06-23', '0000-00-00'),
(1771, 34, 51, '2015-10-21', '2015-11-27', '2015-12-09'),
(1772, 34, 52, '2015-09-23', '2015-09-24', '2015-09-25'),
(1773, 34, 53, '2015-09-16', '2015-09-22', '2015-09-23'),
(1774, 34, 119, '0000-00-00', '0000-00-00', '2015-06-23'),
(1775, 34, 120, '0000-00-00', '0000-00-00', '2015-06-23'),
(1776, 34, 121, '0000-00-00', '0000-00-00', '2015-06-23'),
(1777, 34, 122, '0000-00-00', '0000-00-00', '2015-06-23'),
(1778, 34, 123, '0000-00-00', '0000-00-00', '2015-06-23'),
(1779, 34, 124, '0000-00-00', '0000-00-00', '2015-06-23'),
(1780, 34, 125, '0000-00-00', '0000-00-00', '2015-06-23'),
(1781, 34, 126, '0000-00-00', '0000-00-00', '2015-06-23');
INSERT INTO `PupilStatements` (`ID`, `PupilID`, `StatementID`, `PartiallyDate`, `AchievedDate`, `ConsolidatedDate`) VALUES
(1782, 34, 127, '0000-00-00', '0000-00-00', '2015-06-23'),
(1783, 34, 128, '0000-00-00', '0000-00-00', '2015-06-23'),
(1784, 34, 182, '2015-06-23', '0000-00-00', '0000-00-00'),
(1785, 34, 183, '2015-06-23', '0000-00-00', '0000-00-00'),
(1786, 34, 184, '0000-00-00', '2015-06-23', '0000-00-00'),
(1787, 34, 185, '2015-06-23', '0000-00-00', '0000-00-00'),
(1788, 34, 186, '2015-06-23', '0000-00-00', '0000-00-00'),
(1789, 34, 187, '2015-06-23', '0000-00-00', '0000-00-00'),
(1790, 34, 188, '0000-00-00', '2015-06-23', '0000-00-00'),
(1791, 34, 189, '0000-00-00', '2015-06-23', '2016-02-01'),
(1792, 34, 190, '2015-09-09', '2015-10-05', '2015-10-06'),
(1793, 34, 191, '0000-00-00', '2015-06-23', '2016-02-03'),
(1794, 34, 267, '2015-09-23', '2015-10-05', '2015-10-06'),
(1795, 34, 268, '0000-00-00', '0000-00-00', '2015-06-23'),
(1796, 34, 269, '2016-01-05', '2016-02-12', '2016-01-14'),
(1797, 34, 270, '0000-00-00', '2015-06-23', '2016-03-07'),
(1798, 34, 271, '0000-00-00', '2015-06-23', '2016-03-07'),
(1799, 34, 272, '2015-10-21', '2015-12-16', '2016-02-03'),
(1800, 34, 273, '2016-01-29', '2016-02-03', '2016-02-05'),
(1801, 34, 274, '0000-00-00', '0000-00-00', '2016-03-07'),
(1802, 34, 275, '0000-00-00', '0000-00-00', '2015-06-23'),
(1803, 34, 276, '0000-00-00', '0000-00-00', '2015-06-23'),
(1804, 34, 341, '0000-00-00', '0000-00-00', '2015-06-23'),
(1805, 34, 342, '0000-00-00', '0000-00-00', '2015-06-23'),
(1806, 34, 343, '0000-00-00', '0000-00-00', '2015-06-23'),
(1807, 34, 344, '0000-00-00', '0000-00-00', '2015-06-23'),
(1808, 34, 345, '0000-00-00', '0000-00-00', '2015-06-23'),
(1809, 34, 346, '0000-00-00', '0000-00-00', '2015-06-23'),
(1810, 34, 347, '0000-00-00', '0000-00-00', '2015-06-23'),
(1811, 34, 348, '0000-00-00', '0000-00-00', '2015-06-23'),
(1812, 34, 349, '2015-11-03', '2015-11-06', '2015-11-19'),
(1813, 34, 350, '2015-06-23', '2016-01-13', '2016-01-26'),
(1814, 34, 439, '0000-00-00', '2015-06-23', '0000-00-00'),
(1815, 34, 440, '0000-00-00', '2015-06-23', '0000-00-00'),
(1816, 34, 441, '0000-00-00', '2015-06-23', '0000-00-00'),
(1817, 34, 442, '0000-00-00', '2015-06-23', '0000-00-00'),
(1818, 34, 443, '0000-00-00', '2015-06-23', '0000-00-00'),
(1819, 34, 444, '0000-00-00', '0000-00-00', '2015-06-23'),
(1820, 34, 445, '2015-09-28', '2015-09-29', '2015-10-02'),
(1821, 34, 446, '0000-00-00', '2015-06-23', '0000-00-00'),
(1822, 34, 447, '0000-00-00', '2015-06-23', '0000-00-00'),
(1823, 34, 448, '2015-06-23', '0000-00-00', '0000-00-00'),
(1824, 34, 513, '0000-00-00', '2015-06-23', '2015-11-25'),
(1825, 34, 514, '0000-00-00', '2015-06-23', '2015-10-05'),
(1826, 34, 515, '0000-00-00', '2015-06-23', '2015-11-25'),
(1827, 34, 516, '0000-00-00', '2015-06-23', '2015-11-25'),
(1828, 34, 517, '0000-00-00', '0000-00-00', '2015-06-23'),
(1829, 34, 518, '2015-06-23', '2015-10-01', '2015-10-02'),
(1830, 34, 519, '0000-00-00', '0000-00-00', '2015-06-23'),
(1831, 34, 520, '0000-00-00', '0000-00-00', '2015-06-23'),
(1832, 34, 521, '0000-00-00', '2015-06-23', '2015-11-25'),
(1833, 34, 522, '0000-00-00', '0000-00-00', '2015-06-23'),
(1834, 34, 596, '2015-11-25', '2015-11-27', '2015-12-17'),
(1835, 34, 597, '0000-00-00', '2015-06-23', '2015-12-17'),
(1836, 34, 598, '2015-06-23', '0000-00-00', '0000-00-00'),
(1837, 34, 599, '2015-06-23', '0000-00-00', '2016-03-22'),
(1838, 34, 601, '2015-06-23', '2015-11-25', '0000-00-00'),
(1839, 34, 602, '0000-00-00', '2015-06-23', '0000-00-00'),
(1840, 34, 603, '0000-00-00', '0000-00-00', '2015-06-23'),
(1841, 34, 604, '0000-00-00', '2015-06-23', '2016-03-22'),
(1842, 34, 605, '2015-06-23', '2015-09-14', '2015-10-02'),
(1843, 34, 1636, '2015-09-25', '2015-10-19', '2015-11-25'),
(1844, 34, 1638, '2015-11-03', '2015-11-06', '2015-11-30'),
(1845, 34, 1639, '2015-11-06', '2015-11-09', '2015-11-30'),
(1846, 34, 1643, '2015-11-06', '2015-11-10', '2015-11-30'),
(1847, 34, 1644, '2016-01-05', '2016-01-12', '2016-01-14'),
(1848, 34, 1676, '2016-03-01', '2016-03-03', '2016-03-10'),
(1849, 34, 1677, '2015-11-03', '2015-11-06', '2015-11-19'),
(1850, 34, 1680, '2015-11-10', '2015-11-12', '2015-11-13'),
(1851, 34, 1681, '2015-11-25', '2015-11-26', '2015-11-30'),
(1852, 34, 1685, '2016-02-22', '2016-03-03', '2016-03-10'),
(1853, 34, 1716, '2015-09-23', '2015-10-19', '2015-11-25'),
(1854, 34, 1796, '2015-10-05', '2015-10-19', '2015-11-23'),
(1855, 34, 1797, '2015-09-16', '2015-10-19', '2015-11-23'),
(1856, 34, 1798, '2015-12-16', '2016-01-13', '2016-01-20'),
(1857, 34, 1799, '2015-12-16', '2016-01-13', '2016-01-20'),
(1858, 34, 1800, '2015-10-05', '2015-10-29', '2015-11-25'),
(1859, 34, 1801, '2016-03-01', '2016-03-08', '2016-03-15'),
(1860, 34, 1803, '2015-09-23', '2015-10-15', '2015-11-25'),
(1861, 34, 1804, '2015-09-23', '2015-10-15', '2015-11-25'),
(1862, 34, 1836, '2015-09-17', '2015-10-15', '2015-11-25'),
(1863, 34, 1837, '2016-03-01', '2016-03-08', '2016-03-15'),
(1864, 34, 1839, '2015-09-02', '2015-09-10', '2015-09-16'),
(1865, 34, 1844, '2015-09-02', '2015-09-10', '2015-09-16'),
(1866, 34, 1957, '2015-09-15', '2015-10-23', '2015-11-25'),
(1867, 34, 1958, '2015-10-12', '2015-11-10', '2015-11-25'),
(1868, 34, 1959, '2015-09-22', '2015-10-16', '2015-11-20'),
(1869, 34, 1960, '2015-11-09', '2015-11-10', '2015-11-23'),
(1870, 34, 1966, '2015-10-21', '2015-11-09', '2015-11-25'),
(1871, 35, 34, '2015-09-15', '2015-09-16', '2015-10-23'),
(1872, 35, 39, '2015-06-23', '0000-00-00', '0000-00-00'),
(1873, 35, 40, '2016-02-05', '0000-00-00', '0000-00-00'),
(1874, 35, 41, '2015-09-16', '2015-09-23', '2015-10-20'),
(1875, 35, 43, '2015-09-23', '2015-09-30', '2015-10-20'),
(1876, 35, 99, '2015-11-20', '0000-00-00', '0000-00-00'),
(1877, 35, 100, '2015-06-23', '0000-00-00', '0000-00-00'),
(1878, 35, 101, '2016-02-05', '0000-00-00', '0000-00-00'),
(1879, 35, 102, '2015-06-23', '2016-02-05', '2016-03-15'),
(1880, 35, 104, '2015-06-23', '2016-02-05', '0000-00-00'),
(1881, 35, 105, '2016-02-05', '0000-00-00', '0000-00-00'),
(1882, 35, 106, '2016-02-05', '0000-00-00', '0000-00-00'),
(1883, 35, 108, '2015-06-23', '2016-02-05', '0000-00-00'),
(1884, 35, 184, '2015-06-23', '0000-00-00', '0000-00-00'),
(1885, 35, 189, '2015-06-23', '0000-00-00', '0000-00-00'),
(1886, 35, 190, '2015-10-13', '2015-10-19', '2015-11-19'),
(1887, 35, 257, '2016-01-26', '2016-01-29', '2016-02-01'),
(1888, 35, 258, '2016-01-26', '2016-01-28', '2016-01-29'),
(1889, 35, 261, '2015-09-21', '2015-09-22', '2015-10-16'),
(1890, 35, 263, '2015-10-05', '2015-10-09', '2015-10-15'),
(1891, 35, 265, '2015-11-03', '2015-11-10', '2015-11-24'),
(1892, 35, 331, '2015-06-23', '0000-00-00', '0000-00-00'),
(1893, 35, 332, '2015-06-23', '2015-09-07', '2015-12-15'),
(1894, 35, 333, '2015-06-23', '2016-01-05', '2016-01-14'),
(1895, 35, 334, '2016-02-26', '2016-03-17', '2016-03-21'),
(1896, 35, 337, '2015-06-23', '0000-00-00', '0000-00-00'),
(1897, 35, 420, '2015-09-28', '2015-09-29', '2015-10-01'),
(1898, 35, 422, '2015-09-28', '2015-10-01', '2015-10-02'),
(1899, 35, 426, '2016-01-15', '2016-01-27', '2016-02-02'),
(1900, 35, 427, '2015-09-15', '2015-10-02', '2015-09-22'),
(1901, 35, 428, '2015-09-07', '2015-10-21', '2015-11-23'),
(1902, 35, 429, '0000-00-00', '0000-00-00', '2015-06-23'),
(1903, 35, 513, '2015-09-30', '2015-10-07', '2015-10-14'),
(1904, 35, 514, '2016-03-01', '2016-03-08', '2016-03-15'),
(1905, 35, 515, '0000-00-00', '0000-00-00', '0000-00-00'),
(1906, 35, 516, '0000-00-00', '0000-00-00', '0000-00-00'),
(1907, 35, 517, '2015-06-23', '2015-10-06', '2015-11-13'),
(1908, 35, 518, '0000-00-00', '0000-00-00', '0000-00-00'),
(1909, 35, 519, '2015-09-23', '2015-10-06', '2015-11-20'),
(1910, 35, 520, '0000-00-00', '0000-00-00', '0000-00-00'),
(1911, 35, 521, '2015-06-23', '2016-02-05', '2016-02-05'),
(1912, 35, 522, '2015-06-23', '2015-09-17', '2015-10-07'),
(1913, 35, 596, '2015-06-23', '2015-11-02', '2015-11-09'),
(1914, 35, 597, '2015-11-20', '2015-11-23', '2015-11-25'),
(1915, 35, 599, '0000-00-00', '2016-03-22', '0000-00-00'),
(1916, 35, 603, '2015-06-23', '2015-09-09', '2015-10-07'),
(1917, 35, 604, '0000-00-00', '2016-03-22', '0000-00-00'),
(1918, 35, 605, '2015-09-15', '2015-10-02', '2015-10-19'),
(1919, 36, 44, '2015-09-16', '2015-09-23', '2015-10-21'),
(1920, 36, 45, '2015-09-16', '2015-10-14', '2015-10-21'),
(1921, 36, 46, '2015-09-16', '2015-09-23', '2015-10-21'),
(1922, 36, 47, '2015-06-23', '2016-02-05', '2016-03-02'),
(1923, 36, 48, '2016-02-05', '2016-03-02', '0000-00-00'),
(1924, 36, 49, '2015-06-23', '2016-02-05', '0000-00-00'),
(1925, 36, 51, '2016-03-02', '0000-00-00', '0000-00-00'),
(1926, 36, 52, '2015-09-16', '2015-09-23', '2015-10-14'),
(1927, 36, 53, '2015-06-23', '2015-09-09', '2015-09-15'),
(1928, 36, 109, '2015-06-23', '2016-02-05', '0000-00-00'),
(1929, 36, 110, '2016-02-05', '0000-00-00', '0000-00-00'),
(1930, 36, 111, '2016-02-05', '0000-00-00', '0000-00-00'),
(1931, 36, 114, '2015-06-23', '2016-02-05', '0000-00-00'),
(1932, 36, 115, '2016-03-01', '2016-03-08', '2016-03-15'),
(1933, 36, 116, '2015-06-23', '0000-00-00', '0000-00-00'),
(1934, 36, 185, '2015-06-23', '2016-01-13', '2016-02-05'),
(1935, 36, 186, '2016-03-01', '2016-03-08', '2016-03-15'),
(1936, 36, 189, '2015-06-23', '2015-11-10', '2016-02-05'),
(1937, 36, 190, '2015-06-23', '2015-09-09', '2015-09-22'),
(1938, 36, 267, '2016-01-05', '2016-02-01', '2016-02-03'),
(1939, 36, 268, '2015-11-26', '2015-11-30', '2015-12-04'),
(1940, 36, 269, '2015-11-26', '2015-11-30', '2015-12-07'),
(1941, 36, 270, '2015-06-23', '0000-00-00', '0000-00-00'),
(1942, 36, 273, '2015-12-15', '2016-01-28', '2016-01-29'),
(1943, 36, 274, '2016-03-18', '2016-03-21', '2016-03-23'),
(1944, 36, 275, '2015-09-22', '2015-09-23', '2015-09-25'),
(1945, 36, 276, '2015-09-22', '2015-09-23', '2015-09-25'),
(1946, 36, 341, '2016-03-03', '2016-03-09', '2016-03-17'),
(1947, 36, 343, '2015-06-23', '2015-10-05', '2015-10-06'),
(1948, 36, 344, '2016-02-29', '2016-03-03', '2016-03-08'),
(1949, 36, 345, '2015-06-23', '2015-09-24', '2015-10-01'),
(1950, 36, 346, '2015-11-10', '2015-11-12', '2015-11-24'),
(1951, 36, 347, '2015-06-23', '0000-00-00', '0000-00-00'),
(1952, 36, 348, '2015-06-23', '0000-00-00', '0000-00-00'),
(1953, 36, 441, '2016-02-22', '2016-02-25', '2016-02-26'),
(1954, 36, 442, '2015-09-28', '2015-09-29', '2015-09-30'),
(1955, 36, 443, '2016-03-21', '2016-03-22', '2016-03-23'),
(1956, 36, 444, '0000-00-00', '0000-00-00', '2015-06-23'),
(1957, 36, 445, '2016-02-25', '2016-03-01', '2016-03-09'),
(1958, 36, 513, '0000-00-00', '0000-00-00', '2015-06-23'),
(1959, 36, 514, '0000-00-00', '0000-00-00', '2015-06-23'),
(1960, 36, 515, '0000-00-00', '2015-06-23', '2016-02-05'),
(1961, 36, 516, '0000-00-00', '2015-06-23', '2016-02-05'),
(1962, 36, 517, '0000-00-00', '2015-06-23', '2015-10-07'),
(1963, 36, 518, '2015-06-23', '2015-10-01', '2015-10-02'),
(1964, 36, 519, '0000-00-00', '0000-00-00', '2015-06-23'),
(1965, 36, 520, '0000-00-00', '0000-00-00', '2015-06-23'),
(1966, 36, 521, '0000-00-00', '0000-00-00', '2015-06-23'),
(1967, 36, 522, '0000-00-00', '0000-00-00', '2015-06-23'),
(1968, 36, 596, '2015-06-23', '2015-10-01', '2015-09-21'),
(1969, 36, 597, '0000-00-00', '0000-00-00', '2015-06-23'),
(1970, 36, 598, '2015-06-23', '2015-09-25', '2015-11-09'),
(1971, 36, 599, '2015-05-05', '2016-01-22', '2016-01-26'),
(1972, 36, 600, '0000-00-00', '2016-03-22', '2016-03-22'),
(1973, 36, 601, '2016-01-01', '2016-01-14', '2016-02-03'),
(1974, 36, 602, '2016-01-13', '2016-01-21', '2016-01-22'),
(1975, 36, 603, '2016-01-07', '2016-01-12', '2016-01-15'),
(1976, 36, 604, '0000-00-00', '0000-00-00', '2016-03-22'),
(1977, 36, 605, '2015-09-14', '2015-09-21', '2015-10-12'),
(1978, 36, 1681, '2016-01-05', '2016-01-12', '2016-01-14'),
(1979, 36, 1957, '2016-01-21', '2016-01-22', '2016-02-02'),
(1980, 36, 1960, '2015-10-14', '2015-11-27', '2016-02-03'),
(1981, 37, 44, '0000-00-00', '2015-06-23', '2016-03-02'),
(1982, 37, 45, '2015-06-23', '2016-03-02', '0000-00-00'),
(1983, 37, 46, '2015-09-23', '2015-12-09', '2015-12-10'),
(1984, 37, 47, '0000-00-00', '2015-06-23', '2016-02-05'),
(1985, 37, 48, '0000-00-00', '2015-06-23', '2016-03-02'),
(1986, 37, 49, '2015-06-23', '0000-00-00', '0000-00-00'),
(1987, 37, 50, '2015-06-23', '0000-00-00', '0000-00-00'),
(1988, 37, 51, '2015-06-23', '0000-00-00', '0000-00-00'),
(1989, 37, 52, '2015-09-23', '2015-10-14', '2016-02-10'),
(1990, 37, 53, '2015-09-23', '2015-09-30', '2016-01-06'),
(1991, 37, 109, '2015-06-23', '0000-00-00', '0000-00-00'),
(1992, 37, 110, '2015-06-23', '0000-00-00', '0000-00-00'),
(1993, 37, 114, '2015-06-23', '2016-02-05', '2016-02-02'),
(1994, 37, 115, '2016-03-01', '2016-03-08', '2016-03-15'),
(1995, 37, 183, '2015-06-23', '0000-00-00', '0000-00-00'),
(1996, 37, 184, '2016-02-05', '0000-00-00', '0000-00-00'),
(1997, 37, 185, '2015-06-23', '0000-00-00', '0000-00-00'),
(1998, 37, 189, '2015-06-23', '0000-00-00', '0000-00-00'),
(1999, 37, 257, '2016-01-26', '2016-01-29', '2016-02-01'),
(2000, 37, 258, '2016-01-26', '2016-01-29', '2016-02-01'),
(2001, 37, 261, '2015-06-23', '2015-09-17', '2015-09-24'),
(2002, 37, 263, '2015-06-23', '2015-09-25', '2015-09-28'),
(2003, 37, 264, '2015-06-23', '0000-00-00', '0000-00-00'),
(2004, 37, 265, '2015-10-10', '2015-10-19', '2015-11-03'),
(2005, 37, 268, '2016-01-14', '2016-02-29', '2016-02-05'),
(2006, 37, 269, '2015-12-16', '2016-01-13', '2016-02-05'),
(2007, 37, 275, '2015-11-17', '2015-11-30', '2015-12-03'),
(2008, 37, 276, '2015-11-03', '2015-11-17', '2015-12-03'),
(2009, 37, 341, '2015-06-23', '2015-09-10', '2015-10-05'),
(2010, 37, 342, '2016-01-05', '2016-01-29', '2016-02-05'),
(2011, 37, 343, '2016-02-22', '2016-03-03', '2016-03-18'),
(2012, 37, 344, '2015-11-03', '2015-11-13', '2015-12-07'),
(2013, 37, 345, '2015-06-23', '2015-10-01', '2015-10-02'),
(2014, 37, 346, '2016-01-21', '2016-01-29', '2016-02-02'),
(2015, 37, 347, '2015-06-23', '0000-00-00', '0000-00-00'),
(2016, 37, 348, '2015-06-23', '0000-00-00', '0000-00-00'),
(2017, 37, 441, '2015-06-23', '0000-00-00', '0000-00-00'),
(2018, 37, 444, '2015-06-23', '2015-09-10', '2015-10-07'),
(2019, 37, 446, '2015-06-23', '0000-00-00', '0000-00-00'),
(2020, 37, 513, '0000-00-00', '2015-06-23', '0000-00-00'),
(2021, 37, 514, '0000-00-00', '2015-06-23', '2016-03-15'),
(2022, 37, 515, '0000-00-00', '2015-06-23', '0000-00-00'),
(2023, 37, 516, '0000-00-00', '2015-06-23', '0000-00-00'),
(2024, 37, 517, '0000-00-00', '2015-06-23', '2015-12-15'),
(2025, 37, 518, '0000-00-00', '2015-06-23', '0000-00-00'),
(2026, 37, 519, '0000-00-00', '2015-06-23', '2016-02-05'),
(2027, 37, 520, '2015-06-23', '2016-02-05', '0000-00-00'),
(2028, 37, 521, '2015-06-23', '2016-02-05', '0000-00-00'),
(2029, 37, 522, '0000-00-00', '2015-06-23', '2015-12-15'),
(2030, 37, 586, '2015-06-23', '0000-00-00', '0000-00-00'),
(2031, 37, 587, '2015-06-23', '0000-00-00', '0000-00-00'),
(2032, 37, 588, '2015-06-23', '0000-00-00', '0000-00-00'),
(2033, 37, 589, '2015-06-23', '0000-00-00', '0000-00-00'),
(2034, 37, 595, '0000-00-00', '2015-06-23', '0000-00-00'),
(2035, 37, 596, '0000-00-00', '2016-03-22', '0000-00-00'),
(2036, 37, 599, '0000-00-00', '2016-03-22', '0000-00-00'),
(2037, 37, 602, '2016-01-11', '2016-01-13', '2016-01-20'),
(2038, 37, 1681, '2015-11-30', '2015-12-01', '2015-12-07'),
(2039, 37, 1957, '2016-01-21', '2016-01-22', '2016-02-05'),
(2040, 38, 34, '2015-09-23', '2015-10-14', '2015-10-21'),
(2041, 38, 39, '2015-06-23', '0000-00-00', '0000-00-00'),
(2042, 38, 40, '2016-02-05', '0000-00-00', '0000-00-00'),
(2043, 38, 41, '2015-11-11', '2016-01-06', '2016-03-02'),
(2044, 38, 43, '2016-01-06', '2016-03-02', '2016-03-09'),
(2045, 38, 89, '2015-06-23', '2016-02-05', '0000-00-00'),
(2046, 38, 90, '2015-06-23', '2015-10-19', '2016-02-05'),
(2047, 38, 91, '0000-00-00', '2015-06-23', '0000-00-00'),
(2048, 38, 95, '2015-10-19', '0000-00-00', '0000-00-00'),
(2049, 38, 177, '2016-02-05', '0000-00-00', '0000-00-00'),
(2050, 38, 180, '2016-02-05', '0000-00-00', '0000-00-00'),
(2051, 38, 247, '2015-09-16', '2015-10-22', '2015-12-08'),
(2052, 38, 249, '2015-06-23', '0000-00-00', '0000-00-00'),
(2053, 38, 250, '2015-06-23', '2015-09-21', '2015-09-25'),
(2054, 38, 253, '2015-11-10', '2015-12-07', '2015-12-10'),
(2055, 38, 254, '2015-11-30', '2015-12-03', '2015-12-11'),
(2056, 38, 261, '2015-11-23', '2016-01-28', '2016-02-05'),
(2057, 38, 311, '2015-06-23', '0000-00-00', '0000-00-00'),
(2058, 38, 320, '2016-01-19', '2016-01-22', '2016-01-28'),
(2059, 38, 410, '2016-03-03', '2016-03-17', '2016-03-21'),
(2060, 38, 411, '2016-02-25', '2016-03-09', '2016-03-11'),
(2061, 38, 412, '2016-03-03', '2016-03-17', '2016-03-21'),
(2062, 38, 414, '2015-06-23', '2015-09-21', '2015-09-25'),
(2063, 38, 415, '2015-11-13', '0000-00-00', '0000-00-00'),
(2064, 38, 416, '2016-01-12', '2016-01-21', '2016-01-26'),
(2065, 38, 417, '2015-06-23', '2015-09-21', '2015-10-06'),
(2066, 38, 503, '2015-06-23', '2015-09-17', '2015-10-07'),
(2067, 38, 504, '2015-10-19', '2015-11-23', '2016-02-04'),
(2068, 38, 505, '2016-03-01', '2015-03-08', '2016-03-15'),
(2069, 38, 566, '0000-00-00', '2016-03-22', '0000-00-00'),
(2070, 38, 570, '2015-10-21', '2015-12-11', '2015-11-23'),
(2071, 38, 571, '2015-10-16', '2015-10-20', '2015-11-25'),
(2072, 38, 572, '2015-06-23', '2015-10-19', '2015-11-25'),
(2073, 38, 573, '2015-06-23', '2015-10-20', '2015-11-23'),
(2074, 38, 574, '0000-00-00', '2016-03-22', '0000-00-00'),
(2075, 39, 24, '0000-00-00', '0000-00-00', '0000-00-00'),
(2076, 39, 25, '0000-00-00', '0000-00-00', '0000-00-00'),
(2077, 39, 26, '2016-02-05', '2016-01-13', '2016-03-02'),
(2078, 39, 27, '2015-06-23', '2015-09-15', '2015-10-02'),
(2079, 39, 28, '2015-09-24', '2015-09-29', '2015-10-05'),
(2080, 39, 29, '2015-11-18', '2015-11-19', '2015-11-20'),
(2081, 39, 30, '2015-09-23', '2015-09-30', '2015-10-14'),
(2082, 39, 31, '2015-11-11', '2015-11-20', '2015-12-02'),
(2083, 39, 32, '2015-06-23', '2015-09-16', '2015-11-20'),
(2084, 39, 33, '2015-09-16', '2015-09-23', '2015-10-20'),
(2085, 39, 34, '2015-11-11', '2015-12-17', '2015-12-09'),
(2086, 39, 35, '0000-00-00', '0000-00-00', '0000-00-00'),
(2087, 39, 36, '0000-00-00', '0000-00-00', '0000-00-00'),
(2088, 39, 37, '0000-00-00', '0000-00-00', '0000-00-00'),
(2089, 39, 38, '0000-00-00', '0000-00-00', '0000-00-00'),
(2090, 39, 39, '0000-00-00', '0000-00-00', '0000-00-00'),
(2091, 39, 40, '0000-00-00', '0000-00-00', '0000-00-00'),
(2092, 39, 41, '2015-11-11', '2015-11-27', '2016-01-06'),
(2093, 39, 42, '2015-11-27', '2016-01-06', '2016-02-17'),
(2094, 39, 43, '2015-11-11', '2015-11-27', '2015-12-09'),
(2095, 39, 89, '0000-00-00', '2015-06-23', '2015-12-02'),
(2096, 39, 90, '0000-00-00', '2015-06-23', '2015-12-02'),
(2097, 39, 91, '0000-00-00', '2015-06-23', '2015-12-02'),
(2098, 39, 95, '0000-00-00', '2015-06-23', '2015-10-21'),
(2099, 39, 96, '2015-12-02', '2016-02-05', '0000-00-00'),
(2100, 39, 97, '2016-02-05', '0000-00-00', '0000-00-00'),
(2101, 39, 98, '2016-02-05', '0000-00-00', '0000-00-00'),
(2102, 39, 174, '2015-06-23', '0000-00-00', '0000-00-00'),
(2103, 39, 175, '2015-06-23', '0000-00-00', '0000-00-00'),
(2104, 39, 177, '2015-10-01', '2015-10-05', '2015-10-06'),
(2105, 39, 180, '0000-00-00', '2015-06-23', '0000-00-00'),
(2106, 39, 257, '2016-01-05', '2016-02-02', '2016-02-05'),
(2107, 39, 258, '2015-06-23', '0000-00-00', '0000-00-00'),
(2108, 39, 259, '0000-00-00', '0000-00-00', '0000-00-00'),
(2109, 39, 260, '2015-06-23', '0000-00-00', '0000-00-00'),
(2110, 39, 261, '2015-09-21', '2015-10-15', '2015-10-21'),
(2111, 39, 262, '0000-00-00', '0000-00-00', '0000-00-00'),
(2112, 39, 263, '0000-00-00', '0000-00-00', '0000-00-00'),
(2113, 39, 264, '0000-00-00', '0000-00-00', '0000-00-00'),
(2114, 39, 265, '0000-00-00', '0000-00-00', '0000-00-00'),
(2115, 39, 266, '0000-00-00', '0000-00-00', '0000-00-00'),
(2116, 39, 275, '2015-11-03', '2015-11-06', '2015-11-17'),
(2117, 39, 276, '2015-11-03', '2015-11-06', '2015-11-13'),
(2118, 39, 331, '2015-06-23', '2015-11-09', '2015-11-13'),
(2119, 39, 332, '2015-06-23', '2015-10-02', '2015-10-05'),
(2120, 39, 333, '2015-06-23', '2015-11-09', '2015-11-13'),
(2121, 39, 334, '2015-06-23', '2015-09-16', '2015-10-01'),
(2122, 39, 335, '2015-11-17', '0000-00-00', '0000-00-00'),
(2123, 39, 337, '2015-11-24', '2015-11-30', '2015-12-03'),
(2124, 39, 420, '2015-09-22', '2015-09-23', '2015-09-25'),
(2125, 39, 427, '2015-09-23', '2015-09-28', '2015-09-30'),
(2126, 39, 428, '2015-10-13', '2015-11-23', '2015-11-26'),
(2127, 39, 513, '2015-10-14', '2015-11-11', '2015-11-18'),
(2128, 39, 514, '2015-06-23', '0000-00-00', '0000-00-00'),
(2129, 39, 515, '0000-00-00', '0000-00-00', '0000-00-00'),
(2130, 39, 516, '0000-00-00', '0000-00-00', '0000-00-00'),
(2131, 39, 517, '2015-06-23', '2015-10-06', '2015-11-13'),
(2132, 39, 518, '0000-00-00', '2015-06-23', '2016-02-03'),
(2133, 39, 519, '0000-00-00', '2015-06-23', '2015-11-30'),
(2134, 39, 520, '0000-00-00', '2015-06-23', '2015-12-02'),
(2135, 39, 521, '2015-06-23', '2016-02-05', '0000-00-00'),
(2136, 39, 522, '2016-02-05', '0000-00-00', '0000-00-00'),
(2137, 39, 586, '2015-06-23', '2015-09-23', '2015-10-05'),
(2138, 39, 588, '2015-06-23', '2015-11-23', '2015-12-07'),
(2139, 39, 595, '2015-09-14', '2015-10-19', '2015-11-23'),
(2140, 39, 1836, '0000-00-00', '0000-00-00', '0000-00-00'),
(2141, 39, 1837, '0000-00-00', '0000-00-00', '0000-00-00'),
(2142, 39, 1838, '0000-00-00', '0000-00-00', '0000-00-00'),
(2143, 39, 1839, '0000-00-00', '0000-00-00', '0000-00-00'),
(2144, 39, 1840, '0000-00-00', '0000-00-00', '0000-00-00'),
(2145, 39, 1841, '0000-00-00', '0000-00-00', '0000-00-00'),
(2146, 39, 1842, '0000-00-00', '0000-00-00', '0000-00-00'),
(2147, 39, 1843, '0000-00-00', '0000-00-00', '0000-00-00'),
(2148, 39, 1844, '0000-00-00', '0000-00-00', '0000-00-00'),
(2149, 39, 1845, '0000-00-00', '0000-00-00', '0000-00-00'),
(2150, 39, 1846, '0000-00-00', '0000-00-00', '0000-00-00'),
(2151, 39, 1847, '0000-00-00', '0000-00-00', '0000-00-00'),
(2152, 39, 1848, '0000-00-00', '0000-00-00', '0000-00-00'),
(2153, 39, 1849, '0000-00-00', '0000-00-00', '0000-00-00'),
(2154, 39, 1850, '0000-00-00', '0000-00-00', '0000-00-00'),
(2155, 39, 1851, '0000-00-00', '0000-00-00', '0000-00-00'),
(2156, 39, 1852, '0000-00-00', '0000-00-00', '0000-00-00'),
(2157, 39, 1853, '0000-00-00', '0000-00-00', '0000-00-00'),
(2158, 39, 1854, '0000-00-00', '0000-00-00', '0000-00-00'),
(2159, 39, 1855, '0000-00-00', '0000-00-00', '0000-00-00'),
(2160, 39, 1856, '0000-00-00', '0000-00-00', '0000-00-00'),
(2161, 39, 1857, '0000-00-00', '0000-00-00', '0000-00-00'),
(2162, 39, 1858, '0000-00-00', '0000-00-00', '0000-00-00'),
(2163, 39, 1859, '0000-00-00', '0000-00-00', '0000-00-00'),
(2164, 39, 1860, '0000-00-00', '0000-00-00', '0000-00-00'),
(2165, 39, 1861, '0000-00-00', '0000-00-00', '0000-00-00'),
(2166, 39, 1862, '0000-00-00', '0000-00-00', '0000-00-00'),
(2167, 39, 1863, '0000-00-00', '0000-00-00', '0000-00-00'),
(2168, 39, 1864, '0000-00-00', '0000-00-00', '0000-00-00'),
(2169, 39, 1865, '0000-00-00', '0000-00-00', '0000-00-00'),
(2170, 39, 2498, '0000-00-00', '0000-00-00', '0000-00-00'),
(2171, 39, 2499, '0000-00-00', '0000-00-00', '0000-00-00'),
(2172, 39, 2500, '0000-00-00', '0000-00-00', '0000-00-00'),
(2173, 39, 2501, '0000-00-00', '0000-00-00', '0000-00-00'),
(2174, 39, 2502, '0000-00-00', '0000-00-00', '0000-00-00'),
(2175, 39, 2503, '0000-00-00', '0000-00-00', '0000-00-00'),
(2176, 39, 2504, '0000-00-00', '0000-00-00', '0000-00-00'),
(2177, 39, 2505, '0000-00-00', '0000-00-00', '0000-00-00'),
(2178, 39, 2506, '0000-00-00', '0000-00-00', '0000-00-00'),
(2179, 39, 2507, '0000-00-00', '0000-00-00', '0000-00-00'),
(2180, 40, 44, '2015-06-23', '2015-09-21', '2015-09-22'),
(2181, 40, 45, '2015-06-23', '2015-09-15', '2015-09-16'),
(2182, 40, 46, '2015-09-16', '2015-09-18', '2015-09-22'),
(2183, 40, 47, '2015-09-16', '2015-09-18', '2015-09-22'),
(2184, 40, 48, '0000-00-00', '0000-00-00', '2015-06-23'),
(2185, 40, 49, '0000-00-00', '0000-00-00', '2015-06-23'),
(2186, 40, 52, '2015-09-23', '2015-09-24', '2015-09-25'),
(2187, 40, 53, '2015-09-16', '2015-09-23', '2015-09-25'),
(2188, 40, 119, '0000-00-00', '0000-00-00', '2015-06-23'),
(2189, 40, 120, '0000-00-00', '0000-00-00', '2015-06-23'),
(2190, 40, 121, '0000-00-00', '0000-00-00', '2015-06-23'),
(2191, 40, 124, '0000-00-00', '2015-06-23', '2016-02-05'),
(2192, 40, 127, '0000-00-00', '2015-06-23', '2016-03-15'),
(2193, 40, 184, '2015-06-23', '2014-03-08', '2016-03-15'),
(2194, 40, 189, '2015-06-23', '0000-00-00', '0000-00-00'),
(2195, 40, 190, '2015-10-08', '2015-11-09', '2015-10-15'),
(2196, 40, 257, '2016-01-19', '2016-01-26', '2016-01-29'),
(2197, 40, 258, '2016-01-19', '2016-01-26', '2016-01-29'),
(2198, 40, 260, '0000-00-00', '2015-06-23', '2016-02-01'),
(2199, 40, 261, '2015-11-03', '2015-11-10', '2015-11-17'),
(2200, 40, 262, '2015-12-07', '2015-12-11', '2015-12-15'),
(2201, 40, 263, '2015-11-10', '2015-12-04', '2015-12-07'),
(2202, 40, 265, '2015-11-03', '2015-11-12', '2015-11-17'),
(2203, 40, 341, '2015-11-09', '2015-11-20', '2015-11-24'),
(2204, 40, 342, '2015-11-26', '2015-11-30', '2015-12-03'),
(2205, 40, 343, '2016-02-26', '2016-03-18', '2016-03-21'),
(2206, 40, 344, '0000-00-00', '2015-06-23', '2016-04-21'),
(2207, 40, 345, '2015-11-06', '2015-11-09', '2015-11-13'),
(2208, 40, 346, '2016-01-05', '2016-01-12', '2016-01-19'),
(2209, 40, 347, '0000-00-00', '2015-06-23', '0000-00-00'),
(2210, 40, 348, '0000-00-00', '2015-06-23', '0000-00-00'),
(2211, 40, 349, '2016-01-20', '2016-01-29', '2016-02-01'),
(2212, 40, 430, '2015-09-21', '2015-09-23', '2015-09-25'),
(2213, 40, 431, '2015-09-21', '2015-09-23', '2015-09-25'),
(2214, 40, 432, '2015-09-21', '2015-09-23', '2015-09-25'),
(2215, 40, 433, '2015-09-21', '2015-09-23', '2015-09-25'),
(2216, 40, 434, '2015-09-21', '2015-09-23', '2015-09-25'),
(2217, 40, 435, '2016-02-29', '2016-03-01', '2016-03-03'),
(2218, 40, 442, '2016-01-18', '2016-01-29', '2016-02-02'),
(2219, 40, 444, '2015-09-10', '2015-10-23', '2015-11-19'),
(2220, 40, 513, '2015-12-02', '2016-03-02', '0000-00-00'),
(2221, 40, 514, '2015-06-23', '2015-09-17', '2015-10-19'),
(2222, 40, 515, '0000-00-00', '2015-06-23', '2015-12-02'),
(2223, 40, 516, '0000-00-00', '2015-06-23', '2015-12-02'),
(2224, 40, 517, '0000-00-00', '2015-06-23', '2015-10-16'),
(2225, 40, 518, '0000-00-00', '2015-06-23', '2015-10-16'),
(2226, 40, 519, '0000-00-00', '2015-06-23', '2015-10-16'),
(2227, 40, 520, '0000-00-00', '0000-00-00', '2015-06-23'),
(2228, 40, 521, '0000-00-00', '0000-00-00', '2015-06-23'),
(2229, 40, 522, '0000-00-00', '2015-06-23', '2015-12-02'),
(2230, 40, 596, '2015-10-06', '2015-11-02', '2015-11-09'),
(2231, 40, 597, '2015-11-05', '2015-11-09', '2015-11-11'),
(2232, 40, 599, '0000-00-00', '0000-00-00', '2016-03-22'),
(2233, 40, 602, '2015-06-23', '0000-00-00', '0000-00-00'),
(2234, 40, 603, '2016-01-19', '2016-01-20', '2016-02-05'),
(2235, 40, 604, '0000-00-00', '0000-00-00', '2016-03-22'),
(2236, 40, 605, '2015-09-14', '2015-09-21', '2015-10-09'),
(2237, 40, 1681, '2015-11-30', '2015-12-11', '2016-01-05'),
(2238, 40, 1836, '2015-11-11', '2015-12-09', '2016-01-06'),
(2239, 40, 1837, '2016-02-05', '2016-02-10', '2016-03-02'),
(2240, 40, 1841, '2015-11-11', '2015-12-09', '2016-01-06'),
(2241, 40, 1842, '2016-02-05', '2016-02-10', '2016-03-02'),
(2242, 40, 2498, '0000-00-00', '0000-00-00', '0000-00-00'),
(2243, 40, 2499, '0000-00-00', '0000-00-00', '0000-00-00'),
(2244, 40, 2500, '0000-00-00', '0000-00-00', '0000-00-00'),
(2245, 40, 2501, '0000-00-00', '0000-00-00', '0000-00-00'),
(2246, 40, 2502, '0000-00-00', '0000-00-00', '0000-00-00'),
(2247, 40, 2503, '0000-00-00', '0000-00-00', '0000-00-00'),
(2248, 40, 2504, '0000-00-00', '0000-00-00', '0000-00-00'),
(2249, 40, 2505, '0000-00-00', '0000-00-00', '0000-00-00'),
(2250, 40, 2506, '0000-00-00', '0000-00-00', '0000-00-00'),
(2251, 40, 2507, '0000-00-00', '0000-00-00', '0000-00-00'),
(2252, 41, 34, '2015-07-06', '2015-09-23', '2015-10-19'),
(2253, 41, 40, '2015-09-10', '2015-10-19', '2016-02-03'),
(2254, 41, 43, '2015-07-06', '0000-00-00', '0000-00-00'),
(2255, 41, 99, '2015-07-06', '0000-00-00', '0000-00-00'),
(2256, 41, 101, '2015-10-06', '2015-10-08', '2016-02-29'),
(2257, 41, 102, '2016-01-13', '2016-01-20', '2016-01-28'),
(2258, 41, 104, '2015-10-09', '2015-10-18', '2015-10-21'),
(2259, 41, 105, '2015-07-06', '0000-00-00', '0000-00-00'),
(2260, 41, 165, '2015-07-08', '2015-07-08', '2015-10-13'),
(2261, 41, 166, '2015-07-08', '2015-07-08', '0000-00-00'),
(2262, 41, 167, '2015-07-08', '0000-00-00', '0000-00-00'),
(2263, 41, 168, '2015-07-08', '2015-07-08', '0000-00-00'),
(2264, 41, 169, '2015-07-08', '2015-07-08', '0000-00-00'),
(2265, 41, 170, '2015-07-08', '2015-07-08', '0000-00-00'),
(2266, 41, 251, '2015-10-07', '2015-10-09', '2015-10-13'),
(2267, 41, 254, '2015-10-12', '2015-10-16', '2015-10-20'),
(2268, 41, 321, '2015-07-08', '0000-00-00', '0000-00-00'),
(2269, 41, 322, '2015-10-12', '2015-10-14', '2015-10-19'),
(2270, 41, 323, '2015-07-08', '2015-10-14', '2015-10-19'),
(2271, 41, 324, '2015-07-08', '2015-07-08', '0000-00-00'),
(2272, 41, 325, '2015-07-08', '0000-00-00', '0000-00-00'),
(2273, 41, 330, '2015-07-08', '2015-10-02', '2016-03-01'),
(2274, 41, 420, '2016-01-26', '0000-00-00', '0000-00-00'),
(2275, 41, 423, '2015-10-20', '0000-00-00', '0000-00-00'),
(2276, 41, 427, '2015-07-08', '2016-03-01', '0000-00-00'),
(2277, 41, 428, '2015-07-08', '2015-07-08', '0000-00-00'),
(2278, 41, 429, '2016-03-17', '0000-00-00', '0000-00-00'),
(2279, 41, 503, '2015-07-06', '2015-09-23', '2015-10-09'),
(2280, 41, 507, '2015-07-06', '0000-00-00', '0000-00-00'),
(2281, 41, 508, '2015-07-06', '2015-09-08', '2015-09-18'),
(2282, 41, 510, '2015-09-29', '0000-00-00', '0000-00-00'),
(2283, 41, 512, '2015-09-23', '2015-11-03', '2016-01-13'),
(2284, 41, 577, '2015-09-03', '0000-00-00', '0000-00-00'),
(2285, 41, 578, '2015-07-06', '2015-10-09', '2016-02-03'),
(2286, 41, 579, '2015-07-06', '2015-10-12', '2015-10-16'),
(2287, 41, 581, '2015-07-06', '0000-00-00', '0000-00-00'),
(2288, 41, 583, '2015-10-13', '2015-10-19', '2015-10-20'),
(2289, 42, 34, '2015-07-06', '2015-07-06', '2015-10-08'),
(2290, 42, 40, '2015-07-06', '2015-10-10', '0000-00-00'),
(2291, 42, 41, '2015-10-06', '0000-00-00', '0000-00-00'),
(2292, 42, 43, '2015-07-06', '2015-07-06', '2015-10-08'),
(2293, 42, 99, '2015-07-06', '0000-00-00', '0000-00-00'),
(2294, 42, 100, '2015-10-12', '2016-01-19', '2016-02-25'),
(2295, 42, 102, '2015-07-06', '2015-10-12', '2015-10-15'),
(2296, 42, 103, '2016-01-08', '2016-03-08', '2016-03-09'),
(2297, 42, 104, '2015-07-06', '2015-10-09', '2015-10-19'),
(2298, 42, 105, '2015-09-21', '2015-10-12', '2016-01-07'),
(2299, 42, 106, '2015-11-02', '2015-11-30', '2016-03-09'),
(2300, 42, 107, '2015-07-06', '0000-00-00', '0000-00-00'),
(2301, 42, 165, '2015-07-08', '2015-07-08', '2015-10-16'),
(2302, 42, 166, '2015-07-08', '2015-07-08', '2016-03-09'),
(2303, 42, 167, '2015-07-08', '2015-07-08', '0000-00-00'),
(2304, 42, 168, '2015-07-08', '2015-07-08', '0000-00-00'),
(2305, 42, 169, '2015-07-08', '2015-07-08', '0000-00-00'),
(2306, 42, 170, '2015-07-08', '2015-07-08', '2016-02-23'),
(2307, 42, 261, '2015-10-02', '2015-10-06', '2015-10-09'),
(2308, 42, 263, '2015-10-19', '2016-01-05', '2016-01-12'),
(2309, 42, 331, '2015-10-24', '2015-10-02', '2016-03-01'),
(2310, 42, 334, '2015-10-24', '2015-10-02', '2015-10-09'),
(2311, 42, 335, '2015-10-09', '2016-02-08', '0000-00-00'),
(2312, 42, 431, '2015-10-19', '2016-01-26', '0000-00-00'),
(2313, 42, 432, '2015-10-19', '2015-10-19', '2015-10-19'),
(2314, 42, 434, '2016-01-26', '0000-00-00', '0000-00-00'),
(2315, 42, 435, '2015-07-08', '2015-10-19', '2015-10-19'),
(2316, 42, 436, '2015-07-08', '2016-02-09', '2016-03-07'),
(2317, 42, 437, '2016-03-22', '0000-00-00', '0000-00-00'),
(2318, 42, 513, '2015-07-06', '2015-10-13', '2016-02-01'),
(2319, 42, 514, '2015-07-06', '2015-09-09', '2015-10-18'),
(2320, 42, 517, '2015-07-06', '2015-09-17', '2015-10-09'),
(2321, 42, 518, '2015-07-06', '2016-03-08', '2016-03-14'),
(2322, 42, 519, '2015-07-06', '2015-09-17', '2015-10-09'),
(2323, 42, 520, '2015-09-06', '2015-09-08', '2015-09-08'),
(2324, 42, 521, '2015-11-03', '2016-01-06', '2016-01-22'),
(2325, 42, 522, '2015-07-06', '2015-10-15', '2016-02-25'),
(2326, 42, 586, '2015-07-06', '2015-10-12', '2016-02-25'),
(2327, 42, 588, '2015-07-06', '2015-07-13', '2016-01-28'),
(2328, 42, 589, '2015-07-06', '2015-09-22', '2016-03-04'),
(2329, 42, 590, '2015-07-06', '2015-10-12', '2015-10-12'),
(2330, 42, 592, '2015-07-06', '0000-00-00', '0000-00-00'),
(2331, 42, 593, '2015-07-06', '0000-00-00', '0000-00-00'),
(2332, 42, 594, '2015-07-06', '2015-10-09', '0000-00-00'),
(2333, 42, 595, '2015-07-06', '0000-00-00', '0000-00-00'),
(2334, 42, 2032, '2016-01-26', '0000-00-00', '0000-00-00'),
(2335, 43, 27, '2015-07-06', '2015-07-06', '2016-01-18'),
(2336, 43, 29, '2016-03-01', '0000-00-00', '0000-00-00'),
(2337, 43, 30, '2015-10-06', '0000-00-00', '0000-00-00'),
(2338, 43, 33, '2015-07-06', '2015-07-06', '2015-10-08'),
(2339, 43, 85, '2015-10-19', '2015-10-20', '2015-10-21'),
(2340, 43, 86, '2015-10-20', '0000-00-00', '0000-00-00'),
(2341, 43, 89, '2015-07-06', '0000-00-00', '0000-00-00'),
(2342, 43, 172, '2015-09-08', '0000-00-00', '0000-00-00'),
(2343, 43, 173, '2015-09-24', '0000-00-00', '0000-00-00'),
(2344, 43, 177, '2015-09-14', '2015-09-23', '2015-10-13'),
(2345, 43, 261, '2015-10-02', '2015-10-06', '2015-10-09'),
(2346, 43, 263, '2016-01-05', '0000-00-00', '0000-00-00'),
(2347, 43, 321, '2015-07-08', '2015-10-02', '2015-10-09'),
(2348, 43, 324, '2015-07-08', '0000-00-00', '0000-00-00'),
(2349, 43, 325, '2015-07-08', '0000-00-00', '0000-00-00'),
(2350, 43, 326, '2015-09-28', '2015-10-02', '2015-10-09'),
(2351, 43, 330, '2015-07-08', '2015-10-02', '2015-11-12'),
(2352, 43, 420, '2015-10-19', '2016-01-26', '0000-00-00'),
(2353, 43, 427, '2015-07-08', '2015-10-19', '0000-00-00'),
(2354, 43, 428, '2016-01-11', '2016-02-08', '0000-00-00'),
(2355, 43, 429, '2015-10-19', '2015-10-19', '2015-10-19'),
(2356, 43, 503, '2015-07-06', '2015-09-23', '2016-01-13'),
(2357, 43, 504, '2015-07-06', '2015-09-23', '2016-03-09'),
(2358, 43, 505, '2015-09-18', '2015-09-22', '2015-10-21'),
(2359, 43, 506, '2015-09-21', '2015-09-10', '0000-00-00'),
(2360, 43, 507, '2015-07-06', '2015-09-25', '2015-10-21'),
(2361, 43, 508, '2015-09-04', '2015-09-17', '2015-09-23'),
(2362, 43, 510, '2015-09-04', '2015-09-23', '2015-10-21'),
(2363, 43, 512, '2015-09-22', '2015-11-13', '2016-01-21'),
(2364, 43, 586, '2015-07-06', '0000-00-00', '0000-00-00'),
(2365, 43, 588, '2015-07-06', '2015-10-13', '2016-02-26'),
(2366, 43, 589, '2015-07-06', '2015-07-06', '2016-02-29'),
(2367, 43, 590, '2015-10-12', '2015-10-14', '2015-10-20'),
(2368, 43, 594, '2015-10-09', '0000-00-00', '0000-00-00'),
(2369, 43, 595, '2015-07-06', '0000-00-00', '0000-00-00'),
(2370, 44, 46, '2015-10-12', '2015-10-19', '2015-10-21'),
(2371, 44, 47, '2016-12-01', '0000-00-00', '0000-00-00'),
(2372, 44, 52, '2015-12-08', '2016-01-06', '2016-01-13'),
(2373, 44, 100, '2016-01-18', '0000-00-00', '0000-00-00'),
(2374, 44, 104, '2015-10-09', '2015-10-12', '2015-10-19'),
(2375, 44, 192, '2015-10-15', '2015-10-16', '2015-10-21'),
(2376, 44, 193, '2015-10-14', '2015-10-20', '2015-11-03'),
(2377, 44, 196, '2015-09-14', '2015-10-21', '2015-10-23'),
(2378, 44, 275, '2016-01-19', '2016-01-26', '0000-00-00'),
(2379, 44, 276, '2015-10-02', '2015-10-06', '2015-10-09'),
(2380, 44, 341, '2016-03-07', '0000-00-00', '0000-00-00'),
(2381, 44, 345, '2015-10-12', '2015-10-13', '2015-10-15'),
(2382, 44, 346, '2015-09-24', '2015-10-02', '2015-10-12'),
(2383, 44, 347, '2015-10-02', '2016-02-01', '0000-00-00'),
(2384, 44, 439, '2016-02-09', '0000-00-00', '0000-00-00'),
(2385, 44, 441, '2015-10-19', '2015-10-19', '2015-10-19'),
(2386, 44, 444, '2016-01-26', '0000-00-00', '0000-00-00'),
(2387, 44, 473, '2015-07-06', '0000-00-00', '0000-00-00'),
(2388, 44, 474, '2015-07-06', '0000-00-00', '0000-00-00'),
(2389, 44, 513, '2015-10-09', '2016-03-01', '0000-00-00'),
(2390, 44, 514, '2015-09-04', '2015-09-07', '0000-00-00'),
(2391, 44, 517, '2015-09-10', '2015-09-17', '2015-09-18'),
(2392, 44, 518, '2016-01-08', '2016-03-08', '2016-03-14'),
(2393, 44, 519, '2015-09-04', '2015-09-18', '2015-10-29'),
(2394, 44, 520, '2015-09-18', '2015-09-22', '2016-01-13'),
(2395, 44, 521, '2016-11-03', '2016-01-08', '2016-01-01'),
(2396, 44, 596, '2015-07-06', '2015-10-19', '0000-00-00'),
(2397, 44, 597, '2015-07-06', '2015-10-13', '2015-10-19'),
(2398, 44, 599, '2015-07-06', '0000-00-00', '0000-00-00'),
(2399, 44, 600, '2015-09-14', '2015-09-22', '2015-10-12'),
(2400, 44, 601, '2015-10-09', '0000-00-00', '0000-00-00'),
(2401, 44, 602, '2015-07-06', '2016-03-18', '0000-00-00'),
(2402, 44, 603, '2015-07-06', '0000-00-00', '0000-00-00'),
(2403, 44, 604, '2015-10-09', '0000-00-00', '0000-00-00'),
(2404, 44, 605, '2015-07-06', '0000-00-00', '0000-00-00'),
(2405, 45, 44, '2015-07-06', '2015-07-06', '0000-00-00'),
(2406, 45, 45, '2015-07-06', '0000-00-00', '0000-00-00'),
(2407, 45, 46, '2015-07-06', '2015-07-06', '2015-10-19'),
(2408, 45, 51, '2015-07-06', '0000-00-00', '0000-00-00'),
(2409, 45, 53, '2015-07-06', '2015-10-06', '2015-12-01'),
(2410, 45, 109, '2015-07-06', '2015-07-06', '0000-00-00'),
(2411, 45, 110, '2015-07-06', '0000-00-00', '0000-00-00'),
(2412, 45, 113, '2015-07-06', '2015-10-19', '2015-10-21'),
(2413, 45, 114, '2015-07-06', '2015-09-21', '2015-10-19'),
(2414, 45, 115, '2016-03-08', '0000-00-00', '0000-00-00'),
(2415, 45, 116, '2015-07-06', '2015-10-09', '2015-10-19'),
(2416, 45, 182, '2015-07-08', '0000-00-00', '0000-00-00'),
(2417, 45, 183, '2015-07-08', '0000-00-00', '0000-00-00'),
(2418, 45, 185, '2015-07-08', '2015-07-08', '2015-10-09'),
(2419, 45, 186, '2015-07-08', '2015-07-08', '2015-10-21'),
(2420, 45, 187, '2015-07-08', '2015-09-24', '0000-00-00'),
(2421, 45, 189, '2015-07-08', '0000-00-00', '0000-00-00'),
(2422, 45, 190, '2015-07-08', '2015-09-28', '2015-11-13'),
(2423, 45, 191, '2015-07-08', '0000-00-00', '0000-00-00'),
(2424, 45, 261, '2015-10-02', '2015-10-06', '2015-10-09'),
(2425, 45, 262, '2016-01-05', '2016-03-14', '0000-00-00'),
(2426, 45, 263, '2016-01-05', '0000-00-00', '0000-00-00'),
(2427, 45, 275, '2016-01-26', '0000-00-00', '0000-00-00'),
(2428, 45, 342, '2015-10-02', '0000-00-00', '0000-00-00'),
(2429, 45, 345, '2015-09-10', '2015-10-02', '2015-10-13'),
(2430, 45, 346, '2015-10-02', '0000-00-00', '0000-00-00'),
(2431, 45, 347, '2016-01-11', '2016-02-01', '0000-00-00'),
(2432, 45, 439, '2016-02-09', '0000-00-00', '0000-00-00'),
(2433, 45, 441, '2015-10-19', '2015-10-19', '2015-10-19'),
(2434, 45, 442, '2015-07-08', '2015-07-08', '0000-00-00'),
(2435, 45, 444, '2015-07-08', '2015-07-08', '2016-01-26'),
(2436, 45, 513, '2015-09-18', '2016-02-01', '2016-03-01'),
(2437, 45, 514, '2015-07-06', '2015-09-07', '2015-10-18'),
(2438, 45, 516, '2015-07-06', '0000-00-00', '0000-00-00'),
(2439, 45, 517, '2015-09-10', '2015-09-17', '2015-09-23'),
(2440, 45, 518, '2016-03-18', '0000-00-00', '0000-00-00'),
(2441, 45, 519, '2015-09-04', '2015-09-11', '2015-09-18'),
(2442, 45, 520, '2015-07-06', '2015-07-06', '2015-10-09'),
(2443, 45, 521, '2015-07-06', '2015-11-03', '2016-01-08'),
(2444, 45, 522, '2015-07-06', '0000-00-00', '0000-00-00'),
(2445, 45, 586, '2015-07-06', '0000-00-00', '0000-00-00'),
(2446, 45, 587, '2015-07-06', '0000-00-00', '0000-00-00'),
(2447, 45, 588, '2015-07-06', '2015-07-06', '2015-10-20'),
(2448, 45, 589, '2015-07-06', '2015-07-06', '2016-03-09'),
(2449, 45, 590, '2015-07-06', '2015-10-12', '0000-00-00'),
(2450, 45, 591, '2015-09-18', '0000-00-00', '0000-00-00'),
(2451, 45, 592, '2015-07-06', '0000-00-00', '0000-00-00'),
(2452, 45, 593, '2015-07-06', '2015-10-09', '2015-11-03'),
(2453, 45, 594, '2015-07-06', '2015-10-09', '0000-00-00'),
(2454, 46, 44, '2015-07-06', '2015-10-06', '0000-00-00'),
(2455, 46, 45, '2015-07-06', '2015-07-06', '0000-00-00'),
(2456, 46, 46, '2015-07-06', '2015-07-06', '2015-09-17'),
(2457, 46, 47, '2015-07-06', '2015-09-29', '2016-01-22'),
(2458, 46, 48, '2015-07-06', '2015-07-06', '0000-00-00'),
(2459, 46, 52, '2015-07-06', '2015-09-08', '0000-00-00'),
(2460, 46, 53, '2015-07-06', '2015-10-06', '2016-02-25'),
(2461, 46, 109, '2015-07-06', '0000-00-00', '0000-00-00'),
(2462, 46, 110, '2016-01-22', '0000-00-00', '0000-00-00'),
(2463, 46, 111, '2015-11-02', '2015-12-07', '0000-00-00'),
(2464, 46, 114, '2015-07-06', '2015-09-18', '2015-09-30'),
(2465, 46, 115, '2016-03-08', '0000-00-00', '0000-00-00'),
(2466, 46, 116, '2015-07-06', '2015-09-18', '0000-00-00'),
(2467, 46, 192, '2015-09-15', '2015-09-22', '2015-10-12'),
(2468, 46, 193, '2015-11-13', '2016-01-22', '2016-02-23'),
(2469, 46, 196, '2015-09-04', '2015-10-19', '2015-10-20'),
(2470, 46, 198, '2015-10-14', '0000-00-00', '0000-00-00'),
(2471, 46, 269, '2015-09-23', '0000-00-00', '0000-00-00'),
(2472, 46, 270, '2016-01-05', '0000-00-00', '0000-00-00'),
(2473, 46, 275, '2016-01-19', '0000-00-00', '0000-00-00'),
(2474, 46, 276, '2015-10-02', '2015-10-06', '2015-10-09'),
(2475, 46, 341, '2016-03-07', '0000-00-00', '0000-00-00'),
(2476, 46, 345, '2015-09-25', '2015-10-13', '2015-11-26'),
(2477, 46, 346, '2015-09-24', '2015-10-02', '2015-10-13'),
(2478, 46, 347, '2015-10-02', '0000-00-00', '0000-00-00'),
(2479, 46, 348, '2016-01-11', '2016-02-01', '0000-00-00'),
(2480, 46, 439, '2016-02-09', '0000-00-00', '0000-00-00'),
(2481, 46, 440, '2015-10-15', '0000-00-00', '0000-00-00'),
(2482, 46, 441, '2015-10-19', '2015-10-19', '2015-10-19'),
(2483, 46, 444, '2015-10-08', '2016-01-26', '0000-00-00'),
(2484, 46, 448, '2016-02-09', '0000-00-00', '0000-00-00'),
(2485, 46, 513, '2016-02-01', '2016-03-01', '0000-00-00'),
(2486, 46, 514, '2015-09-04', '2015-09-07', '0000-00-00'),
(2487, 46, 516, '2015-07-06', '0000-00-00', '0000-00-00'),
(2488, 46, 517, '2015-07-06', '2015-09-17', '2015-10-06'),
(2489, 46, 518, '2016-03-18', '0000-00-00', '0000-00-00'),
(2490, 46, 519, '2015-09-04', '2015-09-18', '2015-10-21'),
(2491, 46, 520, '2015-07-06', '2015-10-19', '2015-10-21'),
(2492, 46, 521, '2015-11-03', '2016-01-08', '2016-02-29'),
(2493, 46, 596, '2015-07-06', '2016-03-14', '0000-00-00'),
(2494, 46, 597, '2015-07-06', '2015-10-13', '2015-10-14'),
(2495, 46, 598, '2015-07-06', '0000-00-00', '0000-00-00'),
(2496, 46, 599, '2016-01-08', '0000-00-00', '0000-00-00'),
(2497, 46, 600, '2015-10-05', '2015-10-12', '2016-02-22'),
(2498, 46, 602, '2015-07-06', '0000-00-00', '0000-00-00'),
(2499, 46, 603, '2015-07-06', '2016-02-08', '2016-02-09'),
(2500, 46, 604, '2015-10-09', '0000-00-00', '0000-00-00'),
(2501, 46, 605, '2015-07-06', '0000-00-00', '0000-00-00'),
(2502, 47, 24, '2015-07-06', '2015-07-06', '0000-00-00'),
(2503, 47, 25, '2015-07-06', '0000-00-00', '0000-00-00'),
(2504, 47, 26, '2016-01-19', '0000-00-00', '0000-00-00'),
(2505, 47, 27, '2015-07-06', '2015-07-06', '0000-00-00'),
(2506, 47, 30, '2015-11-03', '2015-12-01', '2016-01-13'),
(2507, 47, 32, '2016-01-08', '2016-02-02', '2016-02-10'),
(2508, 47, 33, '2015-07-06', '2015-07-06', '2015-10-08'),
(2509, 47, 79, '2015-07-06', '2015-09-29', '2016-02-02'),
(2510, 47, 80, '2015-07-06', '2016-02-10', '2016-02-29'),
(2511, 47, 83, '2015-07-06', '0000-00-00', '0000-00-00'),
(2512, 47, 84, '2015-07-06', '0000-00-00', '0000-00-00'),
(2513, 47, 85, '2015-07-06', '2015-10-09', '2015-10-19'),
(2514, 47, 86, '2015-07-06', '0000-00-00', '0000-00-00'),
(2515, 47, 88, '2015-07-06', '0000-00-00', '0000-00-00'),
(2516, 47, 177, '2015-07-08', '2015-07-08', '2015-10-19'),
(2517, 47, 263, '2015-10-02', '2015-10-06', '2015-10-09'),
(2518, 47, 323, '2015-07-08', '0000-00-00', '0000-00-00'),
(2519, 47, 324, '2015-07-08', '0000-00-00', '0000-00-00'),
(2520, 47, 325, '2015-07-08', '0000-00-00', '0000-00-00'),
(2521, 47, 330, '2015-09-24', '2015-10-02', '2015-10-19'),
(2522, 47, 420, '2015-07-08', '2015-10-19', '2016-01-26'),
(2523, 47, 421, '2015-07-08', '2015-07-08', '0000-00-00'),
(2524, 47, 427, '2015-07-08', '2015-07-08', '0000-00-00'),
(2525, 47, 428, '2015-07-08', '2015-07-08', '2016-01-08'),
(2526, 47, 429, '2015-09-19', '2015-09-19', '2015-09-19'),
(2527, 47, 493, '0000-00-00', '0000-00-00', '0000-00-00'),
(2528, 47, 494, '2015-07-06', '2015-09-23', '2015-10-21'),
(2529, 47, 495, '2015-09-21', '2015-09-07', '0000-00-00'),
(2530, 47, 496, '2015-07-06', '2015-11-09', '0000-00-00'),
(2531, 47, 497, '0000-00-00', '0000-00-00', '0000-00-00'),
(2532, 47, 498, '0000-00-00', '0000-00-00', '0000-00-00'),
(2533, 47, 499, '2015-07-06', '2015-09-15', '2015-09-18'),
(2534, 47, 500, '2016-03-14', '2016-03-17', '0000-00-00'),
(2535, 47, 501, '2015-07-06', '0000-00-00', '0000-00-00'),
(2536, 47, 502, '2015-07-06', '2015-09-04', '2015-09-18'),
(2537, 47, 578, '2015-07-06', '2015-09-03', '0000-00-00'),
(2538, 47, 579, '2015-07-06', '2015-07-06', '2015-10-12'),
(2539, 47, 580, '2015-07-06', '0000-00-00', '0000-00-00'),
(2540, 47, 581, '2015-07-06', '0000-00-00', '0000-00-00'),
(2541, 47, 583, '2015-07-06', '2015-10-02', '0000-00-00'),
(2542, 47, 2498, '0000-00-00', '0000-00-00', '0000-00-00'),
(2543, 47, 2499, '0000-00-00', '0000-00-00', '0000-00-00'),
(2544, 47, 2500, '0000-00-00', '0000-00-00', '0000-00-00'),
(2545, 47, 2501, '0000-00-00', '0000-00-00', '0000-00-00'),
(2546, 47, 2502, '0000-00-00', '0000-00-00', '0000-00-00'),
(2547, 47, 2503, '0000-00-00', '0000-00-00', '0000-00-00'),
(2548, 47, 2504, '0000-00-00', '0000-00-00', '0000-00-00'),
(2549, 47, 2505, '0000-00-00', '0000-00-00', '0000-00-00'),
(2550, 47, 2506, '0000-00-00', '0000-00-00', '0000-00-00'),
(2551, 47, 2507, '0000-00-00', '0000-00-00', '0000-00-00'),
(2552, 48, 1638, '2016-03-09', '2016-03-16', '2016-03-24'),
(2553, 48, 1644, '2016-01-01', '2016-01-01', '2016-01-01'),
(2554, 48, 1681, '2016-01-01', '2016-02-12', '2016-02-12'),
(2555, 48, 1756, '2016-02-12', '0000-00-00', '0000-00-00'),
(2556, 48, 1757, '2016-02-12', '0000-00-00', '0000-00-00'),
(2557, 48, 1758, '2016-02-12', '0000-00-00', '0000-00-00'),
(2558, 48, 1761, '2016-02-12', '0000-00-00', '0000-00-00'),
(2559, 48, 1762, '2016-02-12', '0000-00-00', '0000-00-00'),
(2560, 48, 1763, '2016-02-12', '0000-00-00', '0000-00-00'),
(2561, 48, 1806, '2016-02-12', '2016-02-12', '0000-00-00'),
(2562, 48, 1807, '2016-02-12', '2016-02-12', '2016-02-12'),
(2563, 48, 1809, '2016-02-12', '2016-02-12', '0000-00-00'),
(2564, 48, 1810, '2016-02-12', '2016-02-12', '0000-00-00'),
(2565, 48, 1811, '2016-02-12', '0000-00-00', '0000-00-00'),
(2566, 48, 1812, '2016-02-12', '0000-00-00', '0000-00-00'),
(2567, 48, 1813, '2016-01-01', '2016-02-12', '2016-02-12'),
(2568, 48, 1814, '2016-01-01', '0000-00-00', '0000-00-00'),
(2569, 48, 1815, '2016-01-01', '2016-01-01', '2016-02-12'),
(2570, 48, 1838, '2016-01-01', '0000-00-00', '0000-00-00'),
(2571, 48, 1843, '2016-01-01', '0000-00-00', '0000-00-00'),
(2572, 48, 1876, '2016-02-12', '2016-02-12', '2016-02-12'),
(2573, 48, 1878, '2016-02-12', '0000-00-00', '0000-00-00'),
(2574, 48, 1880, '2016-02-12', '0000-00-00', '0000-00-00'),
(2575, 48, 1881, '2016-02-12', '0000-00-00', '0000-00-00'),
(2576, 48, 1921, '2016-01-13', '0000-00-00', '0000-00-00'),
(2577, 48, 1922, '2016-01-13', '0000-00-00', '0000-00-00'),
(2578, 48, 1957, '2016-02-12', '0000-00-00', '0000-00-00'),
(2579, 48, 1959, '2016-02-03', '0000-00-00', '0000-00-00'),
(2580, 48, 1960, '2016-01-01', '0000-00-00', '0000-00-00'),
(2581, 48, 1964, '2016-01-01', '0000-00-00', '0000-00-00'),
(2582, 48, 1965, '2016-01-01', '0000-00-00', '0000-00-00'),
(2583, 48, 1966, '2016-01-01', '0000-00-00', '0000-00-00'),
(2584, 48, 1993, '2016-01-01', '2016-01-01', '2016-01-01'),
(2585, 48, 1995, '2016-02-12', '0000-00-00', '0000-00-00'),
(2586, 48, 1996, '2016-02-12', '0000-00-00', '0000-00-00'),
(2587, 48, 1997, '2016-02-12', '0000-00-00', '0000-00-00'),
(2588, 48, 1999, '2016-01-01', '0000-00-00', '0000-00-00'),
(2589, 48, 2002, '2016-01-01', '0000-00-00', '0000-00-00'),
(2590, 49, 1647, '2016-03-09', '2016-03-16', '2016-03-24'),
(2591, 49, 1648, '2016-01-01', '2016-01-01', '2016-01-01'),
(2592, 49, 1649, '2016-01-01', '2016-01-01', '2016-01-01'),
(2593, 49, 1653, '2016-01-01', '2016-01-01', '2016-01-01'),
(2594, 49, 1654, '2016-01-01', '2016-01-01', '2016-01-01'),
(2595, 49, 1655, '2016-02-12', '0000-00-00', '0000-00-00'),
(2596, 49, 1656, '2016-03-08', '2016-03-16', '2016-03-24'),
(2597, 49, 1657, '2016-03-08', '2016-03-16', '2016-03-24'),
(2598, 49, 1696, '2016-01-01', '0000-00-00', '0000-00-00'),
(2599, 49, 1703, '2016-01-01', '2016-01-01', '2016-01-01'),
(2600, 49, 1776, '2016-02-12', '0000-00-00', '0000-00-00'),
(2601, 49, 1777, '2016-02-12', '0000-00-00', '0000-00-00'),
(2602, 49, 1781, '2016-02-12', '2016-02-12', '0000-00-00'),
(2603, 49, 1782, '2016-02-12', '0000-00-00', '0000-00-00'),
(2604, 49, 1783, '2016-02-12', '0000-00-00', '0000-00-00'),
(2605, 49, 1826, '2016-01-01', '0000-00-00', '0000-00-00'),
(2606, 49, 1827, '2016-01-01', '0000-00-00', '0000-00-00'),
(2607, 49, 1828, '2016-01-01', '2016-01-01', '2016-02-12'),
(2608, 49, 1829, '2016-01-01', '2016-01-01', '2016-02-12'),
(2609, 49, 1830, '2016-01-01', '0000-00-00', '0000-00-00'),
(2610, 49, 1831, '2016-01-01', '0000-00-00', '0000-00-00'),
(2611, 49, 1832, '2016-01-01', '2016-01-01', '2016-02-12'),
(2612, 49, 1833, '2016-01-01', '2016-01-01', '2016-02-12'),
(2613, 49, 1834, '2016-01-01', '2016-01-01', '2016-02-12'),
(2614, 49, 1835, '2016-01-01', '0000-00-00', '0000-00-00'),
(2615, 49, 1856, '2016-01-01', '2016-02-12', '0000-00-00'),
(2616, 49, 1857, '2016-01-01', '2016-02-12', '0000-00-00'),
(2617, 49, 1858, '2016-01-01', '0000-00-00', '0000-00-00'),
(2618, 49, 1859, '2016-01-01', '0000-00-00', '0000-00-00'),
(2619, 49, 1861, '2016-01-01', '2016-02-12', '0000-00-00'),
(2620, 49, 1862, '2016-01-01', '2016-02-12', '0000-00-00'),
(2621, 49, 1863, '2016-01-01', '0000-00-00', '0000-00-00'),
(2622, 49, 1864, '2016-01-01', '0000-00-00', '0000-00-00'),
(2623, 49, 1886, '2016-01-01', '2016-01-01', '2016-01-01'),
(2624, 49, 1887, '2016-01-01', '2016-01-01', '2016-02-12'),
(2625, 49, 1888, '2016-01-01', '2016-01-01', '2016-01-01'),
(2626, 49, 1889, '2016-01-01', '2016-01-01', '2016-01-01'),
(2627, 49, 1890, '2016-01-01', '2016-02-12', '2016-02-12'),
(2628, 49, 1891, '2016-01-19', '0000-00-00', '0000-00-00'),
(2629, 49, 1895, '2016-01-01', '0000-00-00', '0000-00-00'),
(2630, 49, 1926, '2016-02-05', '2016-02-12', '0000-00-00'),
(2631, 49, 1927, '2016-02-12', '0000-00-00', '0000-00-00'),
(2632, 49, 1928, '2016-02-12', '0000-00-00', '0000-00-00'),
(2633, 49, 1929, '2016-02-12', '0000-00-00', '0000-00-00'),
(2634, 49, 1932, '2016-01-19', '0000-00-00', '0000-00-00'),
(2635, 49, 1933, '2016-01-01', '0000-00-00', '0000-00-00'),
(2636, 49, 1934, '2016-01-01', '2016-01-01', '2016-02-12'),
(2637, 49, 1935, '2016-02-05', '0000-00-00', '0000-00-00'),
(2638, 49, 1977, '2016-02-03', '0000-00-00', '0000-00-00'),
(2639, 49, 1978, '2016-02-12', '2016-02-12', '0000-00-00'),
(2640, 49, 1979, '2016-02-12', '2016-02-12', '0000-00-00'),
(2641, 49, 1980, '2016-01-01', '0000-00-00', '0000-00-00'),
(2642, 49, 1983, '2016-01-01', '0000-00-00', '0000-00-00'),
(2643, 49, 1984, '2016-01-01', '0000-00-00', '0000-00-00'),
(2644, 49, 1985, '2016-02-12', '0000-00-00', '0000-00-00'),
(2645, 49, 1986, '2016-02-12', '0000-00-00', '0000-00-00'),
(2646, 49, 2003, '2016-01-01', '2016-01-01', '2016-02-12'),
(2647, 49, 2004, '2016-01-01', '2016-01-01', '2016-02-12'),
(2648, 49, 2005, '2016-02-12', '2016-02-12', '0000-00-00'),
(2649, 49, 2006, '2016-01-01', '2016-01-01', '0000-00-00'),
(2650, 49, 2007, '2016-01-01', '0000-00-00', '0000-00-00'),
(2651, 49, 2008, '2016-01-01', '0000-00-00', '0000-00-00'),
(2652, 49, 2010, '2016-01-01', '0000-00-00', '0000-00-00'),
(2653, 49, 2011, '2016-01-01', '0000-00-00', '0000-00-00'),
(2654, 50, 1636, '2016-01-01', '2016-01-01', '2016-01-01');
INSERT INTO `PupilStatements` (`ID`, `PupilID`, `StatementID`, `PartiallyDate`, `AchievedDate`, `ConsolidatedDate`) VALUES
(2655, 50, 1637, '2016-01-01', '2016-01-01', '2016-01-01'),
(2656, 50, 1638, '2016-03-09', '2016-03-16', '2016-03-24'),
(2657, 50, 1643, '2016-01-01', '2016-01-01', '2016-01-01'),
(2658, 50, 1644, '2016-01-01', '2016-01-01', '2016-01-01'),
(2659, 50, 1647, '2016-03-16', '2016-03-24', '0000-00-00'),
(2660, 50, 1680, '2016-01-01', '2016-01-01', '2016-01-01'),
(2661, 50, 1681, '2016-01-01', '2016-01-01', '2016-02-12'),
(2662, 50, 1682, '2016-01-01', '2016-01-01', '2016-01-01'),
(2663, 50, 1742, '2016-01-01', '2016-02-12', '2016-02-12'),
(2664, 50, 1756, '2016-02-12', '0000-00-00', '0000-00-00'),
(2665, 50, 1757, '2016-02-12', '0000-00-00', '0000-00-00'),
(2666, 50, 1758, '2016-02-12', '0000-00-00', '0000-00-00'),
(2667, 50, 1761, '2016-02-12', '0000-00-00', '0000-00-00'),
(2668, 50, 1762, '2016-02-12', '0000-00-00', '0000-00-00'),
(2669, 50, 1763, '2016-02-12', '0000-00-00', '0000-00-00'),
(2670, 50, 1796, '2016-02-12', '0000-00-00', '0000-00-00'),
(2671, 50, 1797, '2016-02-12', '0000-00-00', '0000-00-00'),
(2672, 50, 1798, '2016-01-01', '2016-01-01', '2016-02-12'),
(2673, 50, 1799, '2016-01-01', '2016-01-01', '2016-02-12'),
(2674, 50, 1800, '2016-01-01', '0000-00-00', '0000-00-00'),
(2675, 50, 1801, '2016-01-01', '0000-00-00', '0000-00-00'),
(2676, 50, 1802, '2016-01-01', '0000-00-00', '0000-00-00'),
(2677, 50, 1836, '2016-02-12', '0000-00-00', '0000-00-00'),
(2678, 50, 1838, '2016-01-27', '0000-00-00', '0000-00-00'),
(2679, 50, 1841, '2016-02-12', '0000-00-00', '0000-00-00'),
(2680, 50, 1843, '2016-01-27', '0000-00-00', '0000-00-00'),
(2681, 50, 1876, '2016-02-12', '2016-02-12', '2016-02-12'),
(2682, 50, 1877, '2016-02-12', '2016-02-12', '2016-02-12'),
(2683, 50, 1878, '2016-02-12', '2016-02-12', '2016-02-12'),
(2684, 50, 1880, '2016-02-12', '0000-00-00', '0000-00-00'),
(2685, 50, 1881, '2016-01-01', '2016-02-12', '0000-00-00'),
(2686, 50, 1882, '2016-02-12', '0000-00-00', '0000-00-00'),
(2687, 50, 1916, '2016-02-12', '0000-00-00', '0000-00-00'),
(2688, 50, 1917, '2016-02-12', '0000-00-00', '0000-00-00'),
(2689, 50, 1918, '2016-02-12', '2016-02-12', '2016-02-12'),
(2690, 50, 1921, '2016-02-12', '0000-00-00', '0000-00-00'),
(2691, 50, 1922, '2016-02-12', '0000-00-00', '0000-00-00'),
(2692, 50, 1923, '2016-02-12', '0000-00-00', '0000-00-00'),
(2693, 50, 1924, '2016-02-12', '0000-00-00', '0000-00-00'),
(2694, 50, 1957, '2016-02-12', '0000-00-00', '0000-00-00'),
(2695, 50, 1959, '2016-02-03', '0000-00-00', '0000-00-00'),
(2696, 50, 1960, '2016-01-01', '2016-01-01', '0000-00-00'),
(2697, 50, 1961, '2016-01-01', '0000-00-00', '0000-00-00'),
(2698, 50, 1963, '2016-01-01', '0000-00-00', '0000-00-00'),
(2699, 50, 1965, '2016-01-01', '0000-00-00', '0000-00-00'),
(2700, 50, 1966, '2016-01-01', '2016-01-01', '2016-01-01'),
(2701, 50, 1993, '2016-01-01', '2016-01-01', '2016-01-01'),
(2702, 50, 1995, '2016-01-01', '0000-00-00', '0000-00-00'),
(2703, 50, 1996, '2016-01-01', '0000-00-00', '0000-00-00'),
(2704, 50, 1997, '2016-02-12', '0000-00-00', '0000-00-00'),
(2705, 50, 1998, '2016-01-01', '0000-00-00', '0000-00-00'),
(2706, 50, 1999, '2016-01-01', '2016-02-12', '0000-00-00'),
(2707, 50, 2001, '2016-01-01', '0000-00-00', '0000-00-00'),
(2708, 50, 2002, '2016-01-01', '0000-00-00', '0000-00-00'),
(2709, 51, 1647, '2016-03-09', '2016-03-24', '2016-03-24'),
(2710, 51, 1649, '2016-01-01', '2016-01-01', '2016-01-01'),
(2711, 51, 1653, '2016-01-01', '2016-01-01', '2016-01-01'),
(2712, 51, 1655, '2016-02-12', '0000-00-00', '0000-00-00'),
(2713, 51, 1766, '2016-01-01', '2016-02-12', '0000-00-00'),
(2714, 51, 1767, '2016-01-01', '2016-02-12', '2016-02-12'),
(2715, 51, 1768, '2016-01-01', '2016-02-12', '2016-02-12'),
(2716, 51, 1769, '2016-02-12', '0000-00-00', '0000-00-00'),
(2717, 51, 1770, '2016-02-12', '0000-00-00', '0000-00-00'),
(2718, 51, 1772, '2016-02-12', '0000-00-00', '0000-00-00'),
(2719, 51, 1773, '2016-01-01', '2016-02-12', '2016-02-12'),
(2720, 51, 1774, '2016-02-12', '0000-00-00', '0000-00-00'),
(2721, 51, 1775, '2016-02-12', '0000-00-00', '0000-00-00'),
(2722, 51, 1818, '2016-02-12', '0000-00-00', '0000-00-00'),
(2723, 51, 1819, '2016-02-12', '0000-00-00', '0000-00-00'),
(2724, 51, 1820, '2016-02-12', '2016-02-12', '2016-02-12'),
(2725, 51, 1821, '2016-02-12', '2016-02-12', '2016-02-12'),
(2726, 51, 1822, '2016-02-12', '2016-02-12', '2016-02-12'),
(2727, 51, 1823, '2016-01-01', '2016-02-12', '0000-00-00'),
(2728, 51, 1824, '2016-01-01', '2016-02-12', '0000-00-00'),
(2729, 51, 1847, '2016-01-01', '2016-01-01', '2016-02-12'),
(2730, 51, 1848, '2016-01-01', '2016-01-01', '2016-02-12'),
(2731, 51, 1849, '2016-01-01', '2016-01-01', '2016-02-12'),
(2732, 51, 1876, '2016-01-01', '2016-02-12', '2016-02-12'),
(2733, 51, 1877, '2016-01-01', '2016-01-01', '2016-01-01'),
(2734, 51, 1878, '2016-01-01', '2016-01-01', '2016-01-01'),
(2735, 51, 1880, '2016-01-01', '2016-02-12', '2016-02-12'),
(2736, 51, 1881, '2016-01-01', '2016-02-12', '2016-02-12'),
(2737, 51, 1882, '2016-01-01', '2016-02-12', '0000-00-00'),
(2738, 51, 1884, '2016-02-12', '0000-00-00', '0000-00-00'),
(2739, 51, 1885, '2016-01-01', '2016-02-12', '0000-00-00'),
(2740, 51, 1916, '2016-01-01', '2016-02-12', '0000-00-00'),
(2741, 51, 1917, '2016-01-01', '2016-02-12', '0000-00-00'),
(2742, 51, 1918, '2016-01-01', '2016-02-12', '2016-02-12'),
(2743, 51, 1921, '2016-01-01', '2016-02-12', '0000-00-00'),
(2744, 51, 1922, '2016-01-01', '2016-02-12', '0000-00-00'),
(2745, 51, 1923, '2016-01-01', '2016-02-12', '0000-00-00'),
(2746, 51, 1924, '2016-01-01', '2016-02-12', '0000-00-00'),
(2747, 51, 1925, '2016-01-01', '2016-02-12', '2016-02-12'),
(2748, 51, 1957, '2016-01-01', '2016-02-12', '0000-00-00'),
(2749, 51, 1958, '2016-01-01', '2016-02-12', '0000-00-00'),
(2750, 51, 1959, '2016-02-03', '0000-00-00', '0000-00-00'),
(2751, 51, 1961, '2016-01-01', '0000-00-00', '0000-00-00'),
(2752, 51, 1962, '2016-02-12', '0000-00-00', '0000-00-00'),
(2753, 51, 1963, '2016-02-12', '0000-00-00', '0000-00-00'),
(2754, 51, 1965, '2016-01-01', '0000-00-00', '0000-00-00'),
(2755, 51, 1966, '2016-01-01', '2016-01-01', '0000-00-00'),
(2756, 51, 1993, '2016-02-12', '0000-00-00', '0000-00-00'),
(2757, 51, 1994, '2016-02-12', '0000-00-00', '0000-00-00'),
(2758, 51, 1995, '2016-02-12', '0000-00-00', '0000-00-00'),
(2759, 51, 1996, '2016-02-12', '0000-00-00', '0000-00-00'),
(2760, 51, 1997, '2016-01-01', '2016-02-12', '0000-00-00'),
(2761, 51, 1998, '2016-02-12', '0000-00-00', '0000-00-00'),
(2762, 51, 1999, '2016-02-12', '2016-02-12', '0000-00-00'),
(2763, 51, 2001, '2016-01-01', '0000-00-00', '0000-00-00'),
(2764, 51, 2002, '2016-01-01', '0000-00-00', '0000-00-00'),
(2765, 51, 2267, '2016-01-01', '2016-01-01', '2016-01-01'),
(2766, 51, 2272, '2016-01-01', '2016-01-01', '2016-01-01'),
(2767, 52, 1667, '0000-00-00', '2016-03-01', '2016-03-02'),
(2768, 52, 1672, '0000-00-00', '2016-03-01', '2016-03-02'),
(2769, 52, 1675, '0000-00-00', '2016-03-01', '2016-03-08'),
(2770, 52, 1816, '2016-02-12', '0000-00-00', '0000-00-00'),
(2771, 52, 1817, '2016-02-12', '0000-00-00', '0000-00-00'),
(2772, 52, 1818, '2016-02-12', '0000-00-00', '0000-00-00'),
(2773, 52, 1819, '2016-02-12', '0000-00-00', '0000-00-00'),
(2774, 52, 1820, '2016-02-12', '2016-02-12', '2016-02-12'),
(2775, 52, 1821, '2016-02-12', '2016-02-12', '2016-02-12'),
(2776, 52, 1822, '2016-02-12', '2016-02-12', '2016-02-12'),
(2777, 52, 1823, '2016-01-01', '2016-02-12', '2016-02-12'),
(2778, 52, 1824, '2016-01-01', '0000-00-00', '0000-00-00'),
(2779, 52, 1896, '2016-01-01', '2016-01-01', '2016-02-12'),
(2780, 52, 1897, '2016-01-01', '0000-00-00', '0000-00-00'),
(2781, 52, 1898, '2016-02-12', '2016-02-12', '2016-02-12'),
(2782, 52, 1899, '2016-01-01', '0000-00-00', '0000-00-00'),
(2783, 52, 1900, '2016-01-01', '0000-00-00', '0000-00-00'),
(2784, 52, 1903, '2016-01-01', '2016-02-12', '2016-02-12'),
(2785, 52, 1905, '2016-01-01', '0000-00-00', '0000-00-00'),
(2786, 52, 1936, '2016-01-01', '0000-00-00', '0000-00-00'),
(2787, 52, 1937, '2016-01-01', '0000-00-00', '0000-00-00'),
(2788, 52, 1939, '2016-02-12', '2016-02-12', '0000-00-00'),
(2789, 52, 1941, '2016-02-12', '0000-00-00', '0000-00-00'),
(2790, 52, 1942, '2016-02-12', '0000-00-00', '0000-00-00'),
(2791, 52, 1967, '2016-01-01', '2016-01-01', '2016-01-01'),
(2792, 52, 1968, '2016-02-12', '0000-00-00', '0000-00-00'),
(2793, 52, 1969, '2016-02-12', '0000-00-00', '0000-00-00'),
(2794, 52, 1972, '2016-01-01', '2016-01-01', '2016-01-01'),
(2795, 52, 1974, '2016-01-01', '0000-00-00', '0000-00-00'),
(2796, 52, 2003, '2016-02-12', '0000-00-00', '0000-00-00'),
(2797, 52, 2004, '2016-01-01', '2016-01-01', '2016-02-12'),
(2798, 52, 2005, '2016-01-01', '0000-00-00', '0000-00-00'),
(2799, 52, 2007, '2016-01-01', '0000-00-00', '0000-00-00'),
(2800, 52, 2008, '2016-01-01', '2016-02-12', '0000-00-00'),
(2801, 52, 2104, '2016-02-12', '0000-00-00', '0000-00-00'),
(2802, 52, 2105, '2016-02-12', '0000-00-00', '0000-00-00'),
(2803, 52, 2106, '2016-02-12', '2016-02-12', '0000-00-00'),
(2804, 52, 2107, '2016-01-01', '0000-00-00', '0000-00-00'),
(2805, 52, 2108, '2016-01-01', '2016-02-12', '2016-02-12'),
(2806, 52, 2109, '2016-01-01', '0000-00-00', '0000-00-00'),
(2807, 52, 2112, '2016-01-01', '2016-02-12', '0000-00-00'),
(2808, 52, 2113, '2016-01-01', '2016-02-12', '0000-00-00'),
(2809, 52, 2274, '2016-01-01', '2016-01-01', '2016-01-01'),
(2810, 52, 2277, '0000-00-00', '0000-00-00', '2001-02-02'),
(2811, 52, 2278, '0000-00-00', '0000-00-00', '2001-02-02'),
(2812, 52, 2279, '2016-01-01', '2016-01-01', '2016-01-01'),
(2813, 52, 2305, '2016-03-08', '2016-03-08', '2016-03-24'),
(2814, 52, 2310, '2016-03-16', '2016-03-22', '2016-03-24'),
(2815, 53, 1656, '2016-01-01', '2016-01-01', '2016-01-01'),
(2816, 53, 1659, '2016-01-01', '2016-01-01', '2016-01-01'),
(2817, 53, 1663, '2016-01-01', '2016-01-01', '2016-01-01'),
(2818, 53, 1664, '2016-01-01', '2016-01-01', '2016-01-01'),
(2819, 53, 1667, '2016-03-09', '2016-03-24', '0000-00-00'),
(2820, 53, 1706, '2016-01-01', '2016-01-01', '2016-02-12'),
(2821, 53, 1707, '2016-01-01', '2016-01-01', '2016-01-01'),
(2822, 53, 1708, '2016-01-01', '2016-01-01', '2016-01-01'),
(2823, 53, 1776, '2016-02-12', '0000-00-00', '0000-00-00'),
(2824, 53, 1777, '2016-02-12', '0000-00-00', '0000-00-00'),
(2825, 53, 1778, '2016-02-12', '0000-00-00', '0000-00-00'),
(2826, 53, 1779, '2016-02-12', '0000-00-00', '0000-00-00'),
(2827, 53, 1780, '2016-02-12', '0000-00-00', '0000-00-00'),
(2828, 53, 1781, '2016-01-01', '2016-02-12', '0000-00-00'),
(2829, 53, 1782, '2016-01-01', '0000-00-00', '0000-00-00'),
(2830, 53, 1783, '2016-01-01', '0000-00-00', '0000-00-00'),
(2831, 53, 1826, '2016-01-01', '0000-00-00', '0000-00-00'),
(2832, 53, 1827, '2016-01-01', '0000-00-00', '0000-00-00'),
(2833, 53, 1828, '2016-01-01', '2016-02-12', '0000-00-00'),
(2834, 53, 1829, '2016-01-01', '2016-02-12', '0000-00-00'),
(2835, 53, 1830, '2016-01-01', '2016-02-12', '0000-00-00'),
(2836, 53, 1831, '2016-01-01', '2016-02-12', '0000-00-00'),
(2837, 53, 1832, '2016-01-01', '2016-02-12', '0000-00-00'),
(2838, 53, 1833, '2016-01-01', '2016-02-12', '0000-00-00'),
(2839, 53, 1834, '2016-01-01', '2016-02-12', '0000-00-00'),
(2840, 53, 1856, '2016-01-01', '2016-02-12', '0000-00-00'),
(2841, 53, 1857, '2016-01-01', '2016-02-12', '0000-00-00'),
(2842, 53, 1858, '2016-01-01', '0000-00-00', '0000-00-00'),
(2843, 53, 1859, '2016-01-01', '0000-00-00', '0000-00-00'),
(2844, 53, 1861, '2016-01-01', '2016-02-12', '0000-00-00'),
(2845, 53, 1862, '2016-01-01', '2016-02-12', '0000-00-00'),
(2846, 53, 1863, '2016-01-01', '0000-00-00', '0000-00-00'),
(2847, 53, 1864, '2016-01-01', '0000-00-00', '0000-00-00'),
(2848, 53, 1896, '2016-01-01', '2016-01-01', '2016-02-12'),
(2849, 53, 1898, '2016-01-01', '2016-01-01', '2016-02-12'),
(2850, 53, 1899, '2016-01-01', '0000-00-00', '0000-00-00'),
(2851, 53, 1900, '2016-01-01', '0000-00-00', '0000-00-00'),
(2852, 53, 1903, '2016-01-01', '2016-02-12', '0000-00-00'),
(2853, 53, 1904, '2016-02-12', '0000-00-00', '0000-00-00'),
(2854, 53, 1905, '2016-01-01', '0000-00-00', '0000-00-00'),
(2855, 53, 1936, '2016-01-01', '2016-02-12', '0000-00-00'),
(2856, 53, 1937, '2016-01-01', '2016-02-12', '0000-00-00'),
(2857, 53, 1939, '2016-01-01', '2016-02-12', '0000-00-00'),
(2858, 53, 1941, '2016-01-01', '2016-02-12', '0000-00-00'),
(2859, 53, 1942, '2016-01-01', '2016-02-12', '0000-00-00'),
(2860, 53, 1967, '2016-01-01', '0000-00-00', '0000-00-00'),
(2861, 53, 1968, '2016-01-01', '2016-01-01', '0000-00-00'),
(2862, 53, 1969, '2016-01-01', '0000-00-00', '0000-00-00'),
(2863, 53, 1971, '2016-02-03', '0000-00-00', '0000-00-00'),
(2864, 53, 1972, '2016-01-01', '2016-01-01', '2016-01-01'),
(2865, 53, 1973, '2016-01-01', '0000-00-00', '0000-00-00'),
(2866, 53, 1974, '2016-01-01', '0000-00-00', '0000-00-00'),
(2867, 53, 1975, '2016-01-01', '0000-00-00', '0000-00-00'),
(2868, 53, 2012, '2016-02-12', '2016-02-12', '0000-00-00'),
(2869, 53, 2015, '2016-02-12', '0000-00-00', '0000-00-00'),
(2870, 53, 2016, '2016-02-12', '0000-00-00', '0000-00-00'),
(2871, 53, 2017, '2016-01-01', '0000-00-00', '0000-00-00'),
(2872, 53, 2018, '2016-01-01', '0000-00-00', '0000-00-00'),
(2873, 53, 2020, '2016-02-12', '2016-02-12', '0000-00-00'),
(2874, 53, 2021, '2016-01-01', '0000-00-00', '0000-00-00'),
(2875, 54, 1647, '2016-03-24', '2016-03-24', '2016-03-24'),
(2876, 54, 1648, '2016-01-01', '2016-01-01', '2016-01-01'),
(2877, 54, 1649, '2016-01-01', '2016-01-01', '2016-01-01'),
(2878, 54, 1651, '2016-01-01', '2016-01-01', '2016-01-01'),
(2879, 54, 1652, '2016-01-01', '2016-01-01', '2016-01-01'),
(2880, 54, 1653, '2016-01-01', '2016-01-01', '2016-01-01'),
(2881, 54, 1654, '2016-01-01', '2016-01-01', '2016-01-01'),
(2882, 54, 1655, '2016-02-12', '0000-00-00', '0000-00-00'),
(2883, 54, 1656, '2016-03-24', '2016-03-24', '2016-03-24'),
(2884, 54, 1657, '2016-03-24', '2016-03-24', '2016-03-24'),
(2885, 54, 1706, '2016-01-01', '2016-01-01', '2016-02-12'),
(2886, 54, 1707, '2016-01-01', '2016-01-01', '2016-01-01'),
(2887, 54, 1708, '2016-01-01', '2016-01-01', '2016-01-01'),
(2888, 54, 1776, '2016-02-12', '0000-00-00', '0000-00-00'),
(2889, 54, 1777, '2016-02-12', '0000-00-00', '0000-00-00'),
(2890, 54, 1778, '2016-02-12', '2016-02-12', '0000-00-00'),
(2891, 54, 1780, '2016-01-01', '0000-00-00', '0000-00-00'),
(2892, 54, 1781, '2016-01-01', '2016-02-12', '0000-00-00'),
(2893, 54, 1784, '2016-01-01', '0000-00-00', '0000-00-00'),
(2894, 54, 1785, '2016-01-01', '0000-00-00', '0000-00-00'),
(2895, 54, 1816, '2016-01-01', '2016-02-12', '0000-00-00'),
(2896, 54, 1817, '2016-01-01', '2016-02-12', '0000-00-00'),
(2897, 54, 1818, '2016-01-01', '2016-02-12', '0000-00-00'),
(2898, 54, 1819, '2016-01-01', '2016-02-12', '0000-00-00'),
(2899, 54, 1820, '2016-01-01', '2016-02-12', '0000-00-00'),
(2900, 54, 1821, '2016-01-01', '2016-02-12', '0000-00-00'),
(2901, 54, 1822, '2016-01-01', '2016-02-12', '0000-00-00'),
(2902, 54, 1823, '2016-01-01', '2016-02-12', '0000-00-00'),
(2903, 54, 1824, '2016-01-01', '2016-02-12', '0000-00-00'),
(2904, 54, 1856, '2016-01-01', '2016-02-12', '0000-00-00'),
(2905, 54, 1857, '2016-01-01', '2016-02-12', '0000-00-00'),
(2906, 54, 1858, '2016-01-01', '2016-02-12', '0000-00-00'),
(2907, 54, 1859, '2016-01-01', '2016-02-12', '0000-00-00'),
(2908, 54, 1861, '2016-01-01', '2016-02-12', '0000-00-00'),
(2909, 54, 1862, '2016-01-01', '2016-02-12', '0000-00-00'),
(2910, 54, 1863, '2016-01-01', '2016-02-12', '0000-00-00'),
(2911, 54, 1864, '2016-01-01', '2016-02-12', '0000-00-00'),
(2912, 54, 1896, '2016-01-01', '2016-01-01', '2016-01-01'),
(2913, 54, 1897, '2016-01-01', '2016-02-12', '2016-02-12'),
(2914, 54, 1898, '2016-01-01', '2016-02-12', '2016-02-12'),
(2915, 54, 1899, '2016-02-12', '0000-00-00', '0000-00-00'),
(2916, 54, 1900, '2016-02-12', '0000-00-00', '0000-00-00'),
(2917, 54, 1903, '2016-01-01', '2016-02-12', '0000-00-00'),
(2918, 54, 1905, '2016-01-01', '0000-00-00', '0000-00-00'),
(2919, 54, 1936, '2016-02-12', '0000-00-00', '0000-00-00'),
(2920, 54, 1937, '2016-02-12', '0000-00-00', '0000-00-00'),
(2921, 54, 1939, '2016-02-12', '0000-00-00', '0000-00-00'),
(2922, 54, 1941, '2016-02-12', '0000-00-00', '0000-00-00'),
(2923, 54, 1942, '2016-02-12', '0000-00-00', '0000-00-00'),
(2924, 54, 1943, '2016-02-12', '0000-00-00', '0000-00-00'),
(2925, 54, 2022, '2016-02-03', '0000-00-00', '0000-00-00'),
(2926, 54, 2026, '2016-01-01', '0000-00-00', '0000-00-00'),
(2927, 54, 2027, '2016-01-01', '0000-00-00', '0000-00-00'),
(2928, 54, 2028, '2016-01-01', '0000-00-00', '0000-00-00'),
(2929, 54, 2029, '2016-02-12', '0000-00-00', '0000-00-00'),
(2930, 54, 2030, '2016-01-01', '2016-01-01', '2016-01-01'),
(2931, 54, 2031, '2016-01-01', '2016-01-01', '2016-01-01'),
(2932, 55, 1648, '2016-01-01', '2016-01-01', '2016-01-01'),
(2933, 55, 1649, '2016-01-01', '2016-01-01', '2016-01-01'),
(2934, 55, 1651, '2016-01-01', '2016-01-01', '2016-01-01'),
(2935, 55, 1652, '2016-01-01', '2016-01-01', '2016-01-01'),
(2936, 55, 1653, '2016-01-01', '2016-01-01', '2016-01-01'),
(2937, 55, 1654, '2016-01-01', '2016-01-01', '2016-01-01'),
(2938, 55, 1706, '2016-01-01', '2016-01-01', '2016-01-01'),
(2939, 55, 1707, '2016-01-01', '2016-01-01', '2016-01-01'),
(2940, 55, 1708, '2016-01-01', '2016-01-01', '2016-01-01'),
(2941, 55, 1713, '2016-01-01', '2016-01-01', '2016-01-01'),
(2942, 55, 1714, '2016-01-01', '2016-01-01', '2016-01-01'),
(2943, 55, 1715, '2016-01-01', '2016-01-01', '2016-01-01'),
(2944, 55, 1776, '2016-01-01', '0000-00-00', '0000-00-00'),
(2945, 55, 1777, '2016-01-01', '0000-00-00', '0000-00-00'),
(2946, 55, 1780, '2016-01-01', '0000-00-00', '0000-00-00'),
(2947, 55, 1784, '2016-01-01', '0000-00-00', '0000-00-00'),
(2948, 55, 1785, '2016-01-01', '0000-00-00', '0000-00-00'),
(2949, 55, 1820, '2016-01-01', '0000-00-00', '0000-00-00'),
(2950, 55, 1821, '2016-01-01', '0000-00-00', '0000-00-00'),
(2951, 55, 1822, '2016-01-01', '0000-00-00', '0000-00-00'),
(2952, 55, 1823, '2016-01-01', '0000-00-00', '0000-00-00'),
(2953, 55, 1824, '2016-01-01', '0000-00-00', '0000-00-00'),
(2954, 55, 1856, '2016-01-01', '0000-00-00', '0000-00-00'),
(2955, 55, 1857, '2016-01-01', '0000-00-00', '0000-00-00'),
(2956, 55, 1858, '2016-01-01', '0000-00-00', '0000-00-00'),
(2957, 55, 1859, '2016-01-01', '0000-00-00', '0000-00-00'),
(2958, 55, 1860, '2016-01-01', '0000-00-00', '0000-00-00'),
(2959, 55, 1861, '2016-01-01', '0000-00-00', '0000-00-00'),
(2960, 55, 1862, '2016-01-01', '0000-00-00', '0000-00-00'),
(2961, 55, 1863, '2016-01-01', '0000-00-00', '0000-00-00'),
(2962, 55, 1864, '2016-01-01', '0000-00-00', '0000-00-00'),
(2963, 55, 1865, '2016-01-01', '0000-00-00', '0000-00-00'),
(2964, 55, 1896, '2016-01-01', '2016-01-01', '2016-01-01'),
(2965, 55, 1897, '2016-01-01', '0000-00-00', '0000-00-00'),
(2966, 55, 1898, '2016-01-01', '2016-01-01', '2016-01-01'),
(2967, 55, 1899, '2016-01-01', '0000-00-00', '0000-00-00'),
(2968, 55, 1900, '2016-01-01', '0000-00-00', '0000-00-00'),
(2969, 55, 1903, '2016-01-01', '0000-00-00', '0000-00-00'),
(2970, 55, 1905, '2016-01-01', '0000-00-00', '0000-00-00'),
(2971, 55, 1936, '2016-01-01', '0000-00-00', '0000-00-00'),
(2972, 55, 1937, '2016-01-01', '0000-00-00', '0000-00-00'),
(2973, 55, 1939, '2016-01-01', '0000-00-00', '0000-00-00'),
(2974, 55, 1941, '2016-01-01', '0000-00-00', '0000-00-00'),
(2975, 55, 1942, '2016-01-01', '0000-00-00', '0000-00-00'),
(2976, 55, 1968, '2016-01-01', '0000-00-00', '0000-00-00'),
(2977, 55, 1969, '2016-01-01', '0000-00-00', '0000-00-00'),
(2978, 55, 1972, '2016-01-01', '0000-00-00', '0000-00-00'),
(2979, 55, 2003, '2016-01-01', '0000-00-00', '0000-00-00'),
(2980, 55, 2004, '2016-01-01', '0000-00-00', '0000-00-00'),
(2981, 55, 2006, '2016-01-01', '0000-00-00', '0000-00-00'),
(2982, 55, 2007, '2016-01-01', '0000-00-00', '0000-00-00'),
(2983, 55, 2008, '2016-01-01', '0000-00-00', '0000-00-00'),
(2984, 55, 2010, '2016-01-01', '0000-00-00', '0000-00-00'),
(2985, 56, 1638, '2016-03-09', '2016-03-24', '2016-03-24'),
(2986, 56, 1643, '2016-01-01', '2016-01-01', '2016-01-01'),
(2987, 56, 1644, '2016-01-01', '2016-01-01', '2016-01-01'),
(2988, 56, 1647, '2016-03-08', '2016-03-08', '2016-03-24'),
(2989, 56, 1680, '2016-01-01', '2016-01-01', '2016-01-01'),
(2990, 56, 1681, '2016-01-01', '2016-01-01', '2016-01-01'),
(2991, 56, 1756, '2016-02-12', '0000-00-00', '0000-00-00'),
(2992, 56, 1757, '2016-02-12', '0000-00-00', '0000-00-00'),
(2993, 56, 1758, '2016-02-12', '0000-00-00', '0000-00-00'),
(2994, 56, 1761, '2016-02-12', '0000-00-00', '0000-00-00'),
(2995, 56, 1762, '2016-02-12', '0000-00-00', '0000-00-00'),
(2996, 56, 1763, '2016-02-12', '0000-00-00', '0000-00-00'),
(2997, 56, 1796, '2016-01-01', '0000-00-00', '0000-00-00'),
(2998, 56, 1797, '2016-01-01', '0000-00-00', '0000-00-00'),
(2999, 56, 1798, '2016-01-01', '2016-02-12', '0000-00-00'),
(3000, 56, 1799, '2016-01-01', '2016-02-12', '0000-00-00'),
(3001, 56, 1800, '2016-01-01', '2016-02-12', '0000-00-00'),
(3002, 56, 1801, '2016-01-01', '0000-00-00', '0000-00-00'),
(3003, 56, 1802, '2016-01-01', '0000-00-00', '0000-00-00'),
(3004, 56, 1803, '2016-01-01', '0000-00-00', '0000-00-00'),
(3005, 56, 1804, '2016-01-01', '0000-00-00', '0000-00-00'),
(3006, 56, 1836, '2016-02-12', '0000-00-00', '0000-00-00'),
(3007, 56, 1837, '2016-02-12', '0000-00-00', '0000-00-00'),
(3008, 56, 1838, '2016-02-12', '0000-00-00', '0000-00-00'),
(3009, 56, 1841, '2016-02-12', '0000-00-00', '0000-00-00'),
(3010, 56, 1842, '2016-02-12', '0000-00-00', '0000-00-00'),
(3011, 56, 1843, '2016-02-12', '0000-00-00', '0000-00-00'),
(3012, 56, 1876, '2016-01-01', '2016-01-01', '2016-01-01'),
(3013, 56, 1877, '2016-02-12', '0000-00-00', '0000-00-00'),
(3014, 56, 1878, '2016-02-12', '0000-00-00', '0000-00-00'),
(3015, 56, 1880, '2016-02-12', '0000-00-00', '0000-00-00'),
(3016, 56, 1881, '2016-02-12', '0000-00-00', '0000-00-00'),
(3017, 56, 1882, '2016-02-12', '0000-00-00', '0000-00-00'),
(3018, 56, 1884, '2016-02-12', '0000-00-00', '0000-00-00'),
(3019, 56, 1918, '2016-01-01', '2016-01-01', '2016-01-01'),
(3020, 56, 1921, '2016-02-05', '0000-00-00', '0000-00-00'),
(3021, 56, 1922, '2016-02-05', '0000-00-00', '0000-00-00'),
(3022, 56, 1923, '2016-02-05', '0000-00-00', '0000-00-00'),
(3023, 56, 1924, '2016-02-05', '0000-00-00', '0000-00-00'),
(3024, 56, 1957, '2016-02-12', '0000-00-00', '0000-00-00'),
(3025, 56, 1959, '2016-02-03', '0000-00-00', '0000-00-00'),
(3026, 56, 1960, '2016-01-01', '2016-01-01', '0000-00-00'),
(3027, 56, 1961, '2016-01-01', '0000-00-00', '0000-00-00'),
(3028, 56, 1964, '2016-01-01', '0000-00-00', '0000-00-00'),
(3029, 56, 1965, '2016-01-01', '0000-00-00', '0000-00-00'),
(3030, 56, 1966, '2016-01-01', '0000-00-00', '0000-00-00'),
(3031, 56, 1993, '2016-01-01', '2016-01-01', '2016-02-12'),
(3032, 56, 1995, '2016-02-12', '0000-00-00', '0000-00-00'),
(3033, 56, 1996, '2016-02-12', '0000-00-00', '0000-00-00'),
(3034, 56, 1997, '2016-02-12', '0000-00-00', '0000-00-00'),
(3035, 56, 1999, '2016-01-01', '2016-02-12', '0000-00-00'),
(3036, 56, 2001, '2016-01-01', '0000-00-00', '0000-00-00'),
(3037, 56, 2002, '2016-01-01', '0000-00-00', '0000-00-00'),
(3038, 57, 727, '2016-02-08', '0000-00-00', '0000-00-00'),
(3039, 57, 728, '2016-02-08', '0000-00-00', '0000-00-00'),
(3040, 57, 729, '2015-10-19', '0000-00-00', '0000-00-00'),
(3041, 57, 731, '2016-02-08', '0000-00-00', '0000-00-00'),
(3042, 57, 732, '2016-02-08', '0000-00-00', '0000-00-00'),
(3043, 57, 733, '2016-02-08', '0000-00-00', '0000-00-00'),
(3044, 57, 734, '2016-02-08', '0000-00-00', '0000-00-00'),
(3045, 57, 735, '2016-02-08', '0000-00-00', '0000-00-00'),
(3046, 57, 816, '2016-02-08', '2016-02-08', '2016-02-08'),
(3047, 57, 817, '2015-10-19', '0000-00-00', '0000-00-00'),
(3048, 57, 819, '2016-02-08', '2016-02-08', '0000-00-00'),
(3049, 57, 822, '2016-02-08', '0000-00-00', '0000-00-00'),
(3050, 57, 916, '2016-02-08', '0000-00-00', '0000-00-00'),
(3051, 57, 917, '2015-10-19', '0000-00-00', '0000-00-00'),
(3052, 57, 918, '2016-02-08', '0000-00-00', '0000-00-00'),
(3053, 57, 922, '2016-02-08', '2016-02-08', '2016-02-08'),
(3054, 57, 924, '2016-02-08', '0000-00-00', '0000-00-00'),
(3055, 57, 1026, '2015-10-19', '0000-00-00', '0000-00-00'),
(3056, 57, 1027, '2016-02-09', '2016-02-09', '2016-02-09'),
(3057, 57, 1029, '2016-02-09', '0000-00-00', '0000-00-00'),
(3058, 57, 1032, '2016-02-09', '2016-02-09', '2016-02-09'),
(3059, 57, 1034, '2016-02-09', '0000-00-00', '0000-00-00'),
(3060, 57, 1035, '2016-02-09', '0000-00-00', '0000-00-00'),
(3061, 57, 1116, '2016-02-08', '0000-00-00', '0000-00-00'),
(3062, 57, 1117, '2016-02-08', '0000-00-00', '0000-00-00'),
(3063, 57, 1122, '2016-02-08', '2016-02-08', '2016-02-08'),
(3064, 57, 1125, '2015-10-19', '0000-00-00', '0000-00-00'),
(3065, 57, 1216, '2016-02-08', '0000-00-00', '0000-00-00'),
(3066, 57, 1220, '2016-02-08', '2016-02-08', '2016-02-08'),
(3067, 57, 1223, '2016-02-08', '2016-02-08', '2016-02-08'),
(3068, 57, 1224, '2016-02-08', '2016-02-08', '2016-02-08'),
(3069, 57, 1623, '2016-02-08', '2016-02-08', '2016-02-08'),
(3070, 57, 1624, '2016-02-08', '2016-02-08', '2016-02-08'),
(3071, 57, 1625, '2015-10-19', '2016-02-08', '2016-02-08'),
(3072, 59, 596, '0000-00-00', '2015-06-23', '2015-06-23'),
(3073, 59, 597, '0000-00-00', '2015-06-23', '0000-00-00'),
(3074, 59, 598, '0000-00-00', '2015-06-23', '2015-06-23'),
(3075, 59, 600, '0000-00-00', '2015-06-23', '2015-06-23'),
(3076, 59, 602, '0000-00-00', '2015-06-23', '2015-06-23'),
(3077, 59, 603, '0000-00-00', '2015-06-23', '2015-06-23'),
(3078, 59, 707, '2016-02-08', '2016-02-08', '2016-02-08'),
(3079, 59, 709, '2015-10-19', '0000-00-00', '0000-00-00'),
(3080, 59, 715, '2016-02-08', '2016-02-08', '2016-02-08'),
(3081, 59, 806, '2016-02-08', '2016-02-08', '2016-02-08'),
(3082, 59, 807, '2015-10-19', '0000-00-00', '0000-00-00'),
(3083, 59, 809, '2016-02-08', '2016-02-08', '2016-02-08'),
(3084, 59, 896, '2015-11-18', '2015-11-18', '2016-02-08'),
(3085, 59, 897, '2015-10-19', '2015-11-18', '2016-02-08'),
(3086, 59, 898, '2015-11-18', '2015-11-18', '2016-02-08'),
(3087, 59, 899, '2015-11-18', '2015-11-18', '2016-02-08'),
(3088, 59, 900, '2015-11-18', '2015-11-18', '2016-02-08'),
(3089, 59, 901, '2015-11-18', '2015-11-18', '2016-02-08'),
(3090, 59, 902, '2015-11-18', '2015-11-18', '2016-02-08'),
(3091, 59, 903, '2015-11-18', '2015-11-18', '2016-02-08'),
(3092, 59, 904, '2015-11-18', '2015-11-18', '0000-00-00'),
(3093, 59, 905, '2015-11-18', '2015-11-18', '0000-00-00'),
(3094, 59, 907, '2015-10-19', '0000-00-00', '0000-00-00'),
(3095, 59, 914, '2016-02-08', '2016-02-08', '2016-02-08'),
(3096, 59, 1006, '2016-02-09', '2016-02-09', '2016-02-09'),
(3097, 59, 1007, '2016-02-09', '2016-02-09', '2016-02-09'),
(3098, 59, 1008, '2016-02-09', '2016-02-09', '2016-02-09'),
(3099, 59, 1009, '2016-02-09', '2016-02-09', '2016-02-09'),
(3100, 59, 1010, '2016-02-09', '2016-02-09', '2016-02-09'),
(3101, 59, 1011, '2016-02-09', '2016-02-09', '2016-02-09'),
(3102, 59, 1012, '2016-02-09', '2016-02-09', '2016-02-09'),
(3103, 59, 1014, '2016-02-09', '2016-02-09', '2016-02-09'),
(3104, 59, 1015, '2016-02-09', '2016-02-09', '2016-02-09'),
(3105, 59, 1016, '2015-10-19', '2016-02-09', '2016-02-09'),
(3106, 59, 1017, '2016-02-09', '2016-02-09', '2016-02-09'),
(3107, 59, 1019, '2016-02-09', '2016-02-09', '2016-02-09'),
(3108, 59, 1022, '2016-02-09', '2016-02-09', '2016-02-09'),
(3109, 59, 1024, '2016-02-09', '2016-02-09', '2016-02-09'),
(3110, 59, 1025, '2016-02-09', '0000-00-00', '0000-00-00'),
(3111, 59, 1026, '2015-10-19', '0000-00-00', '0000-00-00'),
(3112, 59, 1107, '2016-02-08', '0000-00-00', '0000-00-00'),
(3113, 59, 1108, '2016-02-08', '0000-00-00', '0000-00-00'),
(3114, 59, 1111, '2016-02-08', '0000-00-00', '0000-00-00'),
(3115, 59, 1112, '2016-02-08', '2016-02-08', '2016-02-08'),
(3116, 59, 1114, '2016-02-08', '2016-02-08', '2016-02-08'),
(3117, 59, 1115, '2015-10-19', '0000-00-00', '0000-00-00'),
(3118, 59, 1206, '2016-02-08', '0000-00-00', '0000-00-00'),
(3119, 59, 1210, '2016-02-08', '2016-02-08', '2016-02-08'),
(3120, 59, 1213, '2016-02-08', '2016-02-08', '2016-02-08'),
(3121, 59, 1214, '2016-02-08', '2016-02-08', '2016-02-08'),
(3122, 59, 1606, '2016-02-08', '0000-00-00', '0000-00-00'),
(3123, 59, 1613, '2016-02-08', '2016-02-08', '2016-02-08'),
(3124, 59, 1614, '2016-02-08', '2016-02-08', '2016-02-08'),
(3125, 59, 1615, '2015-10-19', '2016-02-08', '2016-02-08'),
(3126, 59, 1623, '2016-02-08', '2016-02-08', '2016-02-08'),
(3127, 59, 1624, '2016-02-08', '2016-02-08', '2016-02-08'),
(3128, 59, 1625, '2016-02-08', '2016-02-08', '2016-02-08'),
(3129, 61, 439, '0000-00-00', '2015-06-30', '2015-06-30'),
(3130, 61, 440, '0000-00-00', '2015-06-30', '2015-06-30'),
(3131, 61, 441, '0000-00-00', '2015-06-30', '2015-06-30'),
(3132, 61, 442, '0000-00-00', '2015-06-30', '2015-06-30'),
(3133, 61, 443, '0000-00-00', '2015-06-30', '2015-06-30'),
(3134, 61, 444, '0000-00-00', '2015-06-30', '2015-06-30'),
(3135, 61, 445, '0000-00-00', '2015-06-30', '2015-06-30'),
(3136, 61, 727, '2016-02-08', '0000-00-00', '0000-00-00'),
(3137, 61, 728, '2016-02-08', '0000-00-00', '0000-00-00'),
(3138, 61, 729, '2015-10-19', '0000-00-00', '0000-00-00'),
(3139, 61, 732, '2016-02-08', '2016-02-08', '2016-02-08'),
(3140, 61, 734, '2016-02-08', '2016-02-08', '0000-00-00'),
(3141, 61, 816, '2016-02-08', '2016-02-08', '2016-02-08'),
(3142, 61, 817, '2015-10-19', '0000-00-00', '0000-00-00'),
(3143, 61, 819, '2016-02-10', '2016-02-10', '2016-02-10'),
(3144, 61, 822, '2016-02-08', '0000-00-00', '0000-00-00'),
(3145, 61, 825, '2016-02-08', '0000-00-00', '0000-00-00'),
(3146, 61, 916, '2016-02-08', '2016-02-08', '2016-02-08'),
(3147, 61, 917, '2015-10-19', '0000-00-00', '0000-00-00'),
(3148, 61, 918, '2016-02-08', '2016-02-08', '2016-02-08'),
(3149, 61, 920, '2016-02-08', '2016-02-08', '0000-00-00'),
(3150, 61, 921, '2016-02-08', '2016-02-08', '2016-02-08'),
(3151, 61, 922, '2016-02-08', '2016-02-08', '2016-02-08'),
(3152, 61, 924, '2016-02-08', '2016-02-08', '0000-00-00'),
(3153, 61, 1026, '2015-10-19', '2016-02-09', '2016-02-09'),
(3154, 61, 1027, '2016-02-09', '2016-02-09', '2016-02-09'),
(3155, 61, 1032, '2016-02-09', '2016-02-09', '2016-02-09'),
(3156, 61, 1034, '2016-02-09', '0000-00-00', '0000-00-00'),
(3157, 61, 1035, '2016-02-09', '0000-00-00', '0000-00-00'),
(3158, 61, 1116, '2016-02-08', '0000-00-00', '0000-00-00'),
(3159, 61, 1117, '2016-02-08', '2016-02-08', '2016-02-08'),
(3160, 61, 1122, '2016-02-08', '2016-02-08', '2016-02-08'),
(3161, 61, 1125, '2015-10-19', '0000-00-00', '0000-00-00'),
(3162, 61, 1216, '2016-02-09', '0000-00-00', '0000-00-00'),
(3163, 61, 1220, '2016-02-09', '2016-02-09', '2016-02-09'),
(3164, 61, 1223, '2016-02-09', '2016-02-09', '0000-00-00'),
(3165, 61, 1224, '2016-02-09', '2016-02-09', '2016-02-09'),
(3166, 61, 1623, '2016-02-08', '2016-02-08', '2016-02-08'),
(3167, 61, 1624, '2016-02-08', '2016-02-08', '2016-02-08'),
(3168, 61, 1625, '2016-02-08', '2016-02-08', '2016-02-08'),
(3169, 62, 439, '0000-00-00', '2015-06-30', '2015-06-30'),
(3170, 62, 440, '0000-00-00', '2015-06-30', '2015-06-30'),
(3171, 62, 441, '0000-00-00', '2015-06-30', '2015-06-30'),
(3172, 62, 442, '0000-00-00', '2015-06-30', '2015-06-30'),
(3173, 62, 443, '0000-00-00', '2015-06-30', '2015-06-30'),
(3174, 62, 444, '0000-00-00', '2015-06-30', '2015-06-30'),
(3175, 62, 445, '0000-00-00', '2015-06-30', '2015-06-30'),
(3176, 62, 596, '0000-00-00', '2015-06-30', '2015-06-30'),
(3177, 62, 597, '0000-00-00', '2015-06-30', '2015-06-30'),
(3178, 62, 598, '0000-00-00', '2015-06-30', '2015-06-30'),
(3179, 62, 599, '0000-00-00', '2015-06-30', '2015-06-30'),
(3180, 62, 600, '0000-00-00', '2015-06-30', '2015-06-30'),
(3181, 62, 601, '0000-00-00', '2015-06-30', '2015-06-30'),
(3182, 62, 602, '0000-00-00', '2015-06-30', '2015-06-30'),
(3183, 62, 603, '0000-00-00', '2015-06-30', '2015-06-30'),
(3184, 62, 604, '0000-00-00', '2015-06-30', '2015-06-30'),
(3185, 62, 605, '0000-00-00', '2015-06-30', '2015-06-30'),
(3186, 62, 719, '2015-10-19', '0000-00-00', '0000-00-00'),
(3187, 62, 722, '2016-02-08', '2016-02-08', '2016-02-08'),
(3188, 62, 725, '2016-02-08', '2016-02-08', '2016-02-08'),
(3189, 62, 816, '2016-02-08', '2016-02-08', '2016-02-08'),
(3190, 62, 817, '2015-10-19', '0000-00-00', '0000-00-00'),
(3191, 62, 819, '2016-02-08', '2016-02-08', '2016-02-08'),
(3192, 62, 916, '2016-02-08', '2016-02-08', '2016-02-08'),
(3193, 62, 917, '2016-02-08', '2016-02-08', '2016-02-08'),
(3194, 62, 918, '2016-02-08', '2016-02-08', '2016-02-08'),
(3195, 62, 920, '2016-02-08', '2016-02-08', '2016-02-08'),
(3196, 62, 921, '2016-02-08', '2016-02-08', '2016-02-08'),
(3197, 62, 922, '2016-02-08', '2016-02-08', '2016-02-08'),
(3198, 62, 924, '2016-02-08', '2016-02-08', '2016-02-08'),
(3199, 62, 927, '2015-10-19', '0000-00-00', '0000-00-00'),
(3200, 62, 1016, '2016-02-09', '2016-02-09', '2016-02-09'),
(3201, 62, 1017, '2016-02-09', '2016-02-09', '2016-02-09'),
(3202, 62, 1018, '2016-02-09', '2016-02-09', '2016-02-09'),
(3203, 62, 1019, '2016-02-09', '2016-02-09', '2016-02-09'),
(3204, 62, 1020, '2016-02-09', '2016-02-09', '2016-02-09'),
(3205, 62, 1021, '2016-02-09', '2016-02-09', '2016-02-09'),
(3206, 62, 1022, '2016-02-09', '2016-02-09', '2016-02-09'),
(3207, 62, 1024, '2016-02-09', '2016-02-09', '2016-02-09'),
(3208, 62, 1025, '2016-02-09', '0000-00-00', '0000-00-00'),
(3209, 62, 1026, '2015-10-19', '2016-02-09', '2016-02-09'),
(3210, 62, 1027, '2016-02-09', '2016-02-09', '2016-02-09'),
(3211, 62, 1030, '2016-02-09', '0000-00-00', '0000-00-00'),
(3212, 62, 1032, '2016-02-09', '2016-02-09', '0000-00-00'),
(3213, 62, 1034, '2016-02-09', '2016-02-09', '0000-00-00'),
(3214, 62, 1035, '2016-02-09', '0000-00-00', '0000-00-00'),
(3215, 62, 1117, '2016-02-08', '2016-02-08', '2016-02-08'),
(3216, 62, 1122, '2016-02-08', '2016-02-08', '2016-02-08'),
(3217, 62, 1124, '2016-02-08', '0000-00-00', '0000-00-00'),
(3218, 62, 1125, '2015-10-19', '0000-00-00', '0000-00-00'),
(3219, 62, 1216, '2016-02-08', '0000-00-00', '0000-00-00'),
(3220, 62, 1220, '2016-02-08', '2016-02-08', '2016-02-08'),
(3221, 62, 1623, '2016-02-08', '2016-02-08', '2016-02-08'),
(3222, 62, 1624, '2016-02-08', '2016-02-08', '2016-02-08'),
(3223, 62, 1625, '2015-10-19', '2016-02-08', '2016-02-08'),
(3224, 63, 588, '2015-07-15', '2015-07-15', '2015-07-15'),
(3225, 63, 589, '2015-07-15', '2015-07-15', '2015-07-15'),
(3226, 63, 591, '2015-07-15', '2015-07-15', '2015-07-15'),
(3227, 63, 592, '2015-07-15', '2015-07-15', '2015-07-15'),
(3228, 63, 706, '2015-07-08', '2015-07-08', '2015-07-08'),
(3229, 63, 707, '2015-07-08', '2015-07-08', '2015-07-08'),
(3230, 63, 709, '2015-07-08', '0000-00-00', '0000-00-00'),
(3231, 63, 710, '2015-07-08', '2015-07-08', '2015-07-08'),
(3232, 63, 711, '2015-07-08', '2015-07-08', '2015-07-08'),
(3233, 63, 714, '2015-07-08', '0000-00-00', '0000-00-00'),
(3234, 63, 716, '2015-07-15', '2015-07-15', '2015-07-15'),
(3235, 63, 717, '2015-07-15', '2015-07-15', '2015-07-15'),
(3236, 63, 718, '2015-07-15', '0000-00-00', '0000-00-00'),
(3237, 63, 719, '2015-07-15', '0000-00-00', '0000-00-00'),
(3238, 63, 720, '2015-07-15', '2015-07-15', '2015-07-15'),
(3239, 63, 721, '2015-07-15', '2015-07-15', '2015-07-15'),
(3240, 63, 722, '2015-07-15', '2015-07-15', '2015-07-15'),
(3241, 63, 726, '2015-07-15', '2015-07-15', '2015-07-15'),
(3242, 63, 727, '2015-07-15', '2015-07-15', '2015-07-15'),
(3243, 63, 729, '2015-07-15', '0000-00-00', '0000-00-00'),
(3244, 63, 730, '2015-07-15', '2015-07-15', '2015-07-15'),
(3245, 63, 731, '2015-07-15', '2015-07-15', '2015-07-15'),
(3246, 63, 732, '2015-07-15', '2015-07-15', '2015-07-15'),
(3247, 63, 806, '2015-07-08', '2015-07-08', '2015-07-08'),
(3248, 63, 807, '2015-07-08', '0000-00-00', '0000-00-00'),
(3249, 63, 808, '2015-07-08', '0000-00-00', '0000-00-00'),
(3250, 63, 810, '2015-07-08', '2015-07-08', '2015-07-08'),
(3251, 63, 906, '2015-07-15', '2015-07-15', '2015-07-15'),
(3252, 63, 907, '2015-07-08', '2015-07-08', '2015-07-08'),
(3253, 63, 909, '2015-07-08', '2015-07-08', '2015-07-08'),
(3254, 63, 910, '2015-07-08', '2015-07-08', '2015-07-08'),
(3255, 63, 916, '2015-07-15', '2015-07-15', '2015-07-15'),
(3256, 63, 919, '2015-07-15', '2015-07-15', '2015-07-15'),
(3257, 63, 926, '2015-07-15', '2015-07-15', '2015-07-15'),
(3258, 63, 929, '2015-07-15', '2015-07-15', '2015-07-15'),
(3259, 63, 1006, '2015-07-08', '2015-07-08', '2015-07-08'),
(3260, 63, 1007, '2015-07-08', '2015-07-08', '2015-07-08'),
(3261, 63, 1009, '2015-07-08', '2015-07-08', '2015-07-08'),
(3262, 63, 1010, '2015-07-08', '2015-07-08', '2015-07-08'),
(3263, 63, 1011, '2015-07-08', '2015-07-08', '2015-07-08'),
(3264, 63, 1012, '2015-07-08', '2015-07-08', '2015-07-08'),
(3265, 63, 1016, '2015-07-15', '2015-07-15', '2015-07-15'),
(3266, 63, 1017, '2015-07-15', '2015-07-15', '2015-07-15'),
(3267, 63, 1019, '2015-07-15', '2015-07-15', '2015-07-15'),
(3268, 63, 1020, '2015-07-15', '2015-07-15', '2015-07-15'),
(3269, 63, 1021, '2015-07-15', '2015-07-15', '2015-07-15'),
(3270, 63, 1026, '2015-07-15', '2015-07-15', '2015-07-15'),
(3271, 63, 1027, '2015-07-15', '2015-07-15', '2015-07-15'),
(3272, 63, 1029, '2015-07-15', '2015-07-15', '2015-07-15'),
(3273, 63, 1030, '2015-07-15', '2015-07-15', '2015-07-15'),
(3274, 63, 1031, '2015-07-15', '2015-07-15', '2015-07-15'),
(3275, 63, 1106, '2015-07-15', '2015-07-15', '2015-07-15'),
(3276, 63, 1108, '2015-07-15', '0000-00-00', '0000-00-00'),
(3277, 63, 1115, '2015-07-15', '0000-00-00', '0000-00-00'),
(3278, 63, 1306, '2015-07-15', '2015-07-15', '2015-07-15'),
(3279, 63, 1307, '2015-07-15', '2015-07-15', '2015-07-15'),
(3280, 63, 1309, '2015-07-15', '2015-07-15', '2015-07-15'),
(3281, 63, 1311, '2015-07-15', '2015-07-15', '0000-00-00'),
(3282, 63, 1406, '2015-07-15', '0000-00-00', '0000-00-00'),
(3283, 63, 1407, '2015-07-15', '0000-00-00', '0000-00-00'),
(3284, 63, 1409, '2015-07-15', '2015-07-15', '2015-07-15'),
(3285, 63, 1506, '2015-07-15', '2015-07-15', '2015-07-15'),
(3286, 63, 1606, '2015-07-08', '2015-07-08', '2015-07-08'),
(3287, 63, 1607, '2015-07-08', '0000-00-00', '0000-00-00'),
(3288, 63, 1615, '2015-07-08', '2015-07-08', '2015-07-08'),
(3289, 65, 726, '2015-07-08', '2015-07-08', '0000-00-00'),
(3290, 65, 727, '2015-07-08', '2015-07-08', '0000-00-00'),
(3291, 65, 728, '2015-07-08', '2015-07-08', '2016-02-08'),
(3292, 65, 729, '2015-07-08', '2015-10-19', '0000-00-00'),
(3293, 65, 730, '2015-07-08', '2015-07-08', '0000-00-00'),
(3294, 65, 731, '2015-07-08', '2015-07-08', '2015-07-08'),
(3295, 65, 732, '2015-07-08', '2015-07-08', '0000-00-00'),
(3296, 65, 733, '2015-07-08', '2015-07-08', '0000-00-00'),
(3297, 65, 734, '2015-07-08', '2015-07-08', '0000-00-00'),
(3298, 65, 735, '2015-07-08', '2015-07-08', '2016-02-08'),
(3299, 65, 826, '2015-07-14', '2015-07-14', '2015-07-14'),
(3300, 65, 827, '2015-07-14', '2015-07-14', '2015-10-19'),
(3301, 65, 828, '2015-07-14', '2015-07-14', '0000-00-00'),
(3302, 65, 829, '2015-07-14', '2015-07-14', '2016-02-08'),
(3303, 65, 830, '2015-07-14', '2015-07-14', '0000-00-00'),
(3304, 65, 831, '2015-07-14', '2015-07-14', '0000-00-00'),
(3305, 65, 832, '2015-07-14', '2015-07-14', '2015-07-14'),
(3306, 65, 833, '2015-07-14', '2015-07-14', '0000-00-00'),
(3307, 65, 834, '2015-07-14', '2015-07-14', '0000-00-00'),
(3308, 65, 835, '2015-07-14', '2015-07-14', '2016-02-08'),
(3309, 65, 926, '2015-07-14', '2015-07-14', '2015-07-14'),
(3310, 65, 927, '2015-07-14', '2015-07-14', '2015-07-14'),
(3311, 65, 928, '2015-07-14', '2015-07-14', '2015-07-14'),
(3312, 65, 929, '2015-07-14', '2015-07-14', '2015-07-14'),
(3313, 65, 930, '2015-07-14', '2015-07-14', '2015-07-14'),
(3314, 65, 931, '2015-07-14', '2015-07-14', '2015-07-14'),
(3315, 65, 932, '2015-07-14', '2015-07-14', '2015-07-14'),
(3316, 65, 933, '2015-07-14', '2015-07-14', '2015-07-14'),
(3317, 65, 934, '2015-07-14', '2015-07-14', '2015-07-14'),
(3318, 65, 935, '2015-07-14', '2015-07-14', '2015-07-14'),
(3319, 65, 1026, '2015-07-08', '2015-07-08', '2015-10-19'),
(3320, 65, 1027, '2015-07-08', '2015-07-08', '2016-02-09'),
(3321, 65, 1028, '2015-07-08', '2015-07-08', '2015-07-08'),
(3322, 65, 1029, '2015-07-08', '2015-07-08', '2016-02-09'),
(3323, 65, 1030, '2015-07-08', '2015-07-08', '0000-00-00'),
(3324, 65, 1031, '2015-07-08', '2015-07-08', '0000-00-00'),
(3325, 65, 1032, '2015-07-08', '2016-02-09', '2016-02-09'),
(3326, 65, 1033, '2015-07-08', '0000-00-00', '0000-00-00'),
(3327, 65, 1034, '2015-07-08', '2015-07-08', '2016-02-09'),
(3328, 65, 1035, '2016-02-09', '0000-00-00', '0000-00-00'),
(3329, 65, 1106, '2016-02-09', '2016-02-09', '2016-02-09'),
(3330, 65, 1107, '2016-02-09', '2016-02-09', '2016-02-09'),
(3331, 65, 1108, '2016-02-09', '2016-02-09', '2016-02-09'),
(3332, 65, 1109, '2016-02-09', '2016-02-09', '2016-02-09'),
(3333, 65, 1110, '2016-02-09', '2016-02-09', '2016-02-09'),
(3334, 65, 1111, '2016-02-09', '2016-02-09', '2016-02-09'),
(3335, 65, 1112, '2016-02-09', '2016-02-09', '2016-02-09'),
(3336, 65, 1113, '2016-02-09', '2016-02-09', '2016-02-09'),
(3337, 65, 1114, '2016-02-09', '2016-02-09', '2016-02-09'),
(3338, 65, 1115, '2016-02-09', '2016-02-09', '2016-02-09'),
(3339, 65, 1116, '2015-07-08', '0000-00-00', '0000-00-00'),
(3340, 65, 1117, '2015-07-14', '2015-07-14', '0000-00-00'),
(3341, 65, 1118, '2015-07-14', '2015-07-14', '0000-00-00'),
(3342, 65, 1119, '2015-07-14', '0000-00-00', '0000-00-00'),
(3343, 65, 1120, '2015-07-14', '0000-00-00', '0000-00-00'),
(3344, 65, 1121, '2015-07-14', '2015-07-14', '0000-00-00'),
(3345, 65, 1122, '2015-07-14', '2015-07-14', '0000-00-00'),
(3346, 65, 1123, '2015-07-14', '2015-07-14', '0000-00-00'),
(3347, 65, 1124, '2015-07-14', '2015-07-14', '2015-07-14'),
(3348, 65, 1125, '2015-07-14', '2015-07-14', '2015-07-14'),
(3349, 65, 1135, '2015-10-19', '0000-00-00', '0000-00-00'),
(3350, 65, 1206, '2016-02-09', '2016-02-09', '2016-02-09'),
(3351, 65, 1207, '2016-02-09', '2016-02-09', '2016-02-09'),
(3352, 65, 1208, '2016-02-09', '2016-02-09', '2016-02-09'),
(3353, 65, 1209, '2016-02-09', '2016-02-09', '2016-02-09'),
(3354, 65, 1210, '2016-02-09', '2016-02-09', '2016-02-09'),
(3355, 65, 1211, '2016-02-09', '2016-02-09', '2016-02-09'),
(3356, 65, 1212, '2016-02-09', '2016-02-09', '2016-02-09'),
(3357, 65, 1213, '2016-02-09', '2016-02-09', '2016-02-09'),
(3358, 65, 1214, '2016-02-09', '2016-02-09', '2016-02-09'),
(3359, 65, 1215, '2016-02-09', '2016-02-09', '2016-02-09'),
(3360, 65, 1216, '2015-07-14', '2015-07-14', '0000-00-00'),
(3361, 65, 1217, '2015-07-14', '2015-07-14', '0000-00-00'),
(3362, 65, 1218, '2015-07-14', '2015-07-14', '0000-00-00'),
(3363, 65, 1219, '2015-07-14', '2015-07-14', '0000-00-00'),
(3364, 65, 1220, '2015-07-14', '2015-07-14', '0000-00-00'),
(3365, 65, 1221, '2015-07-14', '2015-07-14', '0000-00-00'),
(3366, 65, 1222, '2015-07-14', '0000-00-00', '0000-00-00'),
(3367, 65, 1223, '2015-07-14', '2015-07-14', '2015-07-14'),
(3368, 65, 1224, '2015-07-14', '2015-07-14', '2015-07-14'),
(3369, 65, 1225, '2015-07-14', '2015-07-14', '0000-00-00'),
(3370, 65, 1316, '2015-07-14', '2015-07-14', '2015-07-14'),
(3371, 65, 1317, '2015-07-14', '2015-07-14', '2015-07-14'),
(3372, 65, 1318, '2015-07-14', '2015-07-14', '2015-07-14'),
(3373, 65, 1319, '2015-07-14', '2015-07-14', '2015-07-14'),
(3374, 65, 1320, '2015-07-14', '2015-07-14', '0000-00-00'),
(3375, 65, 1321, '2015-07-14', '2015-07-14', '0000-00-00'),
(3376, 65, 1322, '2015-07-14', '2015-07-14', '0000-00-00'),
(3377, 65, 1323, '2015-07-14', '2015-07-14', '2015-07-14'),
(3378, 65, 1324, '2015-07-14', '2015-07-14', '0000-00-00'),
(3379, 65, 1325, '2015-07-14', '2015-07-14', '0000-00-00'),
(3380, 65, 1416, '2015-07-14', '2015-07-14', '2015-07-14'),
(3381, 65, 1417, '2015-07-14', '2015-07-14', '2015-07-14'),
(3382, 65, 1418, '2015-07-14', '2015-07-14', '2015-07-14'),
(3383, 65, 1419, '2015-07-14', '2015-07-14', '2015-07-14'),
(3384, 65, 1420, '2015-07-14', '2015-07-14', '0000-00-00'),
(3385, 65, 1421, '2015-07-14', '2015-07-14', '0000-00-00'),
(3386, 65, 1422, '2015-07-14', '0000-00-00', '0000-00-00'),
(3387, 65, 1423, '2015-07-14', '2015-07-14', '0000-00-00'),
(3388, 65, 1424, '2015-07-14', '2015-07-14', '0000-00-00'),
(3389, 65, 1425, '2015-07-14', '0000-00-00', '0000-00-00'),
(3390, 65, 1516, '2015-07-14', '2015-07-14', '2015-07-14'),
(3391, 65, 1517, '2015-07-14', '2015-07-14', '2015-07-14'),
(3392, 65, 1518, '2015-07-14', '2015-07-14', '0000-00-00'),
(3393, 65, 1519, '2015-07-14', '2015-07-14', '0000-00-00'),
(3394, 65, 1520, '2015-07-14', '0000-00-00', '0000-00-00'),
(3395, 65, 1521, '2015-07-14', '2015-07-14', '0000-00-00'),
(3396, 65, 1522, '2015-07-14', '2015-07-14', '0000-00-00'),
(3397, 65, 1523, '2015-07-14', '2015-07-14', '0000-00-00'),
(3398, 65, 1524, '2015-07-14', '2015-07-14', '0000-00-00'),
(3399, 65, 1525, '2015-07-14', '2015-07-14', '0000-00-00'),
(3400, 65, 1606, '2016-02-09', '2016-02-09', '2016-02-09'),
(3401, 65, 1607, '2016-02-09', '2016-02-09', '2016-02-09'),
(3402, 65, 1608, '2016-02-09', '2016-02-09', '2016-02-09'),
(3403, 65, 1609, '2016-02-09', '2016-02-09', '2016-02-09'),
(3404, 65, 1610, '2016-02-09', '2016-02-09', '2016-02-09'),
(3405, 65, 1611, '2016-02-09', '2016-02-09', '2016-02-09'),
(3406, 65, 1612, '2016-02-09', '2016-02-09', '2016-02-09'),
(3407, 65, 1613, '2016-02-09', '2016-02-09', '2016-02-09'),
(3408, 65, 1614, '2016-02-09', '2016-02-09', '2016-02-09'),
(3409, 65, 1615, '2016-02-09', '2016-02-09', '2016-02-09'),
(3410, 65, 1616, '2015-07-14', '2015-07-14', '2015-07-14'),
(3411, 65, 1617, '2015-07-14', '2015-07-14', '2015-07-14'),
(3412, 65, 1618, '2015-07-14', '2015-07-14', '2015-07-14'),
(3413, 65, 1619, '2015-07-14', '2015-07-14', '2015-07-14'),
(3414, 65, 1620, '2015-07-14', '2015-07-14', '2015-07-14'),
(3415, 65, 1621, '2015-07-14', '2015-07-14', '2015-07-14'),
(3416, 65, 1622, '2015-07-14', '2015-07-14', '2015-07-14'),
(3417, 65, 1623, '2015-07-14', '2015-07-14', '2015-07-14'),
(3418, 65, 1624, '2015-07-14', '2015-07-14', '2015-07-14'),
(3419, 65, 1625, '2015-07-14', '2015-07-14', '2015-07-14'),
(3420, 65, 1635, '2015-10-19', '0000-00-00', '0000-00-00'),
(3421, 66, 726, '2015-07-07', '2015-07-07', '2015-12-08'),
(3422, 66, 727, '2015-07-07', '2015-07-07', '2015-12-08'),
(3423, 66, 728, '2015-07-07', '2015-07-07', '2015-12-08'),
(3424, 66, 729, '2015-07-07', '2015-07-07', '2015-10-19'),
(3425, 66, 730, '2015-07-07', '2015-07-07', '2015-12-08'),
(3426, 66, 731, '2015-07-07', '2015-07-07', '2015-07-07'),
(3427, 66, 732, '2015-07-07', '2015-07-07', '2015-07-07'),
(3428, 66, 733, '2015-07-07', '2015-07-07', '2015-07-07'),
(3429, 66, 734, '2015-07-07', '2015-07-07', '2015-07-07'),
(3430, 66, 735, '2015-07-07', '2015-07-07', '2015-07-07'),
(3431, 66, 826, '2015-07-07', '2015-07-07', '2015-12-08'),
(3432, 66, 827, '2015-07-07', '2015-07-07', '2015-10-19'),
(3433, 66, 828, '2015-07-07', '2015-07-07', '2015-12-08'),
(3434, 66, 829, '2015-07-07', '2015-07-07', '0000-00-00'),
(3435, 66, 830, '2015-07-07', '2015-07-07', '2015-12-08'),
(3436, 66, 831, '2015-07-07', '2015-07-07', '0000-00-00'),
(3437, 66, 832, '2015-07-07', '2015-07-07', '2015-12-08'),
(3438, 66, 833, '2015-07-07', '2015-07-07', '0000-00-00'),
(3439, 66, 834, '2015-07-08', '0000-00-00', '0000-00-00'),
(3440, 66, 835, '2015-07-08', '2015-07-08', '2015-12-15'),
(3441, 66, 926, '2015-07-07', '2015-07-07', '2015-12-08'),
(3442, 66, 927, '2015-07-07', '2015-07-07', '2015-10-19'),
(3443, 66, 928, '2015-07-07', '2015-07-07', '2015-12-08'),
(3444, 66, 929, '2015-07-08', '2015-07-08', '2015-12-08'),
(3445, 66, 930, '2015-07-08', '2015-07-08', '2015-12-08'),
(3446, 66, 931, '2015-07-08', '2015-07-08', '2015-12-08'),
(3447, 66, 932, '2015-12-15', '2015-12-15', '2015-12-15'),
(3448, 66, 933, '2015-07-08', '2015-07-08', '0000-00-00'),
(3449, 66, 934, '2015-07-08', '2015-07-08', '2015-12-15'),
(3450, 66, 935, '2016-02-08', '0000-00-00', '0000-00-00'),
(3451, 66, 1026, '2015-07-07', '2015-07-07', '2015-10-19'),
(3452, 66, 1027, '2015-07-07', '2015-07-07', '2015-12-08'),
(3453, 66, 1028, '2015-07-07', '2015-07-07', '2015-12-08'),
(3454, 66, 1029, '2015-07-07', '2015-07-07', '2015-12-08'),
(3455, 66, 1030, '2015-07-07', '2015-07-07', '2015-12-08'),
(3456, 66, 1031, '2015-07-07', '2015-07-07', '2016-02-09'),
(3457, 66, 1032, '2015-07-07', '2015-07-07', '2015-12-08'),
(3458, 66, 1033, '2015-07-07', '2015-07-07', '0000-00-00'),
(3459, 66, 1034, '2015-07-07', '2015-07-07', '2016-02-09'),
(3460, 66, 1106, '2016-02-09', '2016-02-09', '2016-02-09'),
(3461, 66, 1107, '2016-02-09', '2016-02-09', '2016-02-09'),
(3462, 66, 1108, '2016-02-09', '2016-02-09', '2016-02-09'),
(3463, 66, 1109, '2016-02-09', '2016-02-09', '2016-02-09'),
(3464, 66, 1110, '2016-02-09', '2016-02-09', '2016-02-09'),
(3465, 66, 1111, '2016-02-09', '2016-02-09', '2016-02-09'),
(3466, 66, 1112, '2016-02-09', '2016-02-09', '2016-02-09'),
(3467, 66, 1113, '2016-02-09', '2016-02-09', '2016-02-09'),
(3468, 66, 1114, '2016-02-09', '2016-02-09', '2016-02-09'),
(3469, 66, 1115, '2016-02-09', '2016-02-09', '2016-02-09'),
(3470, 66, 1116, '2016-02-09', '2016-02-09', '2016-02-09'),
(3471, 66, 1117, '2016-02-09', '2016-02-09', '2016-02-09'),
(3472, 66, 1118, '2016-02-09', '2016-02-09', '2016-02-09'),
(3473, 66, 1119, '2016-02-09', '2016-02-09', '2016-02-09'),
(3474, 66, 1120, '2016-02-09', '2016-02-09', '2016-02-09'),
(3475, 66, 1121, '2016-02-09', '2016-02-09', '2016-02-09'),
(3476, 66, 1122, '2016-02-09', '2016-02-09', '2016-02-09'),
(3477, 66, 1123, '2016-02-09', '2016-02-09', '2016-02-09'),
(3478, 66, 1124, '2016-02-09', '2016-02-09', '2016-02-09'),
(3479, 66, 1125, '2016-02-09', '2016-02-09', '2016-02-09'),
(3480, 66, 1126, '2015-07-07', '2015-07-07', '2015-12-08'),
(3481, 66, 1127, '2015-07-07', '2015-07-07', '0000-00-00'),
(3482, 66, 1128, '2015-07-07', '2015-07-07', '0000-00-00'),
(3483, 66, 1129, '2015-07-07', '2015-07-07', '0000-00-00'),
(3484, 66, 1130, '2015-07-07', '0000-00-00', '0000-00-00'),
(3485, 66, 1131, '2015-07-07', '2015-07-07', '0000-00-00'),
(3486, 66, 1132, '2015-07-07', '2015-07-07', '0000-00-00'),
(3487, 66, 1133, '2015-07-07', '0000-00-00', '0000-00-00'),
(3488, 66, 1134, '2015-07-07', '2015-07-07', '0000-00-00'),
(3489, 66, 1135, '2015-07-07', '2015-07-07', '2015-10-19'),
(3490, 66, 1206, '2016-02-09', '2016-02-09', '2016-02-09'),
(3491, 66, 1207, '2016-02-09', '2016-02-09', '2016-02-09'),
(3492, 66, 1208, '2016-02-09', '2016-02-09', '2016-02-09'),
(3493, 66, 1209, '2016-02-09', '2016-02-09', '2016-02-09'),
(3494, 66, 1210, '2016-02-09', '2016-02-09', '2016-02-09'),
(3495, 66, 1211, '2016-02-09', '2016-02-09', '2016-02-09'),
(3496, 66, 1212, '2016-02-09', '2016-02-09', '2016-02-09'),
(3497, 66, 1213, '2016-02-09', '2016-02-09', '2016-02-09'),
(3498, 66, 1214, '2016-02-09', '2016-02-09', '2016-02-09'),
(3499, 66, 1215, '2016-02-09', '2016-02-09', '2016-02-09'),
(3500, 66, 1216, '2015-07-08', '2015-07-08', '0000-00-00'),
(3501, 66, 1217, '2015-07-08', '2015-07-08', '0000-00-00'),
(3502, 66, 1218, '2015-07-08', '2015-07-08', '0000-00-00'),
(3503, 66, 1219, '2015-07-08', '2015-07-08', '0000-00-00'),
(3504, 66, 1220, '2015-07-08', '2015-07-08', '0000-00-00'),
(3505, 66, 1221, '2015-07-08', '2015-07-08', '0000-00-00'),
(3506, 66, 1222, '2015-07-08', '0000-00-00', '0000-00-00'),
(3507, 66, 1223, '2015-07-08', '2015-07-08', '2015-12-15'),
(3508, 66, 1224, '2015-07-08', '2015-07-08', '0000-00-00'),
(3509, 66, 1225, '2015-07-08', '0000-00-00', '0000-00-00'),
(3510, 66, 1316, '2015-07-08', '2015-07-08', '0000-00-00'),
(3511, 66, 1317, '2015-07-08', '2015-07-08', '0000-00-00'),
(3512, 66, 1318, '2015-07-08', '2015-07-08', '0000-00-00'),
(3513, 66, 1319, '2015-07-08', '2015-07-08', '0000-00-00'),
(3514, 66, 1320, '2015-07-08', '2015-07-08', '0000-00-00'),
(3515, 66, 1321, '2015-07-08', '2015-07-08', '0000-00-00'),
(3516, 66, 1322, '2015-07-08', '2015-07-08', '0000-00-00'),
(3517, 66, 1323, '2015-07-08', '2015-07-08', '0000-00-00');
INSERT INTO `PupilStatements` (`ID`, `PupilID`, `StatementID`, `PartiallyDate`, `AchievedDate`, `ConsolidatedDate`) VALUES
(3518, 66, 1324, '2015-07-08', '2015-07-08', '0000-00-00'),
(3519, 66, 1325, '2015-07-08', '2015-07-08', '0000-00-00'),
(3520, 66, 1416, '2015-07-08', '2015-07-08', '0000-00-00'),
(3521, 66, 1417, '2015-07-08', '2015-07-08', '0000-00-00'),
(3522, 66, 1418, '2015-07-08', '2015-07-08', '0000-00-00'),
(3523, 66, 1419, '2015-07-08', '2015-07-08', '0000-00-00'),
(3524, 66, 1420, '2015-07-08', '2015-07-08', '0000-00-00'),
(3525, 66, 1421, '2015-07-08', '2015-07-08', '0000-00-00'),
(3526, 66, 1422, '2015-07-08', '2015-07-08', '0000-00-00'),
(3527, 66, 1423, '2015-07-08', '2015-07-08', '0000-00-00'),
(3528, 66, 1424, '2015-07-08', '2015-07-08', '0000-00-00'),
(3529, 66, 1425, '2015-07-08', '2015-07-08', '0000-00-00'),
(3530, 66, 1516, '2015-07-08', '2015-07-08', '0000-00-00'),
(3531, 66, 1517, '2015-07-08', '2015-07-08', '0000-00-00'),
(3532, 66, 1518, '2015-07-08', '2015-07-08', '0000-00-00'),
(3533, 66, 1519, '2015-07-08', '2015-07-08', '0000-00-00'),
(3534, 66, 1520, '2015-07-08', '0000-00-00', '0000-00-00'),
(3535, 66, 1521, '2015-07-08', '2015-07-08', '0000-00-00'),
(3536, 66, 1522, '2015-07-08', '2015-07-08', '0000-00-00'),
(3537, 66, 1523, '2015-07-08', '2015-07-08', '0000-00-00'),
(3538, 66, 1524, '2015-07-08', '2015-07-08', '0000-00-00'),
(3539, 66, 1525, '2015-07-08', '2015-07-08', '0000-00-00'),
(3540, 66, 1616, '2015-07-08', '2015-07-08', '2015-07-08'),
(3541, 66, 1617, '2015-07-08', '2015-07-08', '2015-07-08'),
(3542, 66, 1618, '2015-07-08', '2015-07-08', '2015-07-08'),
(3543, 66, 1619, '2015-07-08', '2015-07-08', '2015-07-08'),
(3544, 66, 1620, '2015-07-08', '2015-07-08', '2015-07-08'),
(3545, 66, 1621, '2015-07-08', '2015-07-08', '2015-07-08'),
(3546, 66, 1622, '2015-07-08', '2015-07-08', '2015-07-08'),
(3547, 66, 1623, '2015-07-08', '2015-07-08', '2015-07-08'),
(3548, 66, 1624, '2015-07-08', '2015-07-08', '2015-07-08'),
(3549, 66, 1625, '2015-07-08', '2015-07-08', '2015-07-08'),
(3550, 66, 1635, '2015-10-19', '0000-00-00', '0000-00-00'),
(3551, 67, 726, '2015-07-01', '2015-07-01', '2015-07-01'),
(3552, 67, 727, '2015-07-01', '2015-07-01', '2015-07-01'),
(3553, 67, 728, '2015-07-01', '2015-07-01', '2015-07-01'),
(3554, 67, 729, '2015-07-01', '2015-07-01', '2015-07-01'),
(3555, 67, 730, '2015-07-01', '2015-07-01', '2015-07-01'),
(3556, 67, 731, '2015-07-01', '2015-07-01', '2015-07-01'),
(3557, 67, 732, '2015-07-01', '2015-07-01', '2015-07-01'),
(3558, 67, 733, '2015-07-01', '2015-07-01', '2015-07-01'),
(3559, 67, 734, '2015-07-01', '2015-07-01', '2015-07-01'),
(3560, 67, 735, '2015-07-01', '2015-07-01', '2015-07-01'),
(3561, 67, 826, '2015-07-01', '2015-07-01', '2015-07-01'),
(3562, 67, 827, '2015-07-01', '2015-07-01', '2015-07-01'),
(3563, 67, 828, '2015-07-01', '2015-07-01', '2015-07-01'),
(3564, 67, 829, '2015-07-01', '2015-07-01', '2015-07-01'),
(3565, 67, 830, '2015-07-01', '2015-07-01', '2015-07-01'),
(3566, 67, 831, '2015-07-01', '2015-07-01', '2015-07-01'),
(3567, 67, 832, '2015-07-01', '2015-07-01', '2015-07-01'),
(3568, 67, 833, '2015-07-01', '2015-07-01', '2015-07-01'),
(3569, 67, 834, '2015-12-08', '2015-12-08', '2015-12-08'),
(3570, 67, 835, '2015-12-08', '2015-12-08', '2015-12-08'),
(3571, 67, 926, '2015-07-01', '2015-07-01', '2015-07-01'),
(3572, 67, 927, '2015-07-01', '2015-07-01', '2015-07-01'),
(3573, 67, 928, '2015-07-01', '2015-07-01', '2015-07-01'),
(3574, 67, 929, '2015-07-01', '2015-07-01', '2015-07-01'),
(3575, 67, 930, '2015-07-01', '2015-07-01', '2015-07-01'),
(3576, 67, 931, '2015-07-01', '2015-07-01', '2015-07-01'),
(3577, 67, 932, '2015-07-01', '2015-07-01', '2015-07-01'),
(3578, 67, 933, '2015-07-01', '2015-07-01', '2015-07-01'),
(3579, 67, 934, '2015-12-08', '2015-12-08', '2015-12-08'),
(3580, 67, 935, '2015-12-08', '2015-12-08', '2015-12-08'),
(3581, 67, 1016, '2015-07-01', '2015-07-01', '2015-07-01'),
(3582, 67, 1017, '2015-07-01', '2015-07-01', '2015-07-01'),
(3583, 67, 1018, '2015-07-01', '2016-02-09', '2016-02-09'),
(3584, 67, 1019, '2015-07-01', '2015-07-01', '2015-07-01'),
(3585, 67, 1020, '2015-07-01', '2015-07-01', '2015-07-01'),
(3586, 67, 1021, '2015-07-01', '2015-07-01', '2015-07-01'),
(3587, 67, 1022, '2015-07-01', '2015-12-08', '2016-02-09'),
(3588, 67, 1024, '2015-12-08', '2015-12-08', '2016-02-09'),
(3589, 67, 1025, '2016-02-09', '0000-00-00', '0000-00-00'),
(3590, 67, 1116, '2015-07-01', '2015-07-01', '2015-07-01'),
(3591, 67, 1117, '2015-07-01', '2015-07-01', '2015-07-01'),
(3592, 67, 1118, '2015-07-01', '2015-07-01', '2015-07-01'),
(3593, 67, 1119, '2015-07-01', '2015-07-01', '2015-07-01'),
(3594, 67, 1120, '2015-07-01', '0000-00-00', '0000-00-00'),
(3595, 67, 1121, '2015-07-01', '2015-07-01', '2015-07-01'),
(3596, 67, 1122, '2015-07-01', '2015-07-01', '2015-07-01'),
(3597, 67, 1123, '2015-07-01', '2015-07-01', '2015-07-01'),
(3598, 67, 1124, '2015-07-01', '2015-07-01', '2015-07-01'),
(3599, 67, 1125, '2015-07-01', '2015-07-01', '2015-07-01'),
(3600, 67, 1127, '2015-12-08', '2015-12-08', '0000-00-00'),
(3601, 67, 1134, '2015-12-08', '0000-00-00', '0000-00-00'),
(3602, 67, 1135, '2015-10-19', '2015-12-08', '2015-12-08'),
(3603, 67, 1216, '2015-07-01', '2015-07-01', '2015-07-01'),
(3604, 67, 1217, '2015-07-01', '2015-07-01', '2015-07-01'),
(3605, 67, 1218, '2015-07-01', '2015-07-01', '2015-07-01'),
(3606, 67, 1219, '2015-07-01', '2015-07-01', '2015-07-01'),
(3607, 67, 1220, '2015-07-01', '2015-07-01', '2015-07-01'),
(3608, 67, 1221, '2015-07-01', '2015-07-01', '2015-07-01'),
(3609, 67, 1222, '2015-07-01', '2015-07-01', '2015-07-01'),
(3610, 67, 1223, '2015-07-01', '2015-07-01', '2015-07-01'),
(3611, 67, 1316, '2015-07-02', '2015-07-02', '2015-07-02'),
(3612, 67, 1317, '2015-07-02', '2015-07-02', '2015-07-02'),
(3613, 67, 1318, '2015-07-02', '2015-07-02', '2015-07-02'),
(3614, 67, 1319, '2015-07-02', '2015-07-02', '2015-07-02'),
(3615, 67, 1320, '2015-07-02', '2015-07-02', '2015-07-02'),
(3616, 67, 1321, '2015-07-02', '2015-07-02', '2015-07-02'),
(3617, 67, 1322, '2015-07-02', '2015-07-02', '2015-07-02'),
(3618, 67, 1323, '2015-07-02', '2015-07-02', '2015-07-02'),
(3619, 67, 1324, '2015-07-02', '2015-07-02', '2015-07-02'),
(3620, 67, 1416, '2015-07-02', '2015-07-02', '2015-07-02'),
(3621, 67, 1417, '2015-07-02', '2015-07-02', '2015-07-02'),
(3622, 67, 1418, '2015-07-02', '2015-07-02', '2015-07-02'),
(3623, 67, 1419, '2015-07-02', '2015-07-02', '2015-07-02'),
(3624, 67, 1420, '2015-07-02', '2015-07-02', '2015-07-02'),
(3625, 67, 1421, '2015-07-02', '2015-07-02', '2015-07-02'),
(3626, 67, 1422, '2015-07-02', '2015-07-02', '2015-07-02'),
(3627, 67, 1423, '2015-07-02', '2015-07-02', '2015-07-02'),
(3628, 67, 1424, '2015-07-02', '2015-07-02', '2015-07-02'),
(3629, 67, 1516, '2015-07-02', '2015-07-02', '2015-07-02'),
(3630, 67, 1517, '2015-07-02', '2015-07-02', '2015-07-02'),
(3631, 67, 1518, '2015-07-02', '2015-07-02', '2015-07-02'),
(3632, 67, 1519, '2015-07-02', '2015-07-02', '2015-07-02'),
(3633, 67, 1520, '2015-07-02', '2015-07-02', '0000-00-00'),
(3634, 67, 1521, '2015-07-02', '2015-07-02', '2015-07-02'),
(3635, 67, 1522, '2015-07-02', '2015-07-02', '2015-07-02'),
(3636, 67, 1523, '2015-07-02', '2015-07-02', '2015-07-02'),
(3637, 67, 1524, '2015-07-02', '2015-07-02', '2015-07-02'),
(3638, 67, 1606, '2016-02-09', '2016-02-09', '2016-02-09'),
(3639, 67, 1607, '2016-02-09', '2016-02-09', '2016-02-09'),
(3640, 67, 1608, '2016-02-09', '2016-02-09', '2016-02-09'),
(3641, 67, 1609, '2016-02-09', '2016-02-09', '2016-02-09'),
(3642, 67, 1610, '2016-02-09', '2016-02-09', '2016-02-09'),
(3643, 67, 1611, '2016-02-09', '2016-02-09', '2016-02-09'),
(3644, 67, 1612, '2016-02-09', '2016-02-09', '2016-02-09'),
(3645, 67, 1613, '2016-02-09', '2016-02-09', '2016-02-09'),
(3646, 67, 1614, '2016-02-09', '2016-02-09', '2016-02-09'),
(3647, 67, 1615, '2016-02-09', '2016-02-09', '2016-02-09'),
(3648, 67, 1616, '2015-07-02', '2015-07-02', '2015-07-02'),
(3649, 67, 1617, '2015-07-02', '2015-07-02', '2015-07-02'),
(3650, 67, 1618, '2015-07-02', '2015-07-02', '2015-07-02'),
(3651, 67, 1619, '2015-07-02', '2015-07-02', '2015-07-02'),
(3652, 67, 1620, '2015-07-02', '2015-07-02', '2015-07-02'),
(3653, 67, 1621, '2015-07-02', '2015-07-02', '2015-07-02'),
(3654, 67, 1622, '2015-07-02', '2015-07-02', '2015-07-02'),
(3655, 67, 1623, '2015-07-02', '2015-07-02', '2015-07-02'),
(3656, 67, 1626, '2015-12-08', '2015-12-08', '2015-12-08'),
(3657, 67, 1630, '2015-12-08', '2015-12-08', '0000-00-00'),
(3658, 67, 1631, '2015-12-08', '2015-12-08', '0000-00-00'),
(3659, 67, 1633, '2015-10-19', '0000-00-00', '0000-00-00'),
(3660, 67, 1634, '2015-12-08', '2015-12-08', '2015-12-08'),
(3661, 67, 1635, '2015-10-19', '2015-12-08', '2015-12-08'),
(3662, 68, 596, '2015-06-30', '0000-00-00', '0000-00-00'),
(3663, 68, 602, '2015-06-30', '0000-00-00', '0000-00-00'),
(3664, 68, 603, '2015-06-30', '0000-00-00', '0000-00-00'),
(3665, 68, 604, '2015-06-30', '0000-00-00', '0000-00-00'),
(3666, 68, 706, '2015-06-30', '0000-00-00', '0000-00-00'),
(3667, 68, 707, '2015-06-30', '0000-00-00', '0000-00-00'),
(3668, 68, 708, '2015-06-30', '0000-00-00', '0000-00-00'),
(3669, 68, 709, '2015-06-30', '0000-00-00', '0000-00-00'),
(3670, 68, 710, '2015-06-30', '0000-00-00', '0000-00-00'),
(3671, 68, 711, '2015-06-30', '0000-00-00', '0000-00-00'),
(3672, 68, 712, '2015-06-30', '0000-00-00', '0000-00-00'),
(3673, 68, 713, '2015-06-30', '0000-00-00', '0000-00-00'),
(3674, 68, 806, '2015-06-30', '2015-06-30', '2015-06-30'),
(3675, 68, 807, '2015-06-30', '2015-06-30', '2015-06-30'),
(3676, 68, 808, '2015-06-30', '2015-06-30', '2015-06-30'),
(3677, 68, 809, '2015-06-30', '2015-06-30', '2015-06-30'),
(3678, 68, 810, '2015-06-30', '2015-06-30', '2015-06-30'),
(3679, 68, 811, '2015-06-30', '2015-06-30', '2015-06-30'),
(3680, 68, 812, '2015-06-30', '2015-06-30', '2015-06-30'),
(3681, 68, 813, '2015-06-30', '2015-06-30', '2015-06-30'),
(3682, 68, 814, '2015-06-30', '2015-06-30', '2015-06-30'),
(3683, 68, 815, '2015-06-30', '2015-06-30', '2015-06-30'),
(3684, 68, 906, '2015-06-30', '2015-06-30', '2015-06-30'),
(3685, 68, 907, '2015-06-30', '2015-06-30', '2015-06-30'),
(3686, 68, 908, '2015-06-30', '2015-06-30', '2015-06-30'),
(3687, 68, 909, '2015-06-30', '2015-06-30', '2015-06-30'),
(3688, 68, 910, '2015-06-30', '2015-06-30', '2015-06-30'),
(3689, 68, 911, '2015-06-30', '2015-06-30', '2015-06-30'),
(3690, 68, 912, '2015-06-30', '2015-06-30', '2015-06-30'),
(3691, 68, 913, '2015-06-30', '2015-06-30', '2015-06-30'),
(3692, 68, 914, '2015-06-30', '2015-06-30', '2015-06-30'),
(3693, 68, 915, '2015-06-30', '2015-06-30', '2015-06-30'),
(3694, 68, 996, '2015-06-30', '0000-00-00', '0000-00-00'),
(3695, 68, 997, '2015-06-30', '0000-00-00', '0000-00-00'),
(3696, 68, 998, '2015-06-30', '0000-00-00', '0000-00-00'),
(3697, 68, 999, '2015-06-30', '0000-00-00', '0000-00-00'),
(3698, 68, 1000, '2015-06-30', '0000-00-00', '0000-00-00'),
(3699, 68, 1001, '2015-06-30', '0000-00-00', '0000-00-00'),
(3700, 68, 1106, '2015-06-30', '0000-00-00', '0000-00-00'),
(3701, 68, 1107, '2015-06-30', '0000-00-00', '0000-00-00'),
(3702, 68, 1108, '2015-06-30', '0000-00-00', '0000-00-00'),
(3703, 68, 1111, '2015-06-30', '0000-00-00', '0000-00-00'),
(3704, 68, 1112, '2015-06-30', '0000-00-00', '0000-00-00'),
(3705, 68, 1114, '2015-06-30', '0000-00-00', '0000-00-00'),
(3706, 68, 1115, '2015-06-30', '0000-00-00', '0000-00-00'),
(3707, 68, 1206, '2015-07-01', '0000-00-00', '0000-00-00'),
(3708, 68, 1207, '2015-07-01', '0000-00-00', '0000-00-00'),
(3709, 68, 1208, '2015-07-01', '0000-00-00', '0000-00-00'),
(3710, 68, 1209, '2015-07-01', '0000-00-00', '0000-00-00'),
(3711, 68, 1210, '2015-07-01', '0000-00-00', '0000-00-00'),
(3712, 68, 1211, '2015-07-01', '0000-00-00', '0000-00-00'),
(3713, 68, 1212, '2015-07-01', '0000-00-00', '0000-00-00'),
(3714, 68, 1213, '2015-07-01', '0000-00-00', '0000-00-00'),
(3715, 68, 1214, '2015-07-01', '0000-00-00', '0000-00-00'),
(3716, 68, 1215, '2015-07-01', '0000-00-00', '0000-00-00'),
(3717, 68, 1306, '2015-07-01', '2015-07-01', '2015-07-01'),
(3718, 68, 1307, '2015-07-01', '2015-07-01', '2015-07-01'),
(3719, 68, 1308, '2015-07-01', '2015-07-01', '2015-07-01'),
(3720, 68, 1309, '2015-07-01', '2015-07-01', '2015-07-01'),
(3721, 68, 1310, '2015-07-01', '0000-00-00', '0000-00-00'),
(3722, 68, 1311, '2015-07-01', '2015-07-01', '0000-00-00'),
(3723, 68, 1312, '2015-07-01', '2015-07-01', '0000-00-00'),
(3724, 68, 1313, '2015-07-01', '0000-00-00', '0000-00-00'),
(3725, 68, 1314, '2015-07-01', '0000-00-00', '0000-00-00'),
(3726, 68, 1315, '2015-07-01', '0000-00-00', '0000-00-00'),
(3727, 68, 1406, '2015-07-01', '0000-00-00', '0000-00-00'),
(3728, 68, 1407, '2015-07-01', '2015-07-01', '2015-07-01'),
(3729, 68, 1408, '2015-07-01', '0000-00-00', '0000-00-00'),
(3730, 68, 1409, '2015-07-01', '0000-00-00', '0000-00-00'),
(3731, 68, 1410, '2015-07-01', '2015-07-01', '2015-07-01'),
(3732, 68, 1411, '2015-07-01', '0000-00-00', '0000-00-00'),
(3733, 68, 1412, '2015-07-01', '0000-00-00', '0000-00-00'),
(3734, 68, 1413, '2015-07-01', '0000-00-00', '0000-00-00'),
(3735, 68, 1414, '2015-07-01', '2015-07-01', '2015-07-01'),
(3736, 68, 1415, '2015-07-01', '0000-00-00', '0000-00-00'),
(3737, 68, 1506, '2015-07-01', '2015-07-01', '2015-07-01'),
(3738, 68, 1507, '2015-07-01', '2015-07-01', '2015-07-01'),
(3739, 68, 1508, '2015-07-01', '0000-00-00', '0000-00-00'),
(3740, 68, 1509, '2015-07-01', '0000-00-00', '0000-00-00'),
(3741, 68, 1511, '2015-07-01', '0000-00-00', '0000-00-00'),
(3742, 68, 1512, '2015-07-01', '0000-00-00', '0000-00-00'),
(3743, 68, 1513, '2015-07-01', '0000-00-00', '0000-00-00'),
(3744, 68, 1514, '2015-07-01', '0000-00-00', '0000-00-00'),
(3745, 68, 1515, '2015-07-01', '0000-00-00', '0000-00-00'),
(3746, 68, 1606, '2015-07-01', '2015-07-01', '2015-07-01'),
(3747, 68, 1607, '2015-07-01', '0000-00-00', '0000-00-00'),
(3748, 68, 1608, '2015-07-01', '0000-00-00', '0000-00-00'),
(3749, 68, 1609, '2015-07-01', '0000-00-00', '0000-00-00'),
(3750, 68, 1610, '2015-07-01', '2015-07-01', '2015-07-01'),
(3751, 68, 1611, '2015-07-01', '2015-07-01', '2015-07-01'),
(3752, 68, 1612, '2015-07-01', '2015-07-01', '2015-07-01'),
(3753, 68, 1613, '2015-07-01', '0000-00-00', '0000-00-00'),
(3754, 68, 1614, '2015-07-01', '0000-00-00', '0000-00-00'),
(3755, 68, 1615, '2015-07-01', '0000-00-00', '0000-00-00'),
(3756, 75, 726, '2015-07-08', '2015-10-19', '0000-00-00'),
(3757, 75, 727, '2015-07-08', '2015-07-08', '0000-00-00'),
(3758, 75, 728, '2015-07-08', '2015-07-08', '2015-07-08'),
(3759, 75, 729, '2015-07-08', '2015-07-08', '2015-07-08'),
(3760, 75, 730, '2015-07-08', '2015-07-08', '2015-07-08'),
(3761, 75, 731, '2015-07-08', '2015-07-08', '2015-07-08'),
(3762, 75, 732, '2015-07-08', '2015-07-08', '2015-07-08'),
(3763, 75, 733, '2015-07-08', '2015-07-08', '2015-07-08'),
(3764, 75, 734, '2015-07-08', '2015-07-08', '2015-07-08'),
(3765, 75, 735, '2015-07-08', '2015-07-08', '0000-00-00'),
(3766, 75, 826, '2015-07-08', '2015-07-08', '0000-00-00'),
(3767, 75, 827, '2015-07-08', '2015-07-08', '2015-10-19'),
(3768, 75, 828, '2015-07-08', '2015-07-08', '0000-00-00'),
(3769, 75, 829, '2015-07-08', '0000-00-00', '0000-00-00'),
(3770, 75, 830, '2015-07-08', '2015-07-08', '0000-00-00'),
(3771, 75, 831, '2015-07-08', '2015-07-08', '0000-00-00'),
(3772, 75, 832, '2015-07-08', '2015-07-08', '0000-00-00'),
(3773, 75, 833, '2015-07-08', '2015-07-08', '0000-00-00'),
(3774, 75, 834, '2015-07-08', '0000-00-00', '0000-00-00'),
(3775, 75, 835, '2015-07-08', '2015-07-08', '0000-00-00'),
(3776, 75, 926, '2015-07-08', '2015-07-08', '0000-00-00'),
(3777, 75, 927, '2015-07-08', '2015-07-08', '2015-10-19'),
(3778, 75, 928, '2015-07-08', '2015-07-08', '0000-00-00'),
(3779, 75, 929, '2015-07-08', '2015-07-08', '0000-00-00'),
(3780, 75, 930, '2015-07-08', '2015-07-08', '0000-00-00'),
(3781, 75, 931, '2015-07-08', '2015-07-08', '0000-00-00'),
(3782, 75, 932, '2015-07-08', '2015-07-08', '0000-00-00'),
(3783, 75, 933, '2015-07-08', '2015-07-08', '0000-00-00'),
(3784, 75, 934, '2015-07-08', '2015-07-08', '0000-00-00'),
(3785, 75, 935, '2015-07-08', '0000-00-00', '0000-00-00'),
(3786, 75, 1016, '2015-07-08', '2015-07-08', '2015-10-19'),
(3787, 75, 1017, '2015-07-08', '2015-07-08', '0000-00-00'),
(3788, 75, 1018, '2015-07-08', '2015-07-08', '0000-00-00'),
(3789, 75, 1019, '2015-07-08', '2015-07-08', '2015-07-08'),
(3790, 75, 1020, '2015-07-08', '2015-07-08', '2015-07-08'),
(3791, 75, 1021, '2015-07-08', '2015-07-08', '0000-00-00'),
(3792, 75, 1022, '2015-07-08', '0000-00-00', '0000-00-00'),
(3793, 75, 1023, '2015-07-08', '0000-00-00', '0000-00-00'),
(3794, 75, 1106, '2016-02-09', '2016-02-09', '2016-02-09'),
(3795, 75, 1107, '2016-02-09', '2016-02-09', '2016-02-09'),
(3796, 75, 1108, '2016-02-09', '2016-02-09', '2016-02-09'),
(3797, 75, 1109, '2016-02-09', '2016-02-09', '2016-02-09'),
(3798, 75, 1110, '2016-02-09', '2016-02-09', '2016-02-09'),
(3799, 75, 1111, '2016-02-09', '2016-02-09', '2016-02-09'),
(3800, 75, 1112, '2016-02-09', '2016-02-09', '2016-02-09'),
(3801, 75, 1113, '2016-02-09', '2016-02-09', '2016-02-09'),
(3802, 75, 1114, '2016-02-09', '2016-02-09', '2016-02-09'),
(3803, 75, 1115, '2016-02-09', '2016-02-09', '2016-02-09'),
(3804, 75, 1116, '2015-07-08', '2015-07-08', '2015-07-08'),
(3805, 75, 1117, '2015-07-08', '2015-07-08', '2015-07-08'),
(3806, 75, 1118, '2015-07-08', '2015-07-08', '2015-07-08'),
(3807, 75, 1119, '2015-07-08', '0000-00-00', '0000-00-00'),
(3808, 75, 1120, '2015-07-08', '0000-00-00', '0000-00-00'),
(3809, 75, 1121, '2015-07-08', '2015-07-08', '0000-00-00'),
(3810, 75, 1122, '2015-07-08', '2015-07-08', '0000-00-00'),
(3811, 75, 1123, '2015-07-08', '2015-07-08', '0000-00-00'),
(3812, 75, 1124, '2015-07-08', '2015-07-08', '2015-07-08'),
(3813, 75, 1125, '2015-07-08', '2015-07-08', '2015-07-08'),
(3814, 75, 1135, '2015-10-19', '0000-00-00', '0000-00-00'),
(3815, 75, 1206, '2016-02-09', '2016-02-09', '2016-02-09'),
(3816, 75, 1207, '2016-02-09', '2016-02-09', '2016-02-09'),
(3817, 75, 1208, '2016-02-09', '2016-02-09', '2016-02-09'),
(3818, 75, 1209, '2016-02-09', '2016-02-09', '2016-02-09'),
(3819, 75, 1210, '2016-02-09', '2016-02-09', '2016-02-09'),
(3820, 75, 1211, '2016-02-09', '2016-02-09', '2016-02-09'),
(3821, 75, 1212, '2016-02-09', '2016-02-09', '2016-02-09'),
(3822, 75, 1213, '2016-02-09', '2016-02-09', '2016-02-09'),
(3823, 75, 1214, '2016-02-09', '2016-02-09', '2016-02-09'),
(3824, 75, 1215, '2016-02-09', '2016-02-09', '2016-02-09'),
(3825, 75, 1216, '2015-07-08', '2015-07-08', '2015-07-08'),
(3826, 75, 1217, '2015-07-08', '2015-07-08', '0000-00-00'),
(3827, 75, 1218, '2015-07-08', '2015-07-08', '0000-00-00'),
(3828, 75, 1219, '2015-07-08', '2015-07-08', '0000-00-00'),
(3829, 75, 1220, '2015-07-08', '2015-07-08', '0000-00-00'),
(3830, 75, 1221, '2015-07-08', '2015-07-08', '0000-00-00'),
(3831, 75, 1222, '2015-07-08', '0000-00-00', '0000-00-00'),
(3832, 75, 1223, '2015-07-08', '2015-07-08', '2015-07-08'),
(3833, 75, 1224, '2015-07-08', '2015-07-08', '2015-07-08'),
(3834, 75, 1225, '2015-07-08', '0000-00-00', '0000-00-00'),
(3835, 75, 1316, '2015-07-08', '2015-07-08', '2015-07-08'),
(3836, 75, 1317, '2015-07-08', '2015-07-08', '2015-07-08'),
(3837, 75, 1318, '2015-07-08', '2015-07-08', '0000-00-00'),
(3838, 75, 1319, '2015-07-08', '2015-07-08', '0000-00-00'),
(3839, 75, 1320, '2015-07-08', '2015-07-08', '0000-00-00'),
(3840, 75, 1321, '2015-07-08', '2015-07-08', '0000-00-00'),
(3841, 75, 1322, '2015-07-08', '2015-07-08', '0000-00-00'),
(3842, 75, 1323, '2015-07-08', '2015-07-08', '0000-00-00'),
(3843, 75, 1324, '2015-07-08', '2015-07-08', '0000-00-00'),
(3844, 75, 1325, '2015-07-08', '2015-07-08', '0000-00-00'),
(3845, 75, 1416, '2015-07-08', '2015-07-08', '0000-00-00'),
(3846, 75, 1417, '2015-07-08', '2015-07-08', '2015-07-08'),
(3847, 75, 1418, '2015-07-08', '2015-07-08', '0000-00-00'),
(3848, 75, 1419, '2015-07-08', '2015-07-08', '2015-07-08'),
(3849, 75, 1420, '2015-07-08', '2015-07-08', '2015-07-08'),
(3850, 75, 1421, '2015-07-08', '2015-07-08', '2015-07-08'),
(3851, 75, 1422, '2015-07-08', '0000-00-00', '0000-00-00'),
(3852, 75, 1423, '2015-07-08', '2015-07-08', '0000-00-00'),
(3853, 75, 1424, '2015-07-08', '2015-07-08', '0000-00-00'),
(3854, 75, 1425, '2015-07-08', '0000-00-00', '0000-00-00'),
(3855, 75, 1516, '2015-07-08', '2015-07-08', '2015-07-08'),
(3856, 75, 1517, '2015-07-08', '2015-07-08', '2015-07-08'),
(3857, 75, 1518, '2015-07-08', '2015-07-08', '0000-00-00'),
(3858, 75, 1519, '2015-07-08', '2015-07-08', '0000-00-00'),
(3859, 75, 1520, '2015-07-08', '0000-00-00', '0000-00-00'),
(3860, 75, 1521, '2015-07-08', '2015-07-08', '0000-00-00'),
(3861, 75, 1522, '2015-07-08', '2015-07-08', '0000-00-00'),
(3862, 75, 1523, '2015-07-08', '2015-07-08', '0000-00-00'),
(3863, 75, 1524, '2015-07-08', '2015-07-08', '0000-00-00'),
(3864, 75, 1525, '2015-07-08', '2015-07-08', '0000-00-00'),
(3865, 75, 1606, '2016-02-09', '2016-02-09', '2016-02-09'),
(3866, 75, 1607, '2016-02-09', '2016-02-09', '2016-02-09'),
(3867, 75, 1608, '2016-02-09', '2016-02-09', '2016-02-09'),
(3868, 75, 1609, '2016-02-09', '2016-02-09', '2016-02-09'),
(3869, 75, 1610, '2016-02-09', '2016-02-09', '2016-02-09'),
(3870, 75, 1611, '2016-02-09', '2016-02-09', '2016-02-09'),
(3871, 75, 1612, '2016-02-09', '2016-02-09', '2016-02-09'),
(3872, 75, 1613, '2016-02-09', '2016-02-09', '2016-02-09'),
(3873, 75, 1614, '2016-02-09', '2016-02-09', '2016-02-09'),
(3874, 75, 1615, '2016-02-09', '2016-02-09', '2016-02-09'),
(3875, 75, 1616, '2015-07-08', '2015-07-08', '2015-07-08'),
(3876, 75, 1617, '2015-07-08', '2015-07-08', '2015-07-08'),
(3877, 75, 1618, '2015-07-08', '2015-07-08', '2015-07-08'),
(3878, 75, 1619, '2015-07-08', '2015-07-08', '2015-07-08'),
(3879, 75, 1620, '2015-07-08', '2015-07-08', '2015-07-08'),
(3880, 75, 1621, '2015-07-08', '2015-07-08', '2015-07-08'),
(3881, 75, 1622, '2015-07-08', '2015-07-08', '2015-07-08'),
(3882, 75, 1623, '2015-07-08', '2015-07-08', '2015-07-08'),
(3883, 75, 1624, '2015-07-08', '2015-07-08', '2015-07-08'),
(3884, 75, 1625, '2015-07-08', '2015-07-08', '2015-07-08'),
(3885, 75, 1635, '2015-10-19', '0000-00-00', '0000-00-00'),
(3886, 76, 726, '2015-07-14', '2015-07-14', '2016-02-08'),
(3887, 76, 727, '2015-07-14', '2015-07-14', '2015-07-14'),
(3888, 76, 728, '2015-07-14', '2015-07-14', '2015-07-14'),
(3889, 76, 729, '2015-07-14', '2015-07-14', '2015-10-19'),
(3890, 76, 730, '2015-07-14', '2015-07-14', '2015-07-14'),
(3891, 76, 731, '2015-07-14', '2015-07-14', '2015-07-14'),
(3892, 76, 732, '2015-07-14', '2015-07-14', '2015-07-14'),
(3893, 76, 733, '2015-07-14', '2015-07-14', '2015-07-14'),
(3894, 76, 734, '2015-07-14', '2015-07-14', '2015-07-14'),
(3895, 76, 735, '2015-07-14', '2015-07-14', '2016-02-08'),
(3896, 76, 826, '2015-07-14', '2015-07-14', '2015-07-14'),
(3897, 76, 827, '2015-07-14', '2015-07-14', '2015-10-19'),
(3898, 76, 828, '2015-07-14', '2015-07-14', '0000-00-00'),
(3899, 76, 829, '2015-07-14', '2015-07-14', '2016-02-08'),
(3900, 76, 830, '2015-07-14', '2015-07-14', '2016-02-08'),
(3901, 76, 831, '2015-07-14', '2015-07-14', '0000-00-00'),
(3902, 76, 832, '2015-07-14', '2015-07-14', '2015-07-14'),
(3903, 76, 833, '2015-07-14', '2015-07-14', '0000-00-00'),
(3904, 76, 834, '2015-07-14', '2015-07-14', '0000-00-00'),
(3905, 76, 835, '2015-07-14', '2015-07-14', '2015-07-14'),
(3906, 76, 926, '2015-07-14', '2015-07-14', '2015-07-14'),
(3907, 76, 927, '2015-07-14', '2015-07-14', '2015-07-14'),
(3908, 76, 928, '2015-07-14', '2015-07-14', '2015-07-14'),
(3909, 76, 929, '2015-07-14', '2015-07-14', '2015-07-14'),
(3910, 76, 930, '2015-07-14', '2015-07-14', '2015-07-14'),
(3911, 76, 931, '2015-07-14', '2015-07-14', '2015-07-14'),
(3912, 76, 932, '2015-07-14', '2015-07-14', '2015-07-14'),
(3913, 76, 933, '2015-07-14', '2015-07-14', '0000-00-00'),
(3914, 76, 934, '2015-07-14', '2015-07-14', '0000-00-00'),
(3915, 76, 935, '2015-07-14', '2015-07-14', '0000-00-00'),
(3916, 76, 1016, '2015-07-14', '2015-07-14', '2015-10-19'),
(3917, 76, 1017, '2015-07-14', '2015-07-14', '2015-07-14'),
(3918, 76, 1018, '2015-07-14', '2015-07-14', '0000-00-00'),
(3919, 76, 1019, '2015-07-14', '2015-07-14', '0000-00-00'),
(3920, 76, 1020, '2015-07-14', '2015-07-14', '0000-00-00'),
(3921, 76, 1021, '2015-07-14', '0000-00-00', '0000-00-00'),
(3922, 76, 1022, '2015-07-14', '2016-02-09', '2016-02-09'),
(3923, 76, 1024, '2015-07-14', '2015-07-14', '2016-02-09'),
(3924, 76, 1026, '2015-10-19', '0000-00-00', '0000-00-00'),
(3925, 76, 1116, '2016-02-09', '2016-02-09', '2016-02-09'),
(3926, 76, 1117, '2016-02-09', '2016-02-09', '2016-02-09'),
(3927, 76, 1118, '2016-02-09', '2016-02-09', '2016-02-09'),
(3928, 76, 1119, '2016-02-09', '2016-02-09', '2016-02-09'),
(3929, 76, 1120, '2016-02-09', '2016-02-09', '2016-02-09'),
(3930, 76, 1121, '2016-02-09', '2016-02-09', '2016-02-09'),
(3931, 76, 1122, '2016-02-09', '2016-02-09', '2016-02-09'),
(3932, 76, 1123, '2016-02-09', '2016-02-09', '2016-02-09'),
(3933, 76, 1124, '2016-02-09', '2016-02-09', '2016-02-09'),
(3934, 76, 1125, '2016-02-09', '2016-02-09', '2016-02-09'),
(3935, 76, 1126, '2015-07-14', '2015-07-14', '2015-07-14'),
(3936, 76, 1127, '2015-07-14', '2015-07-14', '2015-07-14'),
(3937, 76, 1128, '2015-07-14', '2015-07-14', '2015-07-14'),
(3938, 76, 1129, '2015-07-14', '2015-07-14', '0000-00-00'),
(3939, 76, 1130, '2015-07-14', '0000-00-00', '0000-00-00'),
(3940, 76, 1131, '2015-07-14', '2015-07-14', '0000-00-00'),
(3941, 76, 1132, '2015-07-14', '2015-07-14', '2015-10-19'),
(3942, 76, 1133, '2015-07-14', '2015-07-14', '0000-00-00'),
(3943, 76, 1134, '2015-07-14', '2015-07-14', '2015-07-14'),
(3944, 76, 1135, '2015-07-14', '2015-07-14', '2015-07-14'),
(3945, 76, 1216, '2016-02-09', '2016-02-09', '2016-02-09'),
(3946, 76, 1217, '2016-02-09', '2016-02-09', '2016-02-09'),
(3947, 76, 1218, '2016-02-09', '2016-02-09', '2016-02-09'),
(3948, 76, 1219, '2016-02-09', '2016-02-09', '2016-02-09'),
(3949, 76, 1220, '2016-02-09', '2016-02-09', '2016-02-09'),
(3950, 76, 1221, '2016-02-09', '2016-02-09', '2016-02-09'),
(3951, 76, 1222, '2016-02-09', '2016-02-09', '2016-02-09'),
(3952, 76, 1223, '2016-02-09', '2016-02-09', '2016-02-09'),
(3953, 76, 1224, '2016-02-09', '2016-02-09', '2016-02-09'),
(3954, 76, 1225, '2016-02-09', '2016-02-09', '2016-02-09'),
(3955, 76, 1226, '2015-07-14', '0000-00-00', '0000-00-00'),
(3956, 76, 1227, '2015-07-14', '0000-00-00', '0000-00-00'),
(3957, 76, 1228, '2015-07-14', '0000-00-00', '0000-00-00'),
(3958, 76, 1229, '2015-07-14', '0000-00-00', '0000-00-00'),
(3959, 76, 1230, '2015-07-14', '2015-07-14', '0000-00-00'),
(3960, 76, 1231, '2015-07-14', '0000-00-00', '0000-00-00'),
(3961, 76, 1232, '2015-07-14', '0000-00-00', '0000-00-00'),
(3962, 76, 1233, '2015-07-14', '2015-07-14', '2015-07-14'),
(3963, 76, 1234, '2015-07-14', '2015-07-14', '2015-07-14'),
(3964, 76, 1235, '2015-07-14', '0000-00-00', '0000-00-00'),
(3965, 76, 1326, '2015-07-14', '2015-07-14', '0000-00-00'),
(3966, 76, 1327, '2015-07-14', '2015-07-14', '0000-00-00'),
(3967, 76, 1328, '2015-07-14', '2015-07-14', '0000-00-00'),
(3968, 76, 1329, '2015-07-14', '2015-07-14', '0000-00-00'),
(3969, 76, 1330, '2015-07-14', '2015-07-14', '0000-00-00'),
(3970, 76, 1331, '2015-07-14', '0000-00-00', '0000-00-00'),
(3971, 76, 1332, '2015-07-14', '0000-00-00', '0000-00-00'),
(3972, 76, 1333, '2015-07-14', '2015-07-14', '0000-00-00'),
(3973, 76, 1334, '2015-07-14', '2015-07-14', '0000-00-00'),
(3974, 76, 1335, '2015-07-14', '2015-07-14', '0000-00-00'),
(3975, 76, 1426, '2015-07-14', '0000-00-00', '0000-00-00'),
(3976, 76, 1427, '2015-07-14', '2015-07-14', '0000-00-00'),
(3977, 76, 1428, '2015-07-14', '0000-00-00', '0000-00-00'),
(3978, 76, 1429, '2015-07-14', '2015-07-14', '0000-00-00'),
(3979, 76, 1430, '2015-07-14', '2015-07-14', '0000-00-00'),
(3980, 76, 1431, '2015-07-14', '2015-07-14', '0000-00-00'),
(3981, 76, 1432, '2015-07-14', '2015-07-14', '0000-00-00'),
(3982, 76, 1433, '2015-07-14', '2015-07-14', '0000-00-00'),
(3983, 76, 1526, '2015-07-14', '2015-07-14', '0000-00-00'),
(3984, 76, 1527, '2015-07-14', '2015-07-14', '0000-00-00'),
(3985, 76, 1528, '2015-07-14', '2015-07-14', '0000-00-00'),
(3986, 76, 1529, '2015-07-14', '0000-00-00', '0000-00-00'),
(3987, 76, 1530, '2015-07-14', '0000-00-00', '0000-00-00'),
(3988, 76, 1531, '2015-07-14', '0000-00-00', '0000-00-00'),
(3989, 76, 1532, '2015-07-14', '0000-00-00', '0000-00-00'),
(3990, 76, 1533, '2015-07-14', '2015-07-14', '0000-00-00'),
(3991, 76, 1534, '2015-07-14', '2015-07-14', '0000-00-00'),
(3992, 76, 1535, '2015-07-14', '2015-07-14', '0000-00-00'),
(3993, 76, 1616, '2016-02-09', '2016-02-09', '2016-02-09'),
(3994, 76, 1617, '2016-02-09', '2016-02-09', '2016-02-09'),
(3995, 76, 1618, '2016-02-09', '2016-02-09', '2016-02-09'),
(3996, 76, 1619, '2016-02-09', '2016-02-09', '2016-02-09'),
(3997, 76, 1620, '2016-02-09', '2016-02-09', '2016-02-09'),
(3998, 76, 1621, '2016-02-09', '2016-02-09', '2016-02-09'),
(3999, 76, 1622, '2016-02-09', '2016-02-09', '2016-02-09'),
(4000, 76, 1623, '2016-02-09', '2016-02-09', '2016-02-09'),
(4001, 76, 1624, '2016-02-09', '2016-02-09', '2016-02-09'),
(4002, 76, 1625, '2016-02-09', '2016-02-09', '2016-02-09'),
(4003, 76, 1626, '2015-07-14', '2015-07-14', '0000-00-00'),
(4004, 76, 1627, '2015-07-14', '0000-00-00', '0000-00-00'),
(4005, 76, 1628, '2015-07-14', '0000-00-00', '0000-00-00'),
(4006, 76, 1629, '2015-07-14', '0000-00-00', '0000-00-00'),
(4007, 76, 1630, '2015-07-14', '2015-07-14', '0000-00-00'),
(4008, 76, 1631, '2015-07-14', '2015-07-14', '0000-00-00'),
(4009, 76, 1632, '2015-07-14', '2015-07-14', '0000-00-00'),
(4010, 76, 1633, '2015-07-14', '0000-00-00', '0000-00-00'),
(4011, 76, 1634, '2015-07-14', '2015-07-14', '0000-00-00'),
(4012, 76, 1635, '2015-10-19', '0000-00-00', '0000-00-00'),
(4013, 79, 1, '2016-01-13', '0000-00-00', '0000-00-00'),
(4014, 79, 2, '2016-01-13', '0000-00-00', '0000-00-00'),
(4015, 79, 3, '2016-01-13', '0000-00-00', '0000-00-00'),
(4016, 79, 4, '2016-01-13', '0000-00-00', '0000-00-00'),
(4017, 79, 5, '2016-01-13', '0000-00-00', '0000-00-00'),
(4018, 79, 6, '2016-01-13', '0000-00-00', '0000-00-00'),
(4019, 79, 7, '2016-01-13', '0000-00-00', '0000-00-00'),
(4020, 79, 8, '2016-01-13', '0000-00-00', '0000-00-00'),
(4021, 79, 9, '2016-01-13', '0000-00-00', '0000-00-00'),
(4022, 79, 10, '2016-01-13', '0000-00-00', '0000-00-00'),
(4023, 79, 79, '2016-01-13', '0000-00-00', '0000-00-00'),
(4024, 79, 83, '2016-01-13', '0000-00-00', '0000-00-00'),
(4025, 79, 84, '2016-01-13', '0000-00-00', '0000-00-00'),
(4026, 79, 85, '2016-01-13', '0000-00-00', '0000-00-00'),
(4027, 79, 86, '2016-01-13', '0000-00-00', '0000-00-00'),
(4028, 79, 88, '2016-01-13', '0000-00-00', '0000-00-00'),
(4029, 79, 154, '2016-01-13', '0000-00-00', '0000-00-00'),
(4030, 79, 157, '2016-01-13', '0000-00-00', '0000-00-00'),
(4031, 79, 162, '2016-01-13', '0000-00-00', '0000-00-00'),
(4032, 79, 226, '2016-01-13', '0000-00-00', '0000-00-00'),
(4033, 79, 227, '2016-01-13', '0000-00-00', '0000-00-00'),
(4034, 79, 228, '2016-01-13', '0000-00-00', '0000-00-00'),
(4035, 79, 229, '2016-01-13', '0000-00-00', '0000-00-00'),
(4036, 79, 230, '2016-01-13', '0000-00-00', '0000-00-00'),
(4037, 79, 231, '2016-01-13', '0000-00-00', '0000-00-00'),
(4038, 79, 232, '2016-01-13', '0000-00-00', '0000-00-00'),
(4039, 79, 233, '2016-01-13', '0000-00-00', '0000-00-00'),
(4040, 79, 234, '2016-01-13', '0000-00-00', '0000-00-00'),
(4041, 79, 235, '2016-01-13', '0000-00-00', '0000-00-00'),
(4042, 79, 301, '2016-01-13', '0000-00-00', '0000-00-00'),
(4043, 79, 305, '2016-01-13', '0000-00-00', '0000-00-00'),
(4044, 79, 306, '2016-01-13', '0000-00-00', '0000-00-00'),
(4045, 79, 307, '2016-01-13', '0000-00-00', '0000-00-00'),
(4046, 79, 308, '2016-01-13', '0000-00-00', '0000-00-00'),
(4047, 79, 309, '2016-01-13', '0000-00-00', '0000-00-00'),
(4048, 79, 401, '2016-01-13', '0000-00-00', '0000-00-00'),
(4049, 79, 402, '2016-01-13', '0000-00-00', '0000-00-00'),
(4050, 79, 403, '2016-01-13', '0000-00-00', '0000-00-00'),
(4051, 79, 404, '2016-01-13', '0000-00-00', '0000-00-00'),
(4052, 79, 405, '2016-01-13', '0000-00-00', '0000-00-00'),
(4053, 79, 406, '2016-01-13', '0000-00-00', '0000-00-00'),
(4054, 79, 407, '2016-01-13', '0000-00-00', '0000-00-00'),
(4055, 79, 408, '2016-01-13', '0000-00-00', '0000-00-00'),
(4056, 79, 409, '2016-01-13', '0000-00-00', '0000-00-00'),
(4057, 79, 473, '2016-01-13', '0000-00-00', '0000-00-00'),
(4058, 79, 474, '2016-01-13', '0000-00-00', '0000-00-00'),
(4059, 79, 475, '2016-01-13', '0000-00-00', '0000-00-00'),
(4060, 79, 476, '2016-01-13', '0000-00-00', '0000-00-00'),
(4061, 79, 477, '2016-01-13', '0000-00-00', '0000-00-00'),
(4062, 79, 481, '2016-01-13', '0000-00-00', '0000-00-00'),
(4063, 79, 556, '2016-01-13', '0000-00-00', '0000-00-00'),
(4064, 79, 558, '2016-01-13', '0000-00-00', '0000-00-00'),
(4065, 79, 559, '2016-01-13', '0000-00-00', '0000-00-00'),
(4066, 79, 560, '2016-01-13', '0000-00-00', '0000-00-00'),
(4067, 79, 561, '2016-01-13', '0000-00-00', '0000-00-00'),
(4068, 79, 562, '2016-01-13', '0000-00-00', '0000-00-00'),
(4069, 79, 563, '2016-01-13', '0000-00-00', '0000-00-00'),
(4070, 80, 1, '0000-00-00', '2016-02-11', '0000-00-00'),
(4071, 80, 2, '0000-00-00', '2016-02-11', '0000-00-00'),
(4072, 80, 3, '0000-00-00', '2016-02-11', '0000-00-00'),
(4073, 80, 4, '0000-00-00', '2016-02-11', '0000-00-00'),
(4074, 80, 5, '0000-00-00', '2016-02-11', '0000-00-00'),
(4075, 80, 6, '0000-00-00', '2016-02-11', '0000-00-00'),
(4076, 80, 7, '0000-00-00', '2016-02-11', '0000-00-00'),
(4077, 80, 8, '0000-00-00', '2016-02-11', '0000-00-00'),
(4078, 80, 9, '0000-00-00', '2016-02-11', '0000-00-00'),
(4079, 80, 10, '0000-00-00', '2016-02-11', '0000-00-00'),
(4080, 80, 79, '0000-00-00', '2016-02-11', '0000-00-00'),
(4081, 80, 80, '0000-00-00', '2016-02-11', '0000-00-00'),
(4082, 80, 81, '0000-00-00', '2016-02-11', '0000-00-00'),
(4083, 80, 82, '0000-00-00', '2016-02-11', '0000-00-00'),
(4084, 80, 83, '0000-00-00', '2016-02-11', '0000-00-00'),
(4085, 80, 84, '0000-00-00', '2016-02-11', '0000-00-00'),
(4086, 80, 85, '0000-00-00', '2016-02-11', '0000-00-00'),
(4087, 80, 86, '0000-00-00', '2016-02-11', '0000-00-00'),
(4088, 80, 87, '0000-00-00', '2016-02-11', '0000-00-00'),
(4089, 80, 88, '0000-00-00', '2016-02-11', '0000-00-00'),
(4090, 80, 153, '0000-00-00', '2016-02-11', '0000-00-00'),
(4091, 80, 154, '0000-00-00', '2016-02-11', '0000-00-00'),
(4092, 80, 155, '0000-00-00', '2016-02-11', '0000-00-00'),
(4093, 80, 156, '0000-00-00', '2016-02-11', '0000-00-00'),
(4094, 80, 157, '0000-00-00', '2016-02-11', '0000-00-00'),
(4095, 80, 158, '0000-00-00', '2016-02-11', '0000-00-00'),
(4096, 80, 159, '0000-00-00', '2016-02-11', '0000-00-00'),
(4097, 80, 160, '0000-00-00', '2016-02-11', '0000-00-00'),
(4098, 80, 161, '0000-00-00', '2016-02-11', '0000-00-00'),
(4099, 80, 162, '0000-00-00', '2016-02-11', '0000-00-00'),
(4100, 80, 226, '0000-00-00', '2016-02-11', '0000-00-00'),
(4101, 80, 227, '0000-00-00', '2016-02-11', '0000-00-00'),
(4102, 80, 228, '0000-00-00', '2016-02-11', '0000-00-00'),
(4103, 80, 229, '0000-00-00', '2016-02-11', '0000-00-00'),
(4104, 80, 230, '0000-00-00', '2016-02-11', '0000-00-00'),
(4105, 80, 231, '0000-00-00', '2016-02-11', '0000-00-00'),
(4106, 80, 232, '0000-00-00', '2016-02-11', '0000-00-00'),
(4107, 80, 233, '0000-00-00', '2016-02-11', '0000-00-00'),
(4108, 80, 234, '0000-00-00', '2016-02-11', '0000-00-00'),
(4109, 80, 235, '0000-00-00', '2016-02-11', '0000-00-00'),
(4110, 80, 301, '0000-00-00', '2016-02-11', '0000-00-00'),
(4111, 80, 302, '0000-00-00', '2016-02-11', '0000-00-00'),
(4112, 80, 303, '0000-00-00', '2016-02-11', '0000-00-00'),
(4113, 80, 304, '0000-00-00', '2016-02-11', '0000-00-00'),
(4114, 80, 305, '0000-00-00', '2016-02-11', '0000-00-00'),
(4115, 80, 306, '0000-00-00', '2016-02-11', '0000-00-00'),
(4116, 80, 307, '0000-00-00', '2016-02-11', '0000-00-00'),
(4117, 80, 308, '0000-00-00', '2016-02-11', '0000-00-00'),
(4118, 80, 309, '0000-00-00', '2016-02-11', '0000-00-00'),
(4119, 80, 310, '0000-00-00', '2016-02-11', '0000-00-00'),
(4120, 80, 400, '0000-00-00', '2016-02-11', '0000-00-00'),
(4121, 80, 401, '0000-00-00', '2016-02-11', '0000-00-00'),
(4122, 80, 402, '0000-00-00', '2016-02-11', '0000-00-00'),
(4123, 80, 403, '0000-00-00', '2016-02-11', '0000-00-00'),
(4124, 80, 404, '0000-00-00', '2016-02-11', '0000-00-00'),
(4125, 80, 405, '0000-00-00', '2016-02-11', '0000-00-00'),
(4126, 80, 406, '0000-00-00', '2016-02-11', '0000-00-00'),
(4127, 80, 407, '0000-00-00', '2016-02-11', '0000-00-00'),
(4128, 80, 408, '0000-00-00', '2016-02-11', '0000-00-00'),
(4129, 80, 409, '0000-00-00', '2016-02-11', '0000-00-00'),
(4130, 80, 473, '0000-00-00', '2016-02-11', '0000-00-00'),
(4131, 80, 474, '0000-00-00', '2016-02-11', '0000-00-00'),
(4132, 80, 475, '0000-00-00', '2016-02-11', '0000-00-00'),
(4133, 80, 476, '0000-00-00', '2016-02-11', '0000-00-00'),
(4134, 80, 477, '0000-00-00', '2016-02-11', '0000-00-00'),
(4135, 80, 478, '0000-00-00', '2016-02-11', '0000-00-00'),
(4136, 80, 479, '0000-00-00', '2016-02-11', '0000-00-00'),
(4137, 80, 480, '0000-00-00', '2016-02-11', '0000-00-00'),
(4138, 80, 481, '0000-00-00', '2016-02-11', '0000-00-00'),
(4139, 80, 482, '0000-00-00', '2016-02-11', '0000-00-00'),
(4140, 80, 556, '0000-00-00', '2016-02-11', '0000-00-00'),
(4141, 80, 557, '0000-00-00', '2016-02-11', '0000-00-00'),
(4142, 80, 558, '0000-00-00', '2016-02-11', '0000-00-00'),
(4143, 80, 559, '0000-00-00', '2016-02-11', '0000-00-00'),
(4144, 80, 560, '0000-00-00', '2016-02-11', '0000-00-00'),
(4145, 80, 561, '0000-00-00', '2016-02-11', '0000-00-00'),
(4146, 80, 562, '0000-00-00', '2016-02-11', '0000-00-00'),
(4147, 80, 563, '0000-00-00', '2016-02-11', '0000-00-00'),
(4148, 80, 564, '0000-00-00', '2016-02-11', '0000-00-00'),
(4149, 80, 565, '0000-00-00', '2016-02-11', '0000-00-00'),
(4150, 81, 1, '0000-00-00', '2016-02-11', '0000-00-00'),
(4151, 81, 2, '0000-00-00', '2016-02-11', '0000-00-00'),
(4152, 81, 3, '0000-00-00', '2016-02-11', '0000-00-00'),
(4153, 81, 4, '0000-00-00', '2016-02-11', '0000-00-00'),
(4154, 81, 5, '0000-00-00', '2016-02-11', '0000-00-00'),
(4155, 81, 6, '0000-00-00', '2016-02-11', '0000-00-00'),
(4156, 81, 7, '0000-00-00', '2016-02-11', '0000-00-00'),
(4157, 81, 8, '0000-00-00', '2016-02-11', '0000-00-00'),
(4158, 81, 9, '0000-00-00', '2016-02-11', '0000-00-00'),
(4159, 81, 10, '0000-00-00', '2016-02-11', '0000-00-00'),
(4160, 81, 79, '0000-00-00', '2016-02-11', '0000-00-00'),
(4161, 81, 80, '0000-00-00', '2016-02-11', '0000-00-00'),
(4162, 81, 81, '0000-00-00', '2016-02-11', '0000-00-00'),
(4163, 81, 82, '0000-00-00', '2016-02-11', '0000-00-00'),
(4164, 81, 83, '0000-00-00', '2016-02-11', '0000-00-00'),
(4165, 81, 84, '0000-00-00', '2016-02-11', '0000-00-00'),
(4166, 81, 85, '0000-00-00', '2016-02-11', '0000-00-00'),
(4167, 81, 86, '0000-00-00', '2016-02-11', '0000-00-00'),
(4168, 81, 87, '0000-00-00', '2016-02-11', '0000-00-00'),
(4169, 81, 88, '0000-00-00', '2016-02-11', '0000-00-00'),
(4170, 81, 153, '0000-00-00', '2016-02-11', '0000-00-00'),
(4171, 81, 154, '0000-00-00', '2016-02-11', '0000-00-00'),
(4172, 81, 155, '0000-00-00', '2016-02-11', '0000-00-00'),
(4173, 81, 156, '0000-00-00', '2016-02-11', '0000-00-00'),
(4174, 81, 157, '0000-00-00', '2016-02-11', '0000-00-00'),
(4175, 81, 158, '0000-00-00', '2016-02-11', '0000-00-00'),
(4176, 81, 159, '0000-00-00', '2016-02-11', '0000-00-00'),
(4177, 81, 160, '0000-00-00', '2016-02-11', '0000-00-00'),
(4178, 81, 161, '0000-00-00', '2016-02-11', '0000-00-00'),
(4179, 81, 162, '0000-00-00', '2016-02-11', '0000-00-00'),
(4180, 81, 226, '0000-00-00', '2016-02-11', '0000-00-00'),
(4181, 81, 227, '0000-00-00', '2016-02-11', '0000-00-00'),
(4182, 81, 228, '0000-00-00', '2016-02-11', '0000-00-00'),
(4183, 81, 229, '0000-00-00', '2016-02-11', '0000-00-00'),
(4184, 81, 230, '0000-00-00', '2016-02-11', '0000-00-00'),
(4185, 81, 231, '0000-00-00', '2016-02-11', '0000-00-00'),
(4186, 81, 232, '0000-00-00', '2016-02-11', '0000-00-00'),
(4187, 81, 233, '0000-00-00', '2016-02-11', '0000-00-00'),
(4188, 81, 234, '0000-00-00', '2016-02-11', '0000-00-00'),
(4189, 81, 235, '0000-00-00', '2016-02-11', '0000-00-00'),
(4190, 81, 301, '0000-00-00', '2016-02-11', '0000-00-00'),
(4191, 81, 302, '0000-00-00', '2016-02-11', '0000-00-00'),
(4192, 81, 303, '0000-00-00', '2016-02-11', '0000-00-00'),
(4193, 81, 304, '0000-00-00', '2016-02-11', '0000-00-00'),
(4194, 81, 305, '0000-00-00', '2016-02-11', '0000-00-00'),
(4195, 81, 306, '0000-00-00', '2016-02-11', '0000-00-00'),
(4196, 81, 307, '0000-00-00', '2016-02-11', '0000-00-00'),
(4197, 81, 308, '0000-00-00', '2016-02-11', '0000-00-00'),
(4198, 81, 309, '0000-00-00', '2016-02-11', '0000-00-00'),
(4199, 81, 310, '0000-00-00', '2016-02-11', '0000-00-00'),
(4200, 81, 400, '0000-00-00', '2016-02-11', '0000-00-00'),
(4201, 81, 401, '0000-00-00', '2016-02-11', '0000-00-00'),
(4202, 81, 402, '0000-00-00', '2016-02-11', '0000-00-00'),
(4203, 81, 403, '0000-00-00', '2016-02-11', '0000-00-00'),
(4204, 81, 404, '0000-00-00', '2016-02-11', '0000-00-00'),
(4205, 81, 405, '0000-00-00', '2016-02-11', '0000-00-00'),
(4206, 81, 406, '0000-00-00', '2016-02-11', '0000-00-00'),
(4207, 81, 407, '0000-00-00', '2016-02-11', '0000-00-00'),
(4208, 81, 408, '0000-00-00', '2016-02-11', '0000-00-00'),
(4209, 81, 409, '0000-00-00', '2016-02-11', '0000-00-00'),
(4210, 81, 473, '0000-00-00', '2016-02-11', '0000-00-00'),
(4211, 81, 474, '0000-00-00', '2016-02-11', '0000-00-00'),
(4212, 81, 475, '0000-00-00', '2016-02-11', '0000-00-00'),
(4213, 81, 476, '0000-00-00', '2016-02-11', '0000-00-00'),
(4214, 81, 477, '0000-00-00', '2016-02-11', '0000-00-00'),
(4215, 81, 478, '0000-00-00', '2016-02-11', '0000-00-00'),
(4216, 81, 479, '0000-00-00', '2016-02-11', '0000-00-00'),
(4217, 81, 480, '0000-00-00', '2016-02-11', '0000-00-00'),
(4218, 81, 481, '0000-00-00', '2016-02-11', '0000-00-00'),
(4219, 81, 482, '0000-00-00', '2016-02-11', '0000-00-00'),
(4220, 81, 556, '0000-00-00', '2016-02-11', '0000-00-00'),
(4221, 81, 557, '0000-00-00', '2016-02-11', '0000-00-00'),
(4222, 81, 558, '0000-00-00', '2016-02-11', '0000-00-00'),
(4223, 81, 559, '0000-00-00', '2016-02-11', '0000-00-00'),
(4224, 81, 560, '0000-00-00', '2016-02-11', '0000-00-00'),
(4225, 81, 561, '0000-00-00', '2016-02-11', '0000-00-00'),
(4226, 81, 562, '0000-00-00', '2016-02-11', '0000-00-00'),
(4227, 81, 563, '0000-00-00', '2016-02-11', '0000-00-00'),
(4228, 81, 564, '0000-00-00', '2016-02-11', '0000-00-00'),
(4229, 81, 565, '0000-00-00', '2016-02-11', '0000-00-00'),
(4230, 82, 1, '0000-00-00', '2016-02-11', '0000-00-00'),
(4231, 82, 2, '0000-00-00', '2016-02-11', '0000-00-00'),
(4232, 82, 3, '0000-00-00', '2016-02-11', '0000-00-00'),
(4233, 82, 4, '0000-00-00', '2016-02-11', '0000-00-00'),
(4234, 82, 5, '0000-00-00', '2016-02-11', '0000-00-00'),
(4235, 82, 6, '0000-00-00', '2016-02-11', '0000-00-00'),
(4236, 82, 7, '0000-00-00', '2016-02-11', '0000-00-00'),
(4237, 82, 8, '0000-00-00', '2016-02-11', '0000-00-00'),
(4238, 82, 9, '0000-00-00', '2016-02-11', '0000-00-00'),
(4239, 82, 10, '0000-00-00', '2016-02-11', '0000-00-00'),
(4240, 82, 79, '0000-00-00', '2016-02-11', '0000-00-00'),
(4241, 82, 80, '0000-00-00', '2016-02-11', '0000-00-00'),
(4242, 82, 81, '0000-00-00', '2016-02-11', '0000-00-00'),
(4243, 82, 82, '0000-00-00', '2016-02-11', '0000-00-00'),
(4244, 82, 83, '0000-00-00', '2016-02-11', '0000-00-00'),
(4245, 82, 84, '0000-00-00', '2016-02-11', '0000-00-00'),
(4246, 82, 85, '0000-00-00', '2016-02-11', '0000-00-00'),
(4247, 82, 86, '0000-00-00', '2016-02-11', '0000-00-00'),
(4248, 82, 87, '0000-00-00', '2016-02-11', '0000-00-00'),
(4249, 82, 88, '0000-00-00', '2016-02-11', '0000-00-00'),
(4250, 82, 153, '0000-00-00', '2016-02-11', '0000-00-00'),
(4251, 82, 154, '0000-00-00', '2016-02-11', '0000-00-00'),
(4252, 82, 155, '0000-00-00', '2016-02-11', '0000-00-00'),
(4253, 82, 156, '0000-00-00', '2016-02-11', '0000-00-00'),
(4254, 82, 157, '0000-00-00', '2016-02-11', '0000-00-00'),
(4255, 82, 158, '0000-00-00', '2016-02-11', '0000-00-00'),
(4256, 82, 159, '0000-00-00', '2016-02-11', '0000-00-00'),
(4257, 82, 160, '0000-00-00', '2016-02-11', '0000-00-00'),
(4258, 82, 161, '0000-00-00', '2016-02-11', '0000-00-00'),
(4259, 82, 162, '0000-00-00', '2016-02-11', '0000-00-00'),
(4260, 82, 226, '0000-00-00', '2016-02-11', '0000-00-00'),
(4261, 82, 227, '0000-00-00', '2016-02-11', '0000-00-00'),
(4262, 82, 228, '0000-00-00', '2016-02-11', '0000-00-00'),
(4263, 82, 229, '0000-00-00', '2016-02-11', '0000-00-00'),
(4264, 82, 230, '0000-00-00', '2016-02-11', '0000-00-00'),
(4265, 82, 231, '0000-00-00', '2016-02-11', '0000-00-00'),
(4266, 82, 232, '0000-00-00', '2016-02-11', '0000-00-00'),
(4267, 82, 233, '0000-00-00', '2016-02-11', '0000-00-00'),
(4268, 82, 234, '0000-00-00', '2016-02-11', '0000-00-00'),
(4269, 82, 235, '0000-00-00', '2016-02-11', '0000-00-00'),
(4270, 82, 301, '0000-00-00', '2016-02-11', '0000-00-00'),
(4271, 82, 302, '0000-00-00', '2016-02-11', '0000-00-00'),
(4272, 82, 303, '0000-00-00', '2016-02-11', '0000-00-00'),
(4273, 82, 304, '0000-00-00', '2016-02-11', '0000-00-00'),
(4274, 82, 305, '0000-00-00', '2016-02-11', '0000-00-00'),
(4275, 82, 306, '0000-00-00', '2016-02-11', '0000-00-00'),
(4276, 82, 307, '0000-00-00', '2016-02-11', '0000-00-00'),
(4277, 82, 308, '0000-00-00', '2016-02-11', '0000-00-00'),
(4278, 82, 309, '0000-00-00', '2016-02-11', '0000-00-00'),
(4279, 82, 310, '0000-00-00', '2016-02-11', '0000-00-00'),
(4280, 82, 400, '0000-00-00', '2016-02-11', '0000-00-00'),
(4281, 82, 401, '0000-00-00', '2016-02-11', '0000-00-00'),
(4282, 82, 402, '0000-00-00', '2016-02-11', '0000-00-00'),
(4283, 82, 403, '0000-00-00', '2016-02-11', '0000-00-00'),
(4284, 82, 404, '0000-00-00', '2016-02-11', '0000-00-00'),
(4285, 82, 405, '0000-00-00', '2016-02-11', '0000-00-00'),
(4286, 82, 406, '0000-00-00', '2016-02-11', '0000-00-00'),
(4287, 82, 407, '0000-00-00', '2016-02-11', '0000-00-00'),
(4288, 82, 408, '0000-00-00', '2016-02-11', '0000-00-00'),
(4289, 82, 409, '0000-00-00', '2016-02-11', '0000-00-00'),
(4290, 82, 473, '0000-00-00', '2016-02-11', '0000-00-00'),
(4291, 82, 474, '0000-00-00', '2016-02-11', '0000-00-00'),
(4292, 82, 475, '0000-00-00', '2016-02-11', '0000-00-00'),
(4293, 82, 476, '0000-00-00', '2016-02-11', '0000-00-00'),
(4294, 82, 477, '0000-00-00', '2016-02-11', '0000-00-00'),
(4295, 82, 478, '0000-00-00', '2016-02-11', '0000-00-00'),
(4296, 82, 479, '0000-00-00', '2016-02-11', '0000-00-00'),
(4297, 82, 480, '0000-00-00', '2016-02-11', '0000-00-00'),
(4298, 82, 481, '0000-00-00', '2016-02-11', '0000-00-00'),
(4299, 82, 482, '0000-00-00', '2016-02-11', '0000-00-00'),
(4300, 82, 556, '0000-00-00', '2016-02-11', '0000-00-00'),
(4301, 82, 557, '0000-00-00', '2016-02-11', '0000-00-00'),
(4302, 82, 558, '0000-00-00', '2016-02-11', '0000-00-00'),
(4303, 82, 559, '0000-00-00', '2016-02-11', '0000-00-00'),
(4304, 82, 560, '0000-00-00', '2016-02-11', '0000-00-00'),
(4305, 82, 561, '0000-00-00', '2016-02-11', '0000-00-00'),
(4306, 82, 562, '0000-00-00', '2016-02-11', '0000-00-00'),
(4307, 82, 563, '0000-00-00', '2016-02-11', '0000-00-00'),
(4308, 82, 564, '0000-00-00', '2016-02-11', '0000-00-00'),
(4309, 82, 565, '2016-02-11', '0000-00-00', '0000-00-00'),
(4310, 83, 1, '0000-00-00', '0000-00-00', '2015-10-20'),
(4311, 83, 2, '0000-00-00', '0000-00-00', '2015-10-20'),
(4312, 83, 3, '0000-00-00', '0000-00-00', '2015-10-20'),
(4313, 83, 4, '0000-00-00', '0000-00-00', '2015-10-20'),
(4314, 83, 5, '0000-00-00', '0000-00-00', '2015-10-20'),
(4315, 83, 6, '0000-00-00', '0000-00-00', '2015-10-20'),
(4316, 83, 7, '0000-00-00', '0000-00-00', '2015-10-20'),
(4317, 83, 8, '0000-00-00', '0000-00-00', '2015-10-20'),
(4318, 83, 9, '0000-00-00', '0000-00-00', '2015-10-20'),
(4319, 83, 10, '0000-00-00', '0000-00-00', '2015-10-20'),
(4320, 83, 79, '0000-00-00', '0000-00-00', '2015-10-20'),
(4321, 83, 80, '0000-00-00', '0000-00-00', '2015-10-20'),
(4322, 83, 81, '0000-00-00', '0000-00-00', '2015-10-20'),
(4323, 83, 82, '0000-00-00', '0000-00-00', '2015-10-20'),
(4324, 83, 83, '0000-00-00', '0000-00-00', '2015-10-20'),
(4325, 83, 84, '0000-00-00', '0000-00-00', '2015-10-20'),
(4326, 83, 85, '0000-00-00', '0000-00-00', '2015-10-20'),
(4327, 83, 86, '0000-00-00', '0000-00-00', '2015-10-20'),
(4328, 83, 87, '0000-00-00', '0000-00-00', '2015-10-20'),
(4329, 83, 88, '0000-00-00', '0000-00-00', '2015-10-20'),
(4330, 83, 153, '0000-00-00', '0000-00-00', '2015-10-20'),
(4331, 83, 154, '0000-00-00', '0000-00-00', '2015-10-20'),
(4332, 83, 155, '0000-00-00', '0000-00-00', '2015-10-20'),
(4333, 83, 156, '0000-00-00', '0000-00-00', '2015-10-20'),
(4334, 83, 157, '0000-00-00', '0000-00-00', '2015-10-20'),
(4335, 83, 158, '0000-00-00', '0000-00-00', '2015-10-20'),
(4336, 83, 159, '0000-00-00', '0000-00-00', '2015-10-20'),
(4337, 83, 160, '0000-00-00', '0000-00-00', '2015-10-20'),
(4338, 83, 161, '0000-00-00', '0000-00-00', '2015-10-20'),
(4339, 83, 162, '0000-00-00', '0000-00-00', '2015-10-20'),
(4340, 83, 226, '0000-00-00', '0000-00-00', '2015-10-20'),
(4341, 83, 227, '0000-00-00', '0000-00-00', '2015-10-20'),
(4342, 83, 228, '0000-00-00', '0000-00-00', '2015-10-20'),
(4343, 83, 229, '0000-00-00', '0000-00-00', '2015-10-20'),
(4344, 83, 230, '0000-00-00', '0000-00-00', '2015-10-20'),
(4345, 83, 231, '0000-00-00', '0000-00-00', '2015-10-20'),
(4346, 83, 232, '0000-00-00', '0000-00-00', '2015-10-20'),
(4347, 83, 233, '0000-00-00', '0000-00-00', '2015-10-20'),
(4348, 83, 234, '0000-00-00', '0000-00-00', '2015-10-20'),
(4349, 83, 235, '0000-00-00', '0000-00-00', '2015-10-20'),
(4350, 83, 301, '0000-00-00', '0000-00-00', '2015-10-20'),
(4351, 83, 302, '0000-00-00', '0000-00-00', '2015-10-20'),
(4352, 83, 303, '0000-00-00', '0000-00-00', '2015-10-20'),
(4353, 83, 304, '0000-00-00', '0000-00-00', '2015-10-20'),
(4354, 83, 305, '0000-00-00', '0000-00-00', '2015-10-20'),
(4355, 83, 306, '0000-00-00', '0000-00-00', '2015-10-20'),
(4356, 83, 307, '0000-00-00', '0000-00-00', '2015-10-20'),
(4357, 83, 308, '0000-00-00', '0000-00-00', '2015-10-20'),
(4358, 83, 309, '0000-00-00', '0000-00-00', '2015-10-20'),
(4359, 83, 310, '0000-00-00', '0000-00-00', '2015-10-20'),
(4360, 83, 400, '0000-00-00', '0000-00-00', '2015-10-20'),
(4361, 83, 401, '0000-00-00', '0000-00-00', '2015-10-20'),
(4362, 83, 402, '0000-00-00', '0000-00-00', '2015-10-20'),
(4363, 83, 403, '0000-00-00', '0000-00-00', '2015-10-20'),
(4364, 83, 404, '0000-00-00', '0000-00-00', '2015-10-20'),
(4365, 83, 405, '0000-00-00', '0000-00-00', '2015-10-20'),
(4366, 83, 406, '0000-00-00', '0000-00-00', '2015-10-20'),
(4367, 83, 407, '0000-00-00', '0000-00-00', '2015-10-20'),
(4368, 83, 408, '0000-00-00', '0000-00-00', '2015-10-20'),
(4369, 83, 409, '0000-00-00', '0000-00-00', '2015-10-20'),
(4370, 83, 473, '0000-00-00', '0000-00-00', '2015-10-20'),
(4371, 83, 474, '0000-00-00', '0000-00-00', '2015-10-20'),
(4372, 83, 475, '0000-00-00', '0000-00-00', '2015-10-20'),
(4373, 83, 476, '0000-00-00', '0000-00-00', '2015-10-20'),
(4374, 83, 477, '0000-00-00', '0000-00-00', '2015-10-20'),
(4375, 83, 478, '0000-00-00', '0000-00-00', '2015-10-20'),
(4376, 83, 479, '0000-00-00', '0000-00-00', '2015-10-20'),
(4377, 83, 480, '0000-00-00', '0000-00-00', '2015-10-20'),
(4378, 83, 481, '0000-00-00', '0000-00-00', '2015-10-20'),
(4379, 83, 482, '0000-00-00', '0000-00-00', '2015-10-20'),
(4380, 83, 556, '0000-00-00', '0000-00-00', '2015-10-20'),
(4381, 83, 557, '0000-00-00', '0000-00-00', '2015-10-20'),
(4382, 83, 558, '0000-00-00', '0000-00-00', '2015-10-20'),
(4383, 83, 559, '0000-00-00', '0000-00-00', '2015-10-20'),
(4384, 83, 560, '0000-00-00', '0000-00-00', '2015-10-20'),
(4385, 83, 561, '0000-00-00', '0000-00-00', '2015-10-20'),
(4386, 83, 562, '0000-00-00', '0000-00-00', '2015-10-20'),
(4387, 83, 563, '0000-00-00', '0000-00-00', '2015-10-20'),
(4388, 83, 564, '0000-00-00', '0000-00-00', '2015-10-20');
INSERT INTO `PupilStatements` (`ID`, `PupilID`, `StatementID`, `PartiallyDate`, `AchievedDate`, `ConsolidatedDate`) VALUES
(4389, 83, 565, '0000-00-00', '0000-00-00', '2015-10-20'),
(4390, 83, 566, '0000-00-00', '0000-00-00', '2015-10-20'),
(4391, 83, 567, '0000-00-00', '0000-00-00', '2015-10-20'),
(4392, 83, 568, '0000-00-00', '0000-00-00', '2015-10-20'),
(4393, 83, 569, '0000-00-00', '0000-00-00', '2015-10-20'),
(4394, 83, 570, '0000-00-00', '0000-00-00', '2015-10-20'),
(4395, 83, 571, '0000-00-00', '0000-00-00', '2015-10-20'),
(4396, 83, 572, '0000-00-00', '0000-00-00', '2015-10-20'),
(4397, 83, 573, '0000-00-00', '0000-00-00', '2015-10-20'),
(4398, 83, 574, '0000-00-00', '0000-00-00', '2015-10-20'),
(4399, 83, 575, '0000-00-00', '0000-00-00', '2015-10-20'),
(4400, 83, 581, '2015-10-20', '0000-00-00', '0000-00-00');

-- --------------------------------------------------------

--
-- Table structure for table `Schools`
--

CREATE TABLE IF NOT EXISTS `Schools` (
  `ID` int(11) NOT NULL AUTO_INCREMENT,
  `Name` varchar(255) NOT NULL,
  PRIMARY KEY (`ID`)
) ENGINE=InnoDB  DEFAULT CHARSET=latin1 AUTO_INCREMENT=3 ;

--
-- Dumping data for table `Schools`
--

INSERT INTO `Schools` (`ID`, `Name`) VALUES
(1, '0'),
(2, 'School Name 1');

-- --------------------------------------------------------

--
-- Table structure for table `Statements`
--

CREATE TABLE IF NOT EXISTS `Statements` (
  `ID` int(11) NOT NULL AUTO_INCREMENT,
  `StatementText` text NOT NULL,
  `StrandID` int(11) NOT NULL,
  `LevelID` int(11) NOT NULL,
  PRIMARY KEY (`ID`),
  KEY `StrandID` (`StrandID`,`LevelID`),
  KEY `LevelsStatements` (`LevelID`)
) ENGINE=InnoDB  DEFAULT CHARSET=latin1 AUTO_INCREMENT=2622 ;

--
-- Dumping data for table `Statements`
--

INSERT INTO `Statements` (`ID`, `StatementText`, `StrandID`, `LevelID`) VALUES
(1, 'Students listen to familiar rhymes.', 1, 1),
(2, 'Students respond to familiar rhymes.', 1, 1),
(3, 'Students listen to familiar stories.', 1, 1),
(4, 'Students respond to familiar stories.', 1, 1),
(5, 'Picks up a book.', 1, 1),
(6, 'Looks at books randomly.', 1, 1),
(7, 'Looks at pictures independently.', 1, 1),
(8, 'Turns book round to look at the pictures in different ways.', 1, 1),
(9, 'Turns the pages of a book.', 1, 1),
(10, 'Holds a book the right way up.', 1, 1),
(11, 'Pupils recognise a few signs, symbols or pictures on familiar items e.g. cornflake box.', 1, 2),
(12, 'Pupils give meaning to environmental signs, symbols or pictures e.g. toilet symbol.', 1, 2),
(13, 'Pupils match objects to pictures.', 1, 2),
(14, 'Pupils match objects to symbols.', 1, 2),
(15, 'Pupils are aware when the story has finished.', 1, 2),
(16, 'Pupils can answer simple questions (e.g. up to 2 key words) about a story.', 1, 2),
(17, 'Pupils can retell a story when looking at the book.', 1, 2),
(18, 'Pupils name objects in a picture book.', 1, 2),
(19, 'Pupils show something found in a book.', 1, 2),
(20, 'Pupils show curiosity about the content of a text at a simple level.', 1, 2),
(21, 'Pupils can select and recognise a small number of words or symbols linked to a familiar  vocabulary [for example, name, people, objects or actions].', 1, 3),
(22, 'Pupils can read a small number of words or symbols linked to a familiar  vocabulary [for example, name, people, objects or actions].', 1, 3),
(23, 'Reads words/symbols in the environment.', 1, 3),
(24, 'Pupils can match pictures.', 1, 3),
(25, 'Pupils can match letters.', 1, 3),
(26, 'Pupils can match small words.', 1, 3),
(27, 'Pupils discuss pictures in books.', 1, 3),
(28, 'Pupils respond appropriately to specific characters.', 1, 3),
(29, 'Aware of their own name on personal possessions.', 1, 3),
(30, 'Pupils point to details in pictures.', 1, 3),
(31, 'Pupils show an interest in the activity of reading.', 1, 4),
(32, 'They predict elements of a narrative [for example, when the adult stops reading, pupils fill in the missing word]', 1, 4),
(33, 'Pupils follow a sequence of a familiar picture story.', 1, 4),
(34, 'Pupils join in with stories that have a repetitive passage.', 1, 4),
(35, 'They distinguish between print or symbols and pictures in texts.', 1, 4),
(36, 'Pupils know the names of some of the letters of the alphabet.', 1, 4),
(37, 'Pupils know some of the letter in their name.', 1, 4),
(38, 'Pupils will follow the text from left to right.', 1, 4),
(39, 'Pupils will follow the text reading from the top of the page to the bottom.', 1, 4),
(40, 'Pupils will know to turn the page when they get to the bottom.', 1, 4),
(41, 'Pupils understand that words, symbols and pictures convey meaning.', 1, 5),
(42, 'Pupils recognise or read a growing repertoire of familiar words or symbols.', 1, 5),
(43, 'Pupils recognise or read their name.', 1, 5),
(44, 'Pupils recognise 6 letters of the alphabet by shape, name or sound.', 1, 5),
(45, 'Pupils recognise half of the letters of the alphabet by shape, name or sound.', 1, 5),
(46, 'Pupils associate sounds with patterns in rhymes.', 1, 5),
(47, 'Pupils associate sounds with patterns in with syllables in words.', 1, 5),
(48, 'Pupils associate sounds with words and symbols.', 1, 5),
(49, 'Pupils respond to a situation in a story.', 1, 5),
(50, 'Pupils talk about the events in an story.', 1, 5),
(51, 'Pupils repeat, copy and imitate 10 single words, signs or phrases or uses 10 objects of reference or symbols.', 2, 1),
(52, 'Pupils repeat, copy and imitate 20 single words, signs or phrases or uses 20 objects of reference or symbols.', 2, 1),
(53, 'Pupils repeat, copy and imitate 30 single words, signs or phrases or uses 30 objects of reference or symbols.', 2, 1),
(54, 'Pupils repeat, copy and imitate 50 single words, signs or phrases or uses 50 objects of reference or symbols.', 2, 1),
(55, 'They use single words, signs and symbols for familiar objects [for example, cup, biscuit].', 2, 1),
(56, 'Uses yes/no in word and sign appropriately.', 2, 1),
(57, 'Says/gestures hello.', 2, 1),
(58, 'Uses a word/sign to indicate a need.', 2, 1),
(59, 'Uses a word/sign to indicate an object.', 2, 1),
(60, 'They use single words, signs and symbols to communicate about events and feelings [for example, likes and dislikes].', 2, 1),
(61, 'To combine 2 or more words/signs and symbols.', 2, 2),
(62, 'To express two concepts, e.g. more drink, coat on.', 2, 2),
(63, 'Communicates with a range of listeners.', 2, 2),
(64, 'Repeats phrase when misunderstood.', 2, 2),
(65, 'Repeats phrase when misunderstood adding expression.', 2, 2),
(66, 'Repeats phrase when misunderstood adding a different intonation.', 2, 2),
(67, 'Raises and lowers voice.', 2, 2),
(68, 'Pupils use a vocabulary of over 20 words, signs or symbols.', 2, 2),
(69, 'Pupils use a vocabulary of over 20 words, signs or symbols.', 2, 2),
(70, 'Pupils use a vocabulary of over 50 words, signs or symbols.', 2, 2),
(71, 'Joins in small group rhyme or story activity.', 2, 3),
(72, '3 word string  Tom Go Bike.', 2, 3),
(73, 'Pupil gives a commentary on their own activity.', 2, 3),
(74, 'Pupil answers simple questions.', 2, 3),
(75, 'Pupil joins in adult led group discussion.', 2, 3),
(76, 'Pupil carries on a simple two-way conversation.', 2, 3),
(77, 'Pupil initiates a simple conversation.', 2, 3),
(78, 'They ask simple questions to obtain information [for example, Wheres the cat?]', 2, 3),
(79, 'They can use prepositions, such as in or on.', 2, 3),
(80, 'They can use pronouns, such as my or it, correctly.', 2, 3),
(81, 'Pupils use phrases with up to three key words, signs or symbols to communicate simple ideas [for example, I want big chocolate muffin]', 2, 4),
(82, 'Pupils use phrases with up to three key words, signs or symbols to communicate simple events to others.', 2, 4),
(83, 'Pupils use phrases with up to three key words, signs or symbols to communicate simple stories to others.', 2, 4),
(84, 'Pupils use regular plurals correctly.', 2, 4),
(85, 'Pupils communicate ideas about present, past and future events and experiences using simple phrases and statements [for example, We going cinema on Friday].', 2, 4),
(86, 'Pupils contribute appropriately one-to-one.', 2, 4),
(87, 'Pupils contribute appropriately in small group discussions.', 2, 4),
(88, 'Pupils contribute appropriately in role play.', 2, 4),
(89, 'Pupils use the conjunction to link ideas or add new information beyond what is asked.', 2, 4),
(90, 'Pupils use the conjunction to add new information beyond what is asked.', 2, 4),
(91, 'They link up to four key words, signs or symbols in communicating about their own experiences in groups.', 2, 5),
(92, 'They link up to four key words, signs or symbols in communicating about their own experiences in one-to- one [for example, The hairy giant shouted at Finn]', 2, 5),
(93, 'They link up to four key words, signs or symbols in telling familiar stories one-to- one [for example, The hairy giant shouted at Finn].', 2, 5),
(94, 'They link up to four key words, signs or symbols in telling familiar stories in groups [for example, The hairy giant shouted at Finn].', 2, 5),
(95, 'They use an extensive vocabulary to convey meaning to the listener.', 2, 5),
(96, 'They can use possessives [for example, ''Johnnys coat'']', 2, 5),
(97, 'They take part in role play with confidence.', 2, 5),
(98, 'They use conjunctions that suggest cause [for example, cos, to link ideas].', 2, 5),
(99, 'They use short phrases/sentences to communicate ideas.', 2, 5),
(100, 'They use adjectives in relation to nouns.', 2, 5),
(101, 'Pupils show that they understand that marks and symbols convey meaning.', 3, 1),
(102, 'Pupils put marks and pictures alongside a picture.', 3, 1),
(103, 'Pupils sequence pictures e.g. breakfast, lunch and dinner.', 3, 1),
(104, 'Pupils place photographs in a sequence.', 3, 1),
(105, 'They make marks or symbols in their preferred mode of communication.', 3, 1),
(106, 'Pupils make uncontrollable scribble.', 3, 1),
(107, 'Pupils show writing to a carer.', 3, 1),
(108, 'Pupils watch the paper as they make marks.', 3, 1),
(109, 'Pupils show an interest in what an adult is writing.', 3, 1),
(110, 'Pupils are aware that an input device changes the screen.', 3, 1),
(111, 'Pupils produce meaningful marks or symbols associated with their own name.', 3, 2),
(112, 'Pupils make meaningful marks associated with familiar words.', 3, 2),
(113, 'Pupils trace, overwrite or copy vertical movements.', 3, 2),
(114, 'Pupils trace, overwrite or copy circular movements.', 3, 2),
(115, 'Pupils trace, overwrite or copy shapes.', 3, 2),
(116, 'Pupils copy horizontal movements.', 3, 2),
(117, 'Pupils copy vertical movements.', 3, 2),
(118, 'Pupils copy circular movements.', 3, 2),
(119, 'Pupils copy shapes.', 3, 2),
(120, 'Pupils write several letters from their name.', 3, 3),
(121, 'Pupils produce or write their own name in letters or symbols.', 3, 3),
(122, 'Pupils make marks for some familiar words with some recognisable words.', 3, 3),
(123, 'Pupils make marks for their name with some recognisable letters.', 3, 3),
(124, 'Pupils copy letters and words from the environment.', 3, 3),
(125, 'Pupils trace letter shapes.', 3, 3),
(126, 'Pupils separate writing and pictures.', 3, 3),
(127, 'Pupils copy underneath from left to right.', 3, 3),
(128, 'Lines of scribble have a variety of letters included.', 3, 3),
(129, 'Pupils use writing in a variety of situations.', 3, 3),
(130, 'Pupils group letters and symbols together as though they are writing separate words.', 3, 4),
(131, 'Pupils leave spaces in between groups of letters as though they are writing separate words.', 3, 4),
(132, 'Pupils use a single letter to represent a word.', 3, 4),
(133, 'Pupils can write their names sometimes.', 3, 4),
(134, 'Pupils can write their names consistently.', 3, 4),
(135, 'Pupils can write two other familiar words sometimes.', 3, 4),
(136, 'Pupils can write 2 other familiar words consistently.', 3, 4),
(137, 'With assistance begins letters in the right place.', 3, 4),
(138, 'Some letters are correctly formed.', 3, 4),
(139, 'Aware of the size of one shape in comparison to the shape next to it.', 3, 4),
(140, 'No capital letter for name except for initial letters.', 3, 5),
(141, 'Uses capital letters to begin names.', 3, 5),
(142, 'Aware of the different for writing.', 3, 5),
(143, 'Pupils use different layouts depending on different purposes.', 3, 5),
(144, 'Writes their own name in the correct sequence.', 3, 5),
(145, 'Groups letters in word blocks.', 3, 5),
(146, 'Some recognisable words in writing.', 3, 5),
(147, 'Illustrates picture or experiences.', 3, 5),
(148, 'Joins in group story writing.', 3, 5),
(149, 'Gives text the same meaning each time.', 3, 5),
(150, 'Search for objects that have gone out of sight, demonstrating the beginning of object permanence (for example, retrieving an object from under a cloth)', 4, 1),
(151, 'Search for objects that have gone out of hearing, demonstrating the beginning of object permanence (for example, searching for a sound source that has ceased)', 4, 1),
(152, 'Search for objects that have gone out of touch, demonstrating the beginning of object permanence (for example, reaching for or moving towards an object)', 4, 1),
(153, 'Track a falling object', 4, 1),
(154, 'Match big objects (for example, finding a big football to place in a net with other big footballs)', 4, 1),
(155, 'Match small objects  (for example, matching a small model car with a similar sized model car)', 4, 1),
(156, 'Demonstrate an interest in position and the relationship between objects by stacking them', 4, 1),
(157, 'Demonstrate an interest in position and the relationship between objects by joining them', 4, 1),
(158, 'Use construction materials', 4, 1),
(159, 'Handle shapes', 4, 1),
(160, 'Search intentionally for objects in their usual place (for example, going to the mathematics shelf for the box of shapes)', 4, 2),
(161, 'Put equipment away in the correct place', 4, 2),
(162, 'Show anticipation linked to daily schedule (for example, music played at dinner time)', 4, 2),
(163, 'Find big and small objects on request (for example, from a choice of two objects, identifying the big and small)', 4, 2),
(164, 'Compare the overall size of one object with that of another where there is a marked difference (for example, they indicate which of two shoes is the bigger)', 4, 2),
(165, 'Attempt to re-assemble a toy', 4, 2),
(166, 'Explore the position of objects by placing objects in and out of containers', 4, 2),
(167, 'Explore the position of objects by placing objects inside and outside a hoop (for example)', 4, 2),
(168, 'Explore the position of objects by fitting as many objects as possible into a box (for example)', 4, 2),
(169, 'Students listen to familiar rhymes.', 1, 1),
(170, 'Students respond to familiar rhymes.', 1, 1),
(171, 'Students listen to familiar stories.', 1, 1),
(172, 'Students respond to familiar stories.', 1, 1),
(173, 'Picks up a book.', 1, 1),
(174, 'Looks at books randomly.', 1, 1),
(175, 'Looks at pictures independently.', 1, 1),
(176, 'Turns book round to look at the pictures in different ways.', 1, 1),
(177, 'Turns the pages of a book.', 1, 1),
(178, 'Holds a book the right way up.', 1, 1),
(179, 'Pupils recognise a few signs, symbols or pictures on familiar items e.g. cornflake box.', 1, 2),
(180, 'Pupils give meaning to environmental signs, symbols or pictures e.g. toilet symbol.', 1, 2),
(181, 'Pupils match objects to pictures.', 1, 2),
(182, 'Pupils match objects to symbols.', 1, 2),
(183, 'Pupils are aware when the story has finished.', 1, 2),
(184, 'Pupils can answer simple questions (e.g. up to 2 key words) about a story.', 1, 2),
(185, 'Pupils can retell a story when looking at the book.', 1, 2),
(186, 'Pupils name objects in a picture book.', 1, 2),
(187, 'Pupils show something found in a book.', 1, 2),
(188, 'Pupils show curiosity about the content of a text at a simple level.', 1, 2),
(189, 'Pupils can select and recognise a small number of words or symbols linked to a familiar  vocabulary [for example, name, people, objects or actions].', 1, 3),
(190, 'Pupils can read a small number of words or symbols linked to a familiar  vocabulary [for example, name, people, objects or actions].', 1, 3),
(191, 'Reads words/symbols in the environment.', 1, 3),
(192, 'Pupils can match pictures.', 1, 3),
(193, 'Pupils can match letters.', 1, 3),
(194, 'Pupils can match small words.', 1, 3),
(195, 'Pupils discuss pictures in books.', 1, 3),
(196, 'Pupils respond appropriately to specific characters.', 1, 3),
(197, 'Aware of their own name on personal possessions.', 1, 3),
(198, 'Pupils point to details in pictures.', 1, 3),
(199, 'Pupils show an interest in the activity of reading.', 1, 4),
(200, 'They predict elements of a narrative [for example, when the adult stops reading, pupils fill in the missing word]', 1, 4),
(201, 'Pupils follow a sequence of a familiar picture story.', 1, 4),
(202, 'Pupils join in with stories that have a repetitive passage.', 1, 4),
(203, 'They distinguish between print or symbols and pictures in texts.', 1, 4),
(204, 'Pupils know the names of some of the letters of the alphabet.', 1, 4),
(205, 'Pupils know some of the letter in their name.', 1, 4),
(206, 'Pupils will follow the text from left to right.', 1, 4),
(207, 'Pupils will follow the text reading from the top of the page to the bottom.', 1, 4),
(208, 'Pupils will know to turn the page when they get to the bottom.', 1, 4),
(209, 'Pupils understand that words, symbols and pictures convey meaning.', 1, 5),
(210, 'Pupils recognise or read a growing repertoire of familiar words or symbols.', 1, 5),
(211, 'Pupils recognise or read their name.', 1, 5),
(212, 'Pupils recognise 6 letters of the alphabet by shape, name or sound.', 1, 5),
(213, 'Pupils recognise half of the letters of the alphabet by shape, name or sound.', 1, 5),
(214, 'Pupils associate sounds with patterns in rhymes.', 1, 5),
(215, 'Pupils associate sounds with patterns in with syllables in words.', 1, 5),
(216, 'Pupils associate sounds with words and symbols.', 1, 5),
(217, 'Pupils respond to a situation in a story.', 1, 5),
(218, 'Pupils talk about the events in an story.', 1, 5),
(219, 'Pupils repeat, copy and imitate 10 single words, signs or phrases or uses 10 objects of reference or symbols.', 2, 1),
(220, 'Pupils repeat, copy and imitate 20 single words, signs or phrases or uses 20 objects of reference or symbols.', 2, 1),
(221, 'Pupils repeat, copy and imitate 30 single words, signs or phrases or uses 30 objects of reference or symbols.', 2, 1),
(222, 'Pupils repeat, copy and imitate 50 single words, signs or phrases or uses 50 objects of reference or symbols.', 2, 1),
(223, 'They use single words, signs and symbols for familiar objects [for example, cup, biscuit].', 2, 1),
(224, 'Uses yes/no in word and sign appropriately.', 2, 1),
(225, 'Says/gestures hello.', 2, 1),
(226, 'Uses a word/sign to indicate a need.', 2, 1),
(227, 'Uses a word/sign to indicate an object.', 2, 1),
(228, 'They use single words, signs and symbols to communicate about events and feelings [for example, likes and dislikes].', 2, 1),
(229, 'To combine 2 or more words/signs and symbols.', 2, 2),
(230, 'To express two concepts, e.g. more drink, coat on.', 2, 2),
(231, 'Communicates with a range of listeners.', 2, 2),
(232, 'Repeats phrase when misunderstood.', 2, 2),
(233, 'Repeats phrase when misunderstood adding expression.', 2, 2),
(234, 'Repeats phrase when misunderstood adding a different intonation.', 2, 2),
(235, 'Raises and lowers voice.', 2, 2),
(236, 'Pupils use a vocabulary of over 20 words, signs or symbols.', 2, 2),
(237, 'Pupils use a vocabulary of over 20 words, signs or symbols.', 2, 2),
(238, 'Pupils use a vocabulary of over 50 words, signs or symbols.', 2, 2),
(239, 'Joins in small group rhyme or story activity.', 2, 3),
(240, '3 word string  Tom Go Bike.', 2, 3),
(241, 'Pupil gives a commentary on their own activity.', 2, 3),
(242, 'Pupil answers simple questions.', 2, 3),
(243, 'Pupil joins in adult led group discussion.', 2, 3),
(244, 'Pupil carries on a simple two-way conversation.', 2, 3),
(245, 'Pupil initiates a simple conversation.', 2, 3),
(246, 'They ask simple questions to obtain information [for example, Wheres the cat?]', 2, 3),
(247, 'They can use prepositions, such as in or on.', 2, 3),
(248, 'They can use pronouns, such as my or it, correctly.', 2, 3),
(249, 'Pupils use phrases with up to three key words, signs or symbols to communicate simple ideas [for example, I want big chocolate muffin]', 2, 4),
(250, 'Pupils use phrases with up to three key words, signs or symbols to communicate simple events to others.', 2, 4),
(251, 'Pupils use phrases with up to three key words, signs or symbols to communicate simple stories to others.', 2, 4),
(252, 'Pupils use regular plurals correctly.', 2, 4),
(253, 'Pupils communicate ideas about present, past and future events and experiences using simple phrases and statements [for example, We going cinema on Friday].', 2, 4),
(254, 'Pupils contribute appropriately one-to-one.', 2, 4),
(255, 'Pupils contribute appropriately in small group discussions.', 2, 4),
(256, 'Pupils contribute appropriately in role play.', 2, 4),
(257, 'Pupils use the conjunction to link ideas or add new information beyond what is asked.', 2, 4),
(258, 'Pupils use the conjunction to add new information beyond what is asked.', 2, 4),
(259, 'They link up to four key words, signs or symbols in communicating about their own experiences in groups.', 2, 5),
(260, 'They link up to four key words, signs or symbols in communicating about their own experiences in one-to- one [for example, The hairy giant shouted at Finn]', 2, 5),
(261, 'They link up to four key words, signs or symbols in telling familiar stories one-to- one [for example, The hairy giant shouted at Finn].', 2, 5),
(262, 'They link up to four key words, signs or symbols in telling familiar stories in groups [for example, The hairy giant shouted at Finn].', 2, 5),
(263, 'They use an extensive vocabulary to convey meaning to the listener.', 2, 5),
(264, 'They can use possessives [for example, ''Johnnys coat'']', 2, 5),
(265, 'They take part in role play with confidence.', 2, 5),
(266, 'They use conjunctions that suggest cause [for example, cos, to link ideas].', 2, 5),
(267, 'They use short phrases/sentences to communicate ideas.', 2, 5),
(268, 'They use adjectives in relation to nouns.', 2, 5),
(269, 'Pupils show that they understand that marks and symbols convey meaning.', 3, 1),
(270, 'Pupils put marks and pictures alongside a picture.', 3, 1),
(271, 'Pupils sequence pictures e.g. breakfast, lunch and dinner.', 3, 1),
(272, 'Pupils place photographs in a sequence.', 3, 1),
(273, 'They make marks or symbols in their preferred mode of communication.', 3, 1),
(274, 'Pupils make uncontrollable scribble.', 3, 1),
(275, 'Pupils show writing to a carer.', 3, 1),
(276, 'Pupils watch the paper as they make marks.', 3, 1),
(277, 'Pupils show an interest in what an adult is writing.', 3, 1),
(278, 'Pupils are aware that an input device changes the screen.', 3, 1),
(279, 'Pupils produce meaningful marks or symbols associated with their own name.', 3, 2),
(280, 'Pupils make meaningful marks associated with familiar words.', 3, 2),
(281, 'Pupils trace, overwrite or copy vertical movements.', 3, 2),
(282, 'Pupils trace, overwrite or copy circular movements.', 3, 2),
(283, 'Pupils trace, overwrite or copy shapes.', 3, 2),
(284, 'Pupils copy horizontal movements.', 3, 2),
(285, 'Pupils copy vertical movements.', 3, 2),
(286, 'Pupils copy circular movements.', 3, 2),
(287, 'Pupils copy shapes.', 3, 2),
(288, 'Pupils write several letters from their name.', 3, 3),
(289, 'Pupils produce or write their own name in letters or symbols.', 3, 3),
(290, 'Pupils make marks for some familiar words with some recognisable words.', 3, 3),
(291, 'Pupils make marks for their name with some recognisable letters.', 3, 3),
(292, 'Pupils copy letters and words from the environment.', 3, 3),
(293, 'Pupils trace letter shapes.', 3, 3),
(294, 'Pupils separate writing and pictures.', 3, 3),
(295, 'Pupils copy underneath from left to right.', 3, 3),
(296, 'Lines of scribble have a variety of letters included.', 3, 3),
(297, 'Pupils use writing in a variety of situations.', 3, 3),
(298, 'Pupils group letters and symbols together as though they are writing separate words.', 3, 4),
(299, 'Pupils leave spaces in between groups of letters as though they are writing separate words.', 3, 4),
(300, 'Pupils use a single letter to represent a word.', 3, 4),
(301, 'Pupils can write their names sometimes.', 3, 4),
(302, 'Pupils can write their names consistently.', 3, 4),
(303, 'Pupils can write two other familiar words sometimes.', 3, 4),
(304, 'Pupils can write 2 other familiar words consistently.', 3, 4),
(305, 'With assistance begins letters in the right place.', 3, 4),
(306, 'Some letters are correctly formed.', 3, 4),
(307, 'Aware of the size of one shape in comparison to the shape next to it.', 3, 4),
(308, 'No capital letter for name except for initial letters.', 3, 5),
(309, 'Uses capital letters to begin names.', 3, 5),
(310, 'Aware of the different for writing.', 3, 5),
(311, 'Pupils use different layouts depending on different purposes.', 3, 5),
(312, 'Writes their own name in the correct sequence.', 3, 5),
(313, 'Groups letters in word blocks.', 3, 5),
(314, 'Some recognisable words in writing.', 3, 5),
(315, 'Illustrates picture or experiences.', 3, 5),
(316, 'Joins in group story writing.', 3, 5),
(317, 'Gives text the same meaning each time.', 3, 5),
(318, 'Search for objects that have gone out of sight, demonstrating the beginning of object permanence (for example, retrieving an object from under a cloth)', 4, 1),
(319, 'Search for objects that have gone out of hearing, demonstrating the beginning of object permanence (for example, searching for a sound source that has ceased)', 4, 1),
(320, 'Search for objects that have gone out of touch, demonstrating the beginning of object permanence (for example, reaching for or moving towards an object)', 4, 1),
(321, 'Track a falling object', 4, 1),
(322, 'Match big objects (for example, finding a big football to place in a net with other big footballs)', 4, 1),
(323, 'Match small objects  (for example, matching a small model car with a similar sized model car)', 4, 1),
(324, 'Demonstrate an interest in position and the relationship between objects by stacking them', 4, 1),
(325, 'Demonstrate an interest in position and the relationship between objects by joining them', 4, 1),
(326, 'Use construction materials', 4, 1),
(327, 'Handle shapes', 4, 1),
(328, 'Search intentionally for objects in their usual place (for example, going to the mathematics shelf for the box of shapes)', 4, 2),
(329, 'Put equipment away in the correct place', 4, 2),
(330, 'Show anticipation linked to daily schedule (for example, music played at dinner time)', 4, 2),
(331, 'Find big and small objects on request (for example, from a choice of two objects, identifying the big and small)', 4, 2),
(332, 'Compare the overall size of one object with that of another where there is a marked difference (for example, they indicate which of two shoes is the bigger)', 4, 2),
(333, 'Attempt to re-assemble a toy', 4, 2),
(334, 'Explore the position of objects by placing objects in and out of containers', 4, 2),
(335, 'Explore the position of objects by placing objects inside and outside a hoop (for example)', 4, 2),
(336, 'Explore the position of objects by fitting as many objects as possible into a box (for example)', 4, 2),
(337, 'Place object where asked\n(for example, tidying up)', 4, 2),
(338, 'Search for objects not found in their usual place, demonstrating their understanding of object permanence (for example, looking for cups when they are not in their usual cupboard)', 4, 3),
(339, 'Compare the overall size of one object with that of another where the difference is not great (for example, identifying the bigger of two Russian dolls or nesting cubes)', 4, 3),
(340, 'Order 3 objects by size', 4, 3),
(341, 'Manipulate three-dimensional shapes by putting shapes into a shape sorter', 4, 3),
(342, 'Manipulate three-dimensional shapes by using 3D objects to build and manipulate in role-play', 4, 3),
(343, 'Manipulate three-dimensional shapes by investigating their properties (For example, rolling a tube in a race with a partner)', 4, 3),
(344, 'Match 2D shapes', 4, 3),
(345, 'Show an understanding of words that describe positions (for example, responding to a request to put an object in, on, under, or inside another object)', 4, 3),
(346, 'Show understanding of signs that describe positions', 4, 3),
(347, 'Show understanding of symbols that describe positions', 4, 3),
(348, 'Respond to forwards (for example, moving forwards on request, recognising when a vehicle is moving forwards, moving a counter forward on a board game)', 4, 4),
(349, 'Respond to backwards (for example, moving backwards on request, recognising when a vehicle is moving backwards', 4, 4),
(350, 'Describe the directional movement of an object  (for example, in terms of forward and backwards)', 4, 4),
(351, 'Pick out described shapes from a collection  (for example, picking out all the round shapes in the classroom, finding shapes with straight edges)', 4, 4),
(352, 'Fit shapes into matching holes', 4, 4),
(353, 'Talk about the properties of a shape', 4, 4),
(354, 'Generalise shapes regardless of size (For example, find all the circles, where some are bigger than others)', 4, 4),
(355, 'Use familiar words in practical situations when they compare sizes', 4, 4),
(356, 'Build a tower and compare its size to an object', 4, 4),
(357, 'Use familiar words in practical situations when they compare quantities (for example,  more and  less, enough or not enough to compare quantities)', 4, 4),
(358, 'Compare objects directly, focusing on one dimension such as length or height where the difference is marked, indicating the long one or the tall one', 4, 5),
(359, 'Show awareness of time, through some familiarity with names of the days of the week  (for example, understanding and using names of days of the week, no school on Saturday or Sunday)', 4, 5),
(360, 'Show awareness of time, through some familiarity with significant times in their day, such as meal times, bed times (for example, ordering events in their day on a visual timetable)', 4, 5),
(361, 'Respond to mathematical vocabulary such as straight, circle, larger to describe the shape and size of solid shapes  (for example, when shopping, pupils find boxes with straight edges)', 4, 5),
(362, 'Respond to mathematical vocabulary such as straight, circle, larger to describe the shape and size of flat shapes', 4, 5),
(363, 'Describe shapes in simple models', 4, 5),
(364, 'Describe shapes in simple pictures (for example, using a set of flat shapes to make pictures, naming the shapes used)', 4, 5),
(365, 'Describe shapes in simple patterns', 4, 5),
(366, 'Sort 3D shapes', 4, 5),
(367, 'Sort flat shapes', 4, 5),
(368, 'Show an awareness of number activities and counting by copying some actions during number rhymes', 5, 1),
(369, 'Show an awareness of number activities and counting by copying some actions during number songs', 5, 1),
(370, 'Show an awareness of number activities and counting by copying some actions during number games', 5, 1),
(371, 'Joins in the sound patterns of number rhymes', 5, 1),
(372, 'Show an awareness of number activities and counting by following a sequence of pictures as indicated by a known person during number rhymes', 5, 1),
(373, 'Show an awareness of number activities and counting by following a sequence of pictures as indicated by a known person during number songs', 5, 1),
(374, 'Show an awareness of number activities and counting by following a sequence of numbers as indicated by a known person during number rhymes', 5, 1),
(375, 'Show an awareness of number activities and counting by following a sequence of numbers as indicated by a known person during number songs', 5, 1),
(376, 'Assist with one to one matching activity', 5, 1),
(377, 'Asks for more', 5, 1),
(378, 'Respond to and join in with familiar number rhymes [for example, joining in by saying, signing or indicating at least one of the numbers in a familiar number rhyme]', 5, 2),
(379, 'Respond to and join in with familiar number stories', 5, 2),
(380, 'Respond to and join in with familiar number songs (for example, using a series of actions during the singing of a familiar song)', 5, 2),
(381, 'Respond to and join in with familiar number games', 5, 2),
(382, 'Indicate one (for example by using eye pointing, blinks, gestures or any other means to indicate one)', 5, 2),
(383, 'Indicate two (for example by using eye pointing, blinks, gestures or any other means to indicate two)', 5, 2),
(384, 'Demonstrate that they are aware of contrasting quantities (for example one and lots by making groups of one or lots of food items on plates)', 5, 2),
(385, 'Use the term one appropriately', 5, 2),
(386, 'Use the term lots appropriately', 5, 2),
(387, 'Picks up more than one object when asked for 2', 5, 2),
(388, 'Demonstrate an understanding of one-to-one correspondence in a range of contexts (for example: matching objects such as cups to saucers, straws to drink cartons)', 5, 3),
(389, 'Join in rote counting up to five (for example, saying or signing number names to 5 in counting activities)', 5, 3),
(390, 'Count reliably to three', 5, 3),
(391, 'Make sets of up to three objects', 5, 3),
(392, 'Use numbers to three in familiar activities and games', 5, 3),
(393, 'Demonstrate an understanding of the concept of more (for example, indicating that more cups, counters, food items are required)', 5, 3),
(394, 'They join in with new number rhymes', 5, 3),
(395, 'They join in with new number songs', 5, 3),
(396, 'They join in with new number stories', 5, 3),
(397, 'They join in with new number games', 5, 3),
(398, 'Join in rote counting to 10 (for example, saying or signing number names to 10 in counting activities)', 5, 4),
(399, 'Count at least 5 objects reliably (for example, candles on a cake, bricks in a tower)', 5, 4),
(400, 'Begin to count objects when asked How Many ?', 5, 4),
(401, 'Recognise numerals from one to five.', 5, 4),
(402, 'Point out numbers in the environment', 5, 4),
(403, 'Understand that each numeral (1-5) represents a constant number or amount (for example, putting correct number of objects (1-5) into containers marked with the numeral)', 5, 4),
(404, 'Match numerals to quantities', 5, 4),
(405, 'Use one to one matching to solve problems (For example, are there enough cups?)', 5, 4),
(406, 'Demonstrate an understanding of less (for example, indicating which bottle has less water in it)', 5, 4),
(407, 'In practical situations they respond to add one to a number of objects (for example, responding to requests such as add one pencil to the pencils in the pot)', 5, 4),
(408, 'Join in with rote counting to beyond 10. (for example, they say or sign number names in counting activities)', 5, 5),
(409, 'Continue to rote count onwards from a given small number', 5, 5),
(410, 'Recognise differences in quantity [for example, in comparing given sets of objects and saying which has more or is the bigger group)', 5, 5),
(411, 'Recognise differences in quantity (for example, in comparing given sets of objects and saying which has less, or is the smaller group)', 5, 5),
(412, 'They recognise numerals from one to nine', 5, 5),
(413, 'Relate numerals from one to nine to sets of objects', 5, 5),
(414, 'In practical situations respond to add one to a number of objects (for example, adding one more to three objects in a box and say, sign or indicate how many are now in the box)', 5, 5),
(415, 'In practical situations respond to take one away from a number of objects (for example, at a cake sale saying, signing or indicating how many cakes are left when one is sold)', 5, 5),
(416, 'Use ordinal numbers when describing the position of objects, people or events (for example, indicating who is first, second and third in a race or competition)', 5, 5),
(417, 'Estimate a small number (up to 10) and check by counting (for example, guessing then counting the number of pupils in a group)', 5, 5),
(418, 'Aware of cause and effects in familiar mathematical activities (for example, knowing that in a role-play shop a coin can be exchanged for an item)', 7, 1),
(419, 'Show awareness of changes in shape', 7, 1),
(420, 'Show awareness of changes in position (for example, recalling an object which has been placed out of sight)', 7, 1),
(421, 'Show awareness of changes in quantity', 7, 1),
(422, 'Watches as an adult operates an object', 7, 1),
(423, 'Anticipate familiar activities when given a contextual clue', 7, 1),
(424, 'Follow familiar activities when given a contextual clue', 7, 1),
(425, 'Join in with familiar activities when given a contextual clue', 7, 1),
(426, 'Use an object appropriately (for example a hair brush)', 7, 1),
(427, 'Relates familiar objects (for example, gloves for hands, shoes for feet etc.)', 7, 1),
(428, 'Match objects by recognising similarities (for example, matching shoes or socks by placing next to one placed by an adult)', 7, 2),
(429, 'Match pictures by recognising similarities', 7, 2),
(430, 'Sort objects by recognising similarities (for example, sorting objects given one criterion such as colour)', 7, 2),
(431, 'Sort pictures by recognising similarities', 7, 2),
(432, 'Find another object the same colour', 7, 2),
(433, 'Find an object with a specific characteristic (for example; a toy with wheels)', 7, 2),
(434, 'Select an appropriate tool for a task (for example: spoon to eat with)', 7, 2),
(435, 'Helps to put objects away in the right place', 7, 2),
(436, 'Make sets that have the same small number of objects in each (for example, distributing sweets into containers so that there are one or two in each)', 7, 2),
(437, 'Solve simple problems practically (for example, selecting appropriate containers for items of different sizes)', 7, 2),
(438, 'Sort objects according to a given criteria (for example, sorting footballs into a net and table tennis balls into a box)', 7, 3),
(439, 'Sort objects according to own criteria', 7, 3),
(440, 'Sort materials according to a given criteria', 7, 3),
(441, 'Copy simple patterns or sequences - copying a drumbeat', 7, 3),
(442, 'Copy simple patterns or sequences - copying a simple pattern of repeated movements', 7, 3),
(443, 'Copy simple patterns or sequences  -copying a pattern of large and small cups', 7, 3),
(444, 'Pairs 2 related objects (for example, knife and fork)', 7, 3),
(445, 'Match picture to picture', 7, 3),
(446, 'Match picture to object', 7, 3),
(447, 'Look for objects in an appropriate place', 7, 3),
(448, 'Complete a range of classification activities using a given criterion  Size (for example, find all the big ones)', 7, 4),
(449, 'Complete a range of classification activities using a given criterion  Colour (for example, find all the blue ones)', 7, 4),
(450, 'Complete a range of classification activities using a given criterion - shape  (for example, find all the round ones)', 7, 4),
(451, 'Sort objects into 2 groups according to colour', 7, 4),
(452, 'Sort objects into 2 groups according to size', 7, 4),
(453, 'Sort everyday objects appropriately (for example: equipment in the classroom into the correct place)', 7, 4),
(454, 'Identify when an object is different and does not belong to a given familiar category (for example, removing odd items from sets)', 7, 4),
(455, 'Respond appropriately to key vocabulary', 7, 4),
(456, 'Respond appropriately to key questions (for example, How many?)', 7, 4),
(457, 'Talk about simple repeating patterns and sequences (for example, describing a pattern of socks on a line)', 7, 5),
(458, 'Recognise simple repeating patterns and sequences (for example, recognising and simple repeating patterns on textiles or necklaces)', 7, 5),
(459, 'Copy simple repeating patterns and sequences (for example, joining in a pattern of hand claps; copying patterns such as beats in familiar music; shapes made by hand and feet in damp sand; sponge prints etc.)', 7, 5),
(460, 'Continue a 2 step sequence (for example - *-*-*-)', 7, 5),
(461, 'Continue a 3 step sequence (for example, 00-00-00-)', 7, 5),
(462, 'Name Colours consistently', 7, 5),
(463, 'Identify the next shape in a pattern, from a choice of 3', 7, 5),
(464, 'Use mathematical understanding of counting up to ten to solve simple problems encountered in play and games (for example, using tokens or marks to tally events or scoring in games)', 7, 5),
(465, 'Use mathematical understanding of counting up to ten to solve simple problems encountered in other work (for example, using ordinal words to describe positions)', 7, 5),
(466, 'Make simple estimates (for example, estimating the number of cubes that will fit into a box or the number of strides across a room)', 7, 5),
(467, 'Demonstrate an understanding of at least 50 words', 11, 1),
(468, 'Demonstrate an understanding of the names of familiar objects', 11, 1),
(469, 'Respond appropriately to simple requests which contain one key word, sign or symbol in familiar situations', 11, 1),
(470, 'Respond to look', 11, 1),
(471, 'Respond to give', 11, 1),
(472, 'Looks at object when named', 11, 1),
(473, 'Responds to praise', 11, 1),
(474, 'Responds to criticism', 11, 1),
(475, 'Goes to requested place', 11, 1),
(476, 'Seeks sound source', 11, 1),
(477, 'Respond appropriately to questions about  immediate events', 11, 2),
(478, 'Respond appropriately to questions about immediate experiences', 11, 2),
(479, 'Respond appropriately to questions about familiar events', 11, 2),
(480, 'Respond appropriately to questions about familiar experiences', 11, 2),
(481, 'Follow requests and instructions containing at least two key words, signs or symbols', 11, 2),
(482, 'Attends when name is called', 11, 2),
(483, 'Does simple action requested (e.g. stand up)', 11, 2),
(484, 'Follow instruction ''give me''', 11, 2),
(485, 'Follow instruction ''look at''', 11, 2),
(486, 'Follow instruction ''bring your''', 11, 2),
(487, 'Respond to others in group situations', 11, 3),
(488, 'Take turns appropriately in a group situation', 11, 3),
(489, 'Follow requests with three key words, signs or symbols', 11, 3),
(490, 'Follow instructions with three key words, signs or symbols', 11, 3),
(491, 'Respond to what', 11, 3),
(492, 'Respond to who', 11, 3),
(493, 'Respond to where', 11, 3),
(494, 'Carries on a simple two-way conversation', 11, 3),
(495, 'Listens for the answers to questions', 11, 3),
(496, 'Remain seated during a story or discussion', 11, 3),
(497, 'Listen to stories for short stretches of time', 11, 4),
(498, 'Attend to stories for short stretches of time', 11, 4),
(499, 'Follow stories for short stretches of time', 11, 4),
(500, 'Follow requests with four key words, signs or symbols', 11, 4),
(501, 'Follow instructions with four key words, signs or symbols', 11, 4),
(502, 'Attend to and respond to questions from adults', 11, 4),
(503, 'Attend to, and respond to, questions from their peers', 11, 4),
(504, 'Attend to, and respond to, questions from adults and their peers about experiences', 11, 4),
(505, 'Attend to, and respond to, questions from adults and their peers about events', 11, 4),
(506, 'Attend to, and respond to, questions from adults and their peers about stories', 11, 4),
(507, 'Pupils take part in role play with confidence', 11, 5),
(508, 'Pupils listen attentively', 11, 5),
(509, 'They respond appropriately to questions about why', 11, 5),
(510, 'They respond appropriately to questions about how', 11, 5),
(511, 'Respond to adult s questions', 11, 5),
(512, 'Listens to peers in a group situation', 11, 5),
(513, 'Listens for up to 5 minutes', 11, 5),
(514, 'Knows when to be quiet', 11, 5),
(515, 'Has increasingly complex two-way conversations with an adult', 11, 5),
(516, 'Responds to who would like ', 11, 5),
(517, 'Express their feelings using single elements of communication (For example: words, gestures, signs or symbols)', 8, 1),
(518, 'Express their needs using single elements of communication (For example: words, gestures, signs or symbols)', 8, 1),
(519, 'Express their likes and dislikes using single elements of communication \ncommunication (For example: words, gestu', 8, 1),
(520, 'Engage in parallel activity with several others.\nWith several others.', 8, 1),
(521, 'Follow familiar routines with support from others.\nWith support from others', 8, 1),
(522, 'Take part in familiar tasks or activities with support from others.\nActivities with support from others.', 8, 1),
(523, 'Show an understanding of yes', 8, 1),
(524, 'Show an understanding no', 8, 1),
(525, 'Recognise and respond to animated praise or criticism.', 8, 1),
(526, 'Begin to respond to the feelings of others\nfeelings of others\nBegin to respond to the\nfeelings of others (For example, matching their emotions and becoming upset)', 8, 1),
(527, 'Take part in work involving two others.', 8, 2),
(528, 'Take part in play involving two others.', 8, 2),
(529, 'Take part in work involving three others.', 8, 2),
(530, 'Take part in play involving three others.', 8, 2),
(531, 'Maintain interactions and take turns in a small group with some support.', 8, 2),
(532, 'Combine two elements of communication to express their feelings', 8, 2),
(533, 'Combine two elements of communication to express their needs', 8, 2),
(534, 'Combine two elements of communication to express their choices.', 8, 2),
(535, 'They join in discussions by responding appropriately to simple questions about familiar events', 8, 2),
(536, 'They join in discussions by responding appropriately to simple questions about familiar experiences.', 8, 2),
(537, 'Respond to others in group situations, playing in a small group cooperatively (For example, taking turns appropriately) \ncooperatively.', 8, 3),
(538, 'Respond to others in group situations working in a small group cooperatively (For example, taking turns appropriately)\n\nCooperatively', 8, 3),
(539, 'Accept suggestions', 8, 3),
(540, 'Carry out routine activities\nCarry out routine activities in a familiar context', 8, 3),
(541, 'Show an awareness of the results of their own actions.', 8, 3),
(542, 'Show some awareness of danger (For example, hot items, road safety etc.)', 8, 3),
(543, 'Show concern for others (For example, through facial expressions, gestures or tone of voice)', 8, 3),
(544, 'Show appreciation of someone elses skill (For example, clapping)', 8, 3),
(545, 'Show sympathy for others in distress', 8, 3),
(546, 'Offer comfort to others in distress', 8, 3),
(547, 'Communicate feelings in simple phrases.', 8, 4),
(548, 'Communicate ideas in simple phrases.', 8, 4),
(549, 'Move, with support, to new activities which are directed.', 8, 4),
(550, 'Move, with support, to new activities which are self-chosen.', 8, 4),
(551, 'Make purposeful relationships with others in group activities', 8, 4),
(552, 'Attempt to negotiate with others in group activities, in a variety of situations (For example, if other pupils wish to use the same piece of Equipment)', 8, 4),
(553, 'Judge right and wrong on the basis of the consequences of their actions.\nActions.', 8, 4),
(554, 'Show some consideration of the needs of other people. (For example, offering food to a visitor)', 8, 4),
(555, 'Show some consideration of the feelings of other people.', 8, 4),
(556, 'Show some consideration of the needs of other living things (For example, watering a\nclassroom plant)', 8, 4),
(557, 'Join in a range of activities in one-to-one situations.', 8, 5),
(558, 'Join in a range of activities in small or large groups.', 8, 5),
(559, 'Choose, initiate and follow through new tasks and self-selected activities.', 8, 5),
(560, 'Understand the need for rules in games, and show awareness of how to join in different situations.', 8, 5),
(561, 'Understand agreed codes of behaviour which help groups of people work together.\nPeople work together (For example, while queuing in a supermarket)', 8, 5),
(562, 'Support others in behaving appropriately', 8, 5),
(563, 'Show a basic understanding of what is right and wrong in familiar situations.', 8, 5),
(564, 'Seek help when needed (For example, assistance in fastening their clothes)', 8, 5),
(565, 'Be sensitive to the needs and feelings of others and show respect for themselves and others.', 8, 5),
(566, 'Treat living things and their environment with care and concern.', 8, 5),
(567, 'Show a response to key words in context', 14, 14),
(568, 'Respond to prompts, questions, requests and instructions', 14, 14),
(569, 'Answer questions about a range of personal information', 14, 14),
(570, 'Listen to and follow narratives', 14, 14),
(571, 'Repeat words, signs and symbols', 14, 14),
(572, 'Make requests', 14, 14),
(573, 'Ask questions', 14, 14),
(574, 'Talk about events in the past present and future', 14, 14),
(575, 'Take part in one to one or group discussions', 14, 14),
(576, 'Take part in conversations or role play', 14, 14),
(577, 'Show a response to key words in context', 14, 15),
(578, 'Respond to prompts, questions, requests and instructions', 14, 15),
(579, 'Answer questions about a range of personal information', 14, 15),
(580, 'Listen to and follow narratives', 14, 15),
(581, 'Repeat words, signs and symbols', 14, 15),
(582, 'Make requests', 14, 15),
(583, 'Ask questions', 14, 15),
(584, 'Talk about  events in the past present and future', 14, 15),
(585, 'Take part in one to one or group discussions', 14, 15),
(586, 'Take part in conversations or role play', 14, 15),
(587, 'Show a response to key words in context', 14, 16),
(588, 'Respond to prompts, questions, requests and instructions', 14, 16),
(589, 'Answer questions about a range of personal information', 14, 16),
(590, 'Listen to and follow narratives', 14, 16),
(591, 'Repeat words, signs and symbols', 14, 16),
(592, 'Make requests', 14, 16),
(593, 'Ask questions', 14, 16),
(594, 'Talk about  events in the past present and future', 14, 16),
(595, 'Take part in one to one or group discussions', 14, 16),
(596, 'Take part in conversations or role play', 14, 16),
(597, 'Show a response to key words in context', 14, 17),
(598, 'Respond to prompts, questions, requests and instructions', 14, 17),
(599, 'Answer questions about a range of personal information', 14, 17),
(600, 'Listen to and follow narratives', 14, 17),
(601, 'Repeat words, signs and symbols', 14, 17),
(602, 'Make requests', 14, 17),
(603, 'Ask questions', 14, 17),
(604, 'Talk about  events in the past present and future', 14, 17),
(605, 'Take part in one to one or group discussions', 14, 17),
(606, 'Take part in conversations or role play', 14, 17),
(607, 'Show a response to key words in context', 14, 18),
(608, 'Respond to prompts, questions, requests and instructions', 14, 18),
(609, 'Answer questions about a range of personal information', 14, 18),
(610, 'Listen to and follow narratives', 14, 18),
(611, 'Repeat words, signs and symbols', 14, 18),
(612, 'Make requests', 14, 14),
(613, 'Ask questions', 14, 14),
(614, 'Talk about  events in the past present and future', 14, 14),
(615, 'Take part in one to one or group discussions', 14, 14),
(616, 'Take part in conversations or role play', 14, 14),
(617, 'Show a response to key words in context', 14, 19),
(618, 'Respond to prompts, questions, requests and instructions', 14, 19),
(619, 'Answer questions about a range of personal information', 14, 19),
(620, 'Listen to and follow narratives', 14, 19),
(621, 'Repeat words, signs and symbols', 14, 19),
(622, 'Make requests', 14, 19),
(623, 'Ask questions', 14, 19),
(624, 'Talk about  events in the past present and future', 14, 19),
(625, 'Take part in one to one or group discussions', 14, 19),
(626, 'Take part in conversations or role play', 14, 19),
(627, 'Show a response to key words in context', 14, 20),
(628, 'Respond to prompts, questions, requests and instructions', 14, 20),
(629, 'Answer questions about a range of personal information', 14, 20),
(630, 'Listen to and follow narratives', 14, 20),
(631, 'Repeat words, signs and symbols', 14, 20),
(632, 'Make requests', 14, 20),
(633, 'Ask questions', 14, 20),
(634, 'Talk about  events in the past present and future', 14, 20),
(635, 'Take part in one to one or group discussions', 14, 20),
(636, 'Take part in conversations or role play', 14, 20);
INSERT INTO `Statements` (`ID`, `StatementText`, `StrandID`, `LevelID`) VALUES
(637, 'Show a response to key words in context', 14, 21),
(638, 'Respond to prompts, questions, requests and instructions', 14, 21),
(639, 'Answer questions about a range of personal information', 14, 21),
(640, 'Listen to and follow narratives', 14, 21),
(641, 'Repeat words, signs and symbols', 14, 21),
(642, 'Make requests', 14, 21),
(643, 'Ask questions', 14, 21),
(644, 'Talk about  events in the past present and future', 14, 21),
(645, 'Take part in one to one or group discussions', 14, 21),
(646, 'Take part in conversations or role play', 14, 21),
(647, 'Show a response to key words in context', 14, 22),
(648, 'Respond to prompts, questions, requests and instructions', 14, 22),
(649, 'Answer questions about a range of personal information', 14, 22),
(650, 'Listen to and follow narratives', 14, 22),
(651, 'Repeat words, signs and symbols', 14, 22),
(652, 'Make requests', 14, 22),
(653, 'Ask questions', 14, 22),
(654, 'Talk about  events in the past present and future', 14, 22),
(655, 'Take part in one to one or group discussions', 14, 22),
(656, 'Take part in conversations or role play', 14, 22),
(657, 'Show a response to key words in context', 14, 23),
(658, 'Respond to prompts, questions, requests and instructions', 14, 23),
(659, 'Answer questions about a range of personal information', 14, 23),
(660, 'Listen to and follow narratives', 14, 23),
(661, 'Repeat words, signs and symbols', 14, 23),
(662, 'Make requests', 14, 23),
(663, 'Ask questions', 14, 23),
(664, 'Talk about  events in the past present and future', 14, 23),
(665, 'Take part in one to one or group discussions', 14, 23),
(666, 'Take part in conversations or role play', 14, 23),
(667, 'Handle and/or choose books, magazines or sensory stories', 13, 14),
(668, 'Express preferences about text', 13, 14),
(669, 'Listen and respond to a text', 13, 14),
(670, 'Communicate about people, characters, events and images  from the text', 13, 14),
(671, 'Distinguish between words, pictures and symbols', 13, 14),
(672, 'Understand that different texts have different purposes', 13, 14),
(673, 'Recognize that words are made from letters and together have a meaning', 13, 14),
(674, 'Match similar and identical objects, symbols signs and words', 13, 14),
(675, 'Recognize  letters of the alphabet by shape, name and sound', 13, 14),
(676, 'Recognize or read a small repertoire of familiar words or symbols which they meet in their daily life', 13, 14),
(677, 'Handle and/or choose books, magazines or sensory stories', 13, 15),
(678, 'Express preferences about text', 13, 15),
(679, 'Listen and respond to a text', 13, 15),
(680, 'Communicate about people, characters, events and images  from the text', 13, 15),
(681, 'Distinguish between words, pictures and symbols', 13, 15),
(682, 'Understand that different texts have different purposes', 13, 15),
(683, 'Recognize that words are made from letters and together have a meaning', 13, 15),
(684, 'Match similar and identical objects, symbols signs and words', 13, 15),
(685, 'Recognize  letters of the alphabet by shape, name and sound', 13, 15),
(686, 'Recognize or read a small repertoire of familiar words or symbols which they meet in their daily life', 13, 15),
(687, 'Handle and/or choose books, magazines or sensory stories', 13, 16),
(688, 'Express preferences about text', 13, 16),
(689, 'Listen and respond to a text', 13, 16),
(690, 'Communicate about people, characters, events and images  from the text', 13, 16),
(691, 'Distinguish between words, pictures and symbols', 13, 16),
(692, 'Understand that different texts have different purposes', 13, 16),
(693, 'Recognize that words are made from letters and together have a meaning', 13, 16),
(694, 'Match similar and identical objects, symbols signs and words', 13, 16),
(695, 'Recognize  letters of the alphabet by shape, name and sound', 13, 16),
(696, 'Recognize or read a small repertoire of familiar words or symbols which they meet in their daily life', 13, 16),
(697, 'Handle and/or choose books, magazines or sensory stories', 13, 17),
(698, 'Express preferences about text', 13, 17),
(699, 'Listen and respond to a text', 13, 17),
(700, 'Communicate about people, characters, events and images  from the text', 13, 17),
(701, 'Distinguish between words, pictures and symbols', 13, 17),
(702, 'Understand that different texts have different purposes', 13, 17),
(703, 'Recognize that words are made from letters and together have a meaning', 13, 17),
(704, 'Match similar and identical objects, symbols signs and words', 13, 17),
(705, 'Recognize  letters of the alphabet by shape, name and sound', 13, 17),
(706, 'Recognize or read a small repertoire of familiar words or symbols which they meet in their daily life', 13, 17),
(707, 'Handle and/or choose books, magazines or sensory stories', 13, 14),
(708, 'Express preferences about text', 13, 14),
(709, 'Listen and respond to a text', 13, 14),
(710, 'Communicate about people, characters, events and images  from the text', 13, 14),
(711, 'Distinguish between words, pictures and symbols', 13, 14),
(712, 'Understand that different texts have different purposes', 13, 14),
(713, 'Recognize that words are made from letters and together have a meaning', 13, 14),
(714, 'Match similar and identical objects, symbols signs and words', 13, 14),
(715, 'Recognize  letters of the alphabet by shape, name and sound', 13, 14),
(716, 'Recognize or read a small repertoire of familiar words or symbols which they meet in their daily life', 13, 14),
(717, 'Handle and/or choose books, magazines or sensory stories', 13, 19),
(718, 'Express preferences about text', 13, 19),
(719, 'Listen and respond to a text', 13, 19),
(720, 'Communicate about people, characters, events and images  from the text', 13, 19),
(721, 'Distinguish between words, pictures and symbols', 13, 19),
(722, 'Understand that different texts have different purposes', 13, 19),
(723, 'Recognize that words are made from letters and together have a meaning', 13, 19),
(724, 'Match similar and identical objects, symbols signs and words', 13, 19),
(725, 'Recognize  letters of the alphabet by shape, name and sound', 13, 19),
(726, 'Recognize or read a small repertoire of familiar words or symbols which they meet in their daily life', 13, 19),
(727, 'Handle and/or choose books, magazines or sensory stories', 13, 20),
(728, 'Express preferences about text', 13, 20),
(729, 'Listen and respond to a text', 13, 20),
(730, 'Communicate about people, characters, events and images  from the text', 13, 20),
(731, 'Distinguish between words, pictures and symbols', 13, 20),
(732, 'Understand that different texts have different purposes', 13, 20),
(733, 'Recognize that words are made from letters and together have a meaning', 13, 20),
(734, 'Match similar and identical objects, symbols signs and words', 13, 20),
(735, 'Recognize  letters of the alphabet by shape, name and sound', 13, 20),
(736, 'Recognize or read a small repertoire of familiar words or symbols which they meet in their daily life', 13, 20),
(737, 'Handle and/or choose books, magazines or sensory stories', 13, 21),
(738, 'Express preferences about text', 13, 21),
(739, 'Listen and respond to a text', 13, 21),
(740, 'Communicate about people, characters, events and images  from the text', 13, 21),
(741, 'Distinguish between words, pictures and symbols', 13, 21),
(742, 'Understand that different texts have different purposes', 13, 21),
(743, 'Recognize that words are made from letters and together have a meaning', 13, 21),
(744, 'Match similar and identical objects, symbols signs and words', 13, 21),
(745, 'Recognize  letters of the alphabet by shape, name and sound', 13, 21),
(746, 'Recognize or read a small repertoire of familiar words or symbols which they meet in their daily life', 13, 21),
(747, 'Handle and/or choose books, magazines or sensory stories', 13, 22),
(748, 'Express preferences about text', 13, 22),
(749, 'Listen and respond to a text', 13, 22),
(750, 'Communicate about people, characters, events and images  from the text', 13, 22),
(751, 'Distinguish between words, pictures and symbols', 13, 22),
(752, 'Understand that different texts have different purposes', 13, 22),
(753, 'Recognize that words are made from letters and together have a meaning', 13, 22),
(754, 'Match similar and identical objects, symbols signs and words', 13, 22),
(755, 'Recognize  letters of the alphabet by shape, name and sound', 13, 22),
(756, 'Recognize or read a small repertoire of familiar words or symbols which they meet in their daily life', 13, 22),
(757, 'Handle and/or choose books, magazines or sensory stories', 13, 23),
(758, 'Express preferences about text', 13, 23),
(759, 'Listen and respond to a text', 13, 23),
(760, 'Communicate about people, characters, events and images  from the text', 13, 23),
(761, 'Distinguish between words, pictures and symbols', 13, 23),
(762, 'Understand that different texts have different purposes', 13, 23),
(763, 'Recognize that words are made from letters and together have a meaning', 13, 23),
(764, 'Match similar and identical objects, symbols signs and words', 13, 23),
(765, 'Recognize  letters of the alphabet by shape, name and sound', 13, 23),
(766, 'Recognize or read a small repertoire of familiar words or symbols which they meet in their daily life', 13, 23),
(767, 'Show an awareness that marks and symbols can have meaning', 15, 14),
(768, 'Choose symbols/signs/words for use in personal writing', 15, 14),
(769, 'Use words/signs/symbols to label particular objects', 15, 14),
(770, 'Understand that images/signs/symbols and words convey information for different purposes', 15, 14),
(771, 'Make marks, symbols in their preferred means of communication', 15, 14),
(772, 'Write from left to right and from top to bottom', 15, 14),
(773, 'Produce letters or symbols related to their name', 15, 14),
(774, 'Form letters correctly and group them, leaving spaces between them', 15, 14),
(775, 'Sequence some letters, symbols, words from memory', 15, 14),
(776, 'Write short texts using images, signs, symbols, familiar words and letters to communicate meaning for different purposes', 15, 14),
(777, 'Show an awareness that marks and symbols can have meaning', 15, 15),
(778, 'Choose symbols/signs/words for use in personal writing', 15, 15),
(779, 'Use words/signs/symbols to label particular objects', 15, 15),
(780, 'Understand that images/signs/symbols and words convey information for different purposes', 15, 15),
(781, 'Make marks, symbols in their preferred means of communication', 15, 15),
(782, 'Write from left to right and from top to bottom', 15, 15),
(783, 'Produce letters or symbols related to their name', 15, 15),
(784, 'Form letters correctly and group them, leaving spaces between them', 15, 15),
(785, 'Sequence some letters, symbols, words from memory', 15, 15),
(786, 'Write short texts using images, signs, symbols, familiar words and letters to communicate meaning for different purposes', 15, 15),
(787, 'Show an awareness that marks and symbols can have meaning', 15, 16),
(788, 'Choose symbols/signs/words for use in personal writing', 15, 16),
(789, 'Use words/signs/symbols to label particular objects', 15, 16),
(790, 'Understand that images/signs/symbols and words convey information for different purposes', 15, 16),
(791, 'Make marks, symbols in their preferred means of communication', 15, 16),
(792, 'Write from left to right and from top to bottom', 15, 16),
(793, 'Produce letters or symbols related to their name', 15, 16),
(794, 'Form letters correctly and group them, leaving spaces between them', 15, 16),
(795, 'Sequence some letters, symbols, words from memory', 15, 16),
(796, 'Write short texts using images, signs, symbols, familiar words and letters to communicate meaning for different purposes', 15, 16),
(797, 'Show an awareness that marks and symbols can have meaning', 15, 17),
(798, 'Choose symbols/signs/words for use in personal writing', 15, 17),
(799, 'Use words/signs/symbols to label particular objects', 15, 17),
(800, 'Understand that images/signs/symbols and words convey information for different purposes', 15, 17),
(801, 'Make marks, symbols in their preferred means of communication', 15, 17),
(802, 'Write from left to right and from top to bottom', 15, 17),
(803, 'Produce letters or symbols related to their name', 15, 17),
(804, 'Form letters correctly and group them, leaving spaces between them', 15, 17),
(805, 'Sequence some letters, symbols, words from memory', 15, 17),
(806, 'Write short texts using images, signs, symbols, familiar words and letters to communicate meaning for different purposes', 15, 17),
(807, 'Show an awareness that marks and symbols can have meaning', 15, 14),
(808, 'Choose symbols/signs/words for use in personal writing', 15, 14),
(809, 'Use words/signs/symbols to label particular objects', 15, 14),
(810, 'Understand that images/signs/symbols and words convey information for different purposes', 15, 14),
(811, 'Make marks, symbols in their preferred means of communication', 15, 14),
(812, 'Write from left to right and from top to bottom', 15, 14),
(813, 'Produce letters or symbols related to their name', 15, 14),
(814, 'Form letters correctly and group them, leaving spaces between them', 15, 14),
(815, 'Sequence some letters, symbols, words from memory', 15, 14),
(816, 'Write short texts using images, signs, symbols, familiar words and letters to communicate meaning for different purposes', 15, 14),
(817, 'Show an awareness that marks and symbols can have meaning', 15, 19),
(818, 'Choose symbols/signs/words for use in personal writing', 15, 19),
(819, 'Use words/signs/symbols to label particular objects', 15, 19),
(820, 'Understand that images/signs/symbols and words convey information for different purposes', 15, 19),
(821, 'Make marks, symbols in their preferred means of communication', 15, 19),
(822, 'Write from left to right and from top to bottom', 15, 19),
(823, 'Produce letters or symbols related to their name', 15, 19),
(824, 'Form letters correctly and group them, leaving spaces between them', 15, 19),
(825, 'Sequence some letters, symbols, words from memory', 15, 19),
(826, 'Write short texts using images, signs, symbols, familiar words and letters to communicate meaning for different purposes', 15, 19),
(827, 'Show an awareness that marks and symbols can have meaning', 15, 20),
(828, 'Choose symbols/signs/words for use in personal writing', 15, 20),
(829, 'Use words/signs/symbols to label particular objects', 15, 20),
(830, 'Understand that images/signs/symbols and words convey information for different purposes', 15, 20),
(831, 'Make marks, symbols in their preferred means of communication', 15, 20),
(832, 'Write from left to right and from top to bottom', 15, 20),
(833, 'Produce letters or symbols related to their name', 15, 20),
(834, 'Form letters correctly and group them, leaving spaces between them', 15, 20),
(835, 'Sequence some letters, symbols, words from memory', 15, 20),
(836, 'Write short texts using images, signs, symbols, familiar words and letters to communicate meaning for different purposes', 15, 20),
(837, 'Show an awareness that marks and symbols can have meaning', 15, 21),
(838, 'Choose symbols/signs/words for use in personal writing', 15, 21),
(839, 'Use words/signs/symbols to label particular objects', 15, 21),
(840, 'Understand that images/signs/symbols and words convey information for different purposes', 15, 21),
(841, 'Make marks, symbols in their preferred means of communication', 15, 21),
(842, 'Write from left to right and from top to bottom', 15, 21),
(843, 'Produce letters or symbols related to their name', 15, 21),
(844, 'Form letters correctly and group them, leaving spaces between them', 15, 21),
(845, 'Sequence some letters, symbols, words from memory', 15, 21),
(846, 'Write short texts using images, signs, symbols, familiar words and letters to communicate meaning for different purposes', 15, 21),
(847, 'Show an awareness that marks and symbols can have meaning', 15, 22),
(848, 'Choose symbols/signs/words for use in personal writing', 15, 22),
(849, 'Use words/signs/symbols to label particular objects', 15, 22),
(850, 'Understand that images/signs/symbols and words convey information for different purposes', 15, 22),
(851, 'Make marks, symbols in their preferred means of communication', 15, 22),
(852, 'Write from left to right and from top to bottom', 15, 22),
(853, 'Produce letters or symbols related to their name', 15, 22),
(854, 'Form letters correctly and group them, leaving spaces between them', 15, 22),
(855, 'Sequence some letters, symbols, words from memory', 15, 22),
(856, 'Write short texts using images, signs, symbols, familiar words and letters to communicate meaning for different purposes', 15, 22),
(857, 'Show an awareness that marks and symbols can have meaning', 15, 23),
(858, 'Choose symbols/signs/words for use in personal writing', 15, 23),
(859, 'Use words/signs/symbols to label particular objects', 15, 23),
(860, 'Understand that images/signs/symbols and words convey information for different purposes', 15, 23),
(861, 'Make marks, symbols in their preferred means of communication', 15, 23),
(862, 'Write from left to right and from top to bottom', 15, 23),
(863, 'Produce letters or symbols related to their name', 15, 23),
(864, 'Form letters correctly and group them, leaving spaces between them', 15, 23),
(865, 'Sequence some letters, symbols, words from memory', 15, 23),
(866, 'Write short texts using images, signs, symbols, familiar words and letters to communicate meaning for different purposes', 15, 23),
(867, 'Connect the use of a switch to the action it causes', 12, 14),
(868, 'Use switches in a variety of tools to effect different actions', 12, 14),
(869, 'Access information relevant to them individually on the internet, from a CD Rom or from a DVD.', 12, 14),
(870, 'Recognise and use on-screen symbols and images', 12, 14),
(871, 'Demonstrate a response to auditory/visual stimuli', 12, 14),
(872, 'Use a touch screen or concept keyboard', 12, 14),
(873, 'Confirm a choice by pressing an option button (e.g. Cash at an ATM)', 12, 14),
(874, 'Input a PIN number', 12, 14),
(875, 'Input information into a document in the form of words, symbols or pictures', 12, 14),
(876, 'Send and receive emails and/or text messages', 12, 14),
(877, 'Connect the use of a switch to the action it causes', 12, 15),
(878, 'Use switches in a variety of tools to effect different actions', 12, 15),
(879, 'Access information relevant to them individually on the internet, from a CD Rom or from a DVD.', 12, 15),
(880, 'Recognise and use on-screen symbols and images', 12, 15),
(881, 'Demonstrate a response to auditory/visual stimuli', 12, 15),
(882, 'Use a touch screen or concept keyboard', 12, 15),
(883, 'Confirm a choice by pressing an option button (e.g. Cash at an ATM)', 12, 15),
(884, 'Input a PIN number', 12, 15),
(885, 'Input information into a document in the form of words, symbols or pictures', 12, 15),
(886, 'Send and receive emails and/or text messages', 12, 15),
(887, 'Connect the use of a switch to the action it causes', 12, 16),
(888, 'Use switches in a variety of tools to effect different actions', 12, 16),
(889, 'Access information relevant to them individually on the internet, from a CD Rom or from a DVD.', 12, 16),
(890, 'Recognise and use on-screen symbols and images', 12, 16),
(891, 'Demonstrate a response to auditory/visual stimuli', 12, 16),
(892, 'Use a touch screen or concept keyboard', 12, 16),
(893, 'Confirm a choice by pressing an option button (e.g. Cash at an ATM)', 12, 16),
(894, 'Input a PIN number', 12, 16),
(895, 'Input information into a document in the form of words, symbols or pictures', 12, 16),
(896, 'Send and receive emails and/or text messages', 12, 16),
(897, 'Connect the use of a switch to the action it causes', 12, 17),
(898, 'Use switches in a variety of tools to effect different actions', 12, 17),
(899, 'Access information relevant to them individually on the internet, from a CD Rom or from a DVD.', 12, 17),
(900, 'Recognise and use on-screen symbols and images', 12, 17),
(901, 'Demonstrate a response to auditory/visual stimuli', 12, 17),
(902, 'Use a touch screen or concept keyboard', 12, 17),
(903, 'Confirm a choice by pressing an option button (e.g. Cash at an ATM)', 12, 17),
(904, 'Input a PIN number', 12, 17),
(905, 'Input information into a document in the form of words, symbols or pictures', 12, 17),
(906, 'Send and receive emails and/or text messages', 12, 17),
(907, 'Connect the use of a switch to the action it causes', 12, 14),
(908, 'Use switches in a variety of tools to effect different actions', 12, 18),
(909, 'Access information relevant to them individually on the internet, from a CD Rom or from a DVD.', 12, 18),
(910, 'Recognise and use on-screen symbols and images', 12, 18),
(911, 'Demonstrate a response to auditory/visual stimuli', 12, 18),
(912, 'Use a touch screen or concept keyboard', 12, 18),
(913, 'Confirm a choice by pressing an option button (e.g. Cash at an ATM)', 12, 18),
(914, 'Input a PIN number', 12, 18),
(915, 'Input information into a document in the form of words, symbols or pictures', 12, 18),
(916, 'Send and receive emails and/or text messages', 12, 18),
(917, 'Connect the use of a switch to the action it causes', 12, 19),
(918, 'Use switches in a variety of tools to effect different actions', 12, 19),
(919, 'Access information relevant to them individually on the internet, from a CD Rom or from a DVD.', 12, 19),
(920, 'Recognise and use on-screen symbols and images', 12, 19),
(921, 'Demonstrate a response to auditory/visual stimuli', 12, 19),
(922, 'Use a touch screen or concept keyboard', 12, 19),
(923, 'Confirm a choice by pressing an option button (e.g. Cash at an ATM)', 12, 19),
(924, 'Input a PIN number', 12, 19),
(925, 'Input information into a document in the form of words, symbols or pictures', 12, 19),
(926, 'Send and receive emails and/or text messages', 12, 19),
(927, 'Connect the use of a switch to the action it causes', 12, 20),
(928, 'Use switches in a variety of tools to effect different actions', 12, 20),
(929, 'Access information relevant to them individually on the internet, from a CD Rom or from a DVD.', 12, 20),
(930, 'Recognise and use on-screen symbols and images', 12, 20),
(931, 'Demonstrate a response to auditory/visual stimuli', 12, 20),
(932, 'Use a touch screen or concept keyboard', 12, 20),
(933, 'Confirm a choice by pressing an option button (e.g. Cash at an ATM)', 12, 20),
(934, 'Input a PIN number', 12, 20),
(935, 'Input information into a document in the form of words, symbols or pictures', 12, 20),
(936, 'Send and receive emails and/or text messages', 12, 20),
(937, 'Connect the use of a switch to the action it causes', 12, 21),
(938, 'Use switches in a variety of tools to effect different actions', 12, 21),
(939, 'Access information relevant to them individually on the internet, from a CD Rom or from a DVD.', 12, 21),
(940, 'Recognise and use on-screen symbols and images', 12, 21),
(941, 'Demonstrate a response to auditory/visual stimuli', 12, 21),
(942, 'Use a touch screen or concept keyboard', 12, 21),
(943, 'Confirm a choice by pressing an option button (e.g. Cash at an ATM)', 12, 21),
(944, 'Input a PIN number', 12, 21),
(945, 'Input information into a document in the form of words, symbols or pictures', 12, 21),
(946, 'Send and receive emails and/or text messages', 12, 21),
(947, 'Connect the use of a switch to the action it causes', 12, 22),
(948, 'Use switches in a variety of tools to effect different actions', 12, 22),
(949, 'Access information relevant to them individually on the internet, from a CD Rom or from a DVD.', 12, 22),
(950, 'Recognise and use on-screen symbols and images', 12, 22),
(951, 'Demonstrate a response to auditory/visual stimuli', 12, 22),
(952, 'Use a touch screen or concept keyboard', 12, 22),
(953, 'Confirm a choice by pressing an option button (e.g. Cash at an ATM)', 12, 22),
(954, 'Input a PIN number', 12, 22),
(955, 'Input information into a document in the form of words, symbols or pictures', 12, 22),
(956, 'Send and receive emails and/or text messages', 12, 22),
(957, 'Connect the use of a switch to the action it causes', 12, 23),
(958, 'Use switches in a variety of tools to effect different actions', 12, 23),
(959, 'Access information relevant to them individually on the internet, from a CD Rom or from a DVD.', 12, 23),
(960, 'Recognise and use on-screen symbols and images', 12, 23),
(961, 'Demonstrate a response to auditory/visual stimuli', 12, 23),
(962, 'Use a touch screen or concept keyboard', 12, 23),
(963, 'Confirm a choice by pressing an option button (e.g. Cash at an ATM)', 12, 23),
(964, 'Input a PIN number', 12, 23),
(965, 'Input information into a document in the form of words, symbols or pictures', 12, 23),
(966, 'Send and receive emails and/or text messages', 12, 23),
(967, 'Show an interest in counting and other number activities', 18, 14),
(968, 'Join in rote counting to 10', 18, 14),
(969, 'Recognise, identify and use numerals 1-5', 18, 14),
(970, 'Add and subtract single-digit numbers to 10', 18, 14),
(971, 'Use ordinal numbers 1st  5th when describing position', 18, 14),
(972, 'Rote count onwards from a given small number', 18, 14),
(973, 'Compare 2 single-digit numbers saying which is more or less', 18, 14),
(974, 'Recognise the symbols or concept +, - and = and understand how they are applied', 18, 14),
(975, 'Relate numbers to collections of objects to 5', 18, 14),
(976, 'Apply counting activities in familiar contexts (e.g. setting out cups at break time)', 18, 14),
(977, 'Show an interest in counting and other number activities', 18, 15),
(978, 'Join in rote counting to 10', 18, 15),
(979, 'Recognise, identify and use numerals 1-5', 18, 15),
(980, 'Add and subtract single-digit numbers to 10', 18, 15),
(981, 'Use ordinal numbers 1st  5th when describing position', 18, 15),
(982, 'Rote count onwards from a given small number', 18, 15),
(983, 'Compare 2 single-digit numbers saying which is more or less', 18, 15),
(984, 'Recognise the symbols or concept +, - and = and understand how they are applied', 18, 15),
(985, 'Relate numbers to collections of objects to 5', 18, 15),
(986, 'Apply counting activities in familiar contexts (e.g. setting out cups at break time)', 18, 15),
(987, 'Show an interest in counting and other number activities', 18, 16),
(988, 'Join in rote counting to 10', 18, 16),
(989, 'Recognise, identify and use numerals 1-5', 18, 16),
(990, 'Add and subtract single-digit numbers to 10', 18, 16),
(991, 'Use ordinal numbers 1st  5th when describing position', 18, 16),
(992, 'Rote count onwards from a given small number', 18, 16),
(993, 'Compare 2 single-digit numbers saying which is more or less', 18, 16),
(994, 'Recognise the symbols or concept +, - and = and understand how they are applied', 18, 16),
(995, 'Relate numbers to collections of objects to 5', 18, 16),
(996, 'Apply counting activities in familiar contexts (e.g. setting out cups at break time)', 18, 16),
(997, 'Show an interest in counting and other number activities', 18, 17),
(998, 'Join in rote counting to 10', 18, 17),
(999, 'Recognise, identify and use numerals 1-5', 18, 17),
(1000, 'Add and subtract single-digit numbers to 10', 18, 17),
(1001, 'Use ordinal numbers 1st  5th when describing position', 18, 17),
(1002, 'Rote count onwards from a given small number', 18, 17),
(1003, 'Compare 2 single-digit numbers saying which is more or less', 18, 17),
(1004, 'Recognise the symbols or concept +, - and = and understand how they are applied', 18, 17),
(1005, 'Relate numbers to collections of objects to 5', 18, 17),
(1006, 'Apply counting activities in familiar contexts (e.g. setting out cups at break time)', 18, 17),
(1007, 'Show an interest in counting and other number activities', 18, 18),
(1008, 'Join in rote counting to 10', 18, 18),
(1009, 'Recognise, identify and use numerals 1-5', 18, 18),
(1010, 'Add and subtract single-digit numbers to 10', 18, 18),
(1011, 'Use ordinal numbers 1st  5th when describing position', 18, 18),
(1012, 'Rote count onwards from a given small number', 18, 18),
(1013, 'Compare 2 single-digit numbers saying which is more or less', 18, 18),
(1014, 'Recognise the symbols or concept +, - and = and understand how they are applied', 18, 18),
(1015, 'Relate numbers to collections of objects to 5', 18, 18),
(1016, 'Apply counting activities in familiar contexts (e.g. setting out cups at break time)', 18, 18),
(1017, 'Show an interest in counting and other number activities', 18, 19),
(1018, 'Join in rote counting to 10', 18, 19),
(1019, 'Recognise, identify and use numerals 1-5', 18, 19),
(1020, 'Add and subtract single-digit numbers to 10', 18, 19),
(1021, 'Use ordinal numbers 1st  5th when describing position', 18, 19),
(1022, 'Rote count onwards from a given small number', 18, 19),
(1023, 'Compare 2 single-digit numbers saying which is more or less', 18, 19),
(1024, 'Recognise the symbols or concept +, - and = and understand how they are applied', 18, 19),
(1025, 'Relate numbers to collections of objects to 5', 18, 19),
(1026, 'Apply counting activities in familiar contexts (e.g. setting out cups at break time)', 18, 19),
(1027, 'Show an interest in counting and other number activities', 18, 20),
(1028, 'Join in rote counting to 10', 18, 20),
(1029, 'Recognise, identify and use numerals 1-5', 18, 20),
(1030, 'Add and subtract single-digit numbers to 10', 18, 20),
(1031, 'Use ordinal numbers 1st  5th when describing position', 18, 20),
(1032, 'Rote count onwards from a given small number', 18, 20),
(1033, 'Compare 2 single-digit numbers saying which is more or less', 18, 20),
(1034, 'Recognise the symbols or concept +, - and = and understand how they are applied', 18, 20),
(1035, 'Relate numbers to collections of objects to 5', 18, 20),
(1036, 'Apply counting activities in familiar contexts (e.g. setting out cups at break time)', 18, 20),
(1037, 'Show an interest in counting and other number activities', 18, 21),
(1038, 'Join in rote counting to 10', 18, 21),
(1039, 'Recognise, identify and use numerals 1-5', 18, 21),
(1040, 'Add and subtract single-digit numbers to 10', 18, 21),
(1041, 'Use ordinal numbers 1st  5th when describing position', 18, 21),
(1042, 'Rote count onwards from a given small number', 18, 21),
(1043, 'Compare 2 single-digit numbers saying which is more or less', 18, 21),
(1044, 'Recognise the symbols or concept +, - and = and understand how they are applied', 18, 21),
(1045, 'Relate numbers to collections of objects to 5', 18, 21),
(1046, 'Apply counting activities in familiar contexts (e.g. setting out cups at break time)', 18, 21),
(1047, 'Show an interest in counting and other number activities', 18, 22),
(1048, 'Join in rote counting to 10', 18, 22),
(1049, 'Recognise, identify and use numerals 1-5', 18, 22),
(1050, 'Add and subtract single-digit numbers to 10', 18, 22),
(1051, 'Use ordinal numbers 1st  5th when describing position', 18, 22),
(1052, 'Rote count onwards from a given small number', 18, 22),
(1053, 'Compare 2 single-digit numbers saying which is more or less', 18, 22),
(1054, 'Recognise the symbols or concept +, - and = and understand how they are applied', 18, 22),
(1055, 'Relate numbers to collections of objects to 5', 18, 22),
(1056, 'Apply counting activities in familiar contexts (e.g. setting out cups at break time)', 18, 22),
(1057, 'Show an interest in counting and other number activities', 18, 23),
(1058, 'Join in rote counting to 10', 18, 23),
(1059, 'Recognise, identify and use numerals 1-5', 18, 23),
(1060, 'Add and subtract single-digit numbers to 10', 18, 23),
(1061, 'Use ordinal numbers 1st  5th when describing position', 18, 23),
(1062, 'Rote count onwards from a given small number', 18, 23),
(1063, 'Compare 2 single-digit numbers saying which is more or less', 18, 23),
(1064, 'Recognise the symbols or concept +, - and = and understand how they are applied', 18, 23),
(1065, 'Relate numbers to collections of objects to 5', 18, 23),
(1066, 'Apply counting activities in familiar contexts (e.g. setting out cups at break time)', 18, 23),
(1067, 'Respond appropriately to simple vocabulary including big, small, long and short', 19, 14),
(1068, 'Identify, by testing, heavy and light items and large and small items from a collection of up to 10 items', 19, 14),
(1069, 'Identify the capacity of containers using simple vocabulary (e.g. full, empty, some in, some gone etc.)', 19, 14),
(1070, 'Respond appropriately to and use simple words, signs and symbols that describe quantity (e.g. more and less/fewer)', 19, 14),
(1071, 'Describe and compare differences in size, length and height where the difference is marked (bigger/ smaller, taller/shorter, longer etc.)', 19, 14),
(1072, 'Describe and compare differences in weight, capacity and volume where the difference is marked (heavier/lighter. Empty/full, holds more than/holds less than etc).', 19, 14),
(1073, 'Begin to show an understanding of the difference in 2D and 3D objects between measures of weight and measures of volume', 19, 14),
(1074, 'Recognise the names of the days of the week and significant times of the day', 19, 14),
(1075, 'Relate familiar events to the days of the week or significant times in the day', 19, 14),
(1076, 'Recognise and select coins up to 2.00 and notes up to 10.00', 19, 14),
(1077, 'Respond appropriately to simple vocabulary including big, small, long and short', 19, 15),
(1078, 'Identify, by testing, heavy and light items and large and small items from a collection of up to 10 items', 19, 15),
(1079, 'Identify the capacity of containers using simple vocabulary (e.g. full, empty, some in, some gone etc.)', 19, 15),
(1080, 'Respond appropriately to and use simple words, signs and symbols that describe quantity (e.g. more and less/fewer)', 19, 15),
(1081, 'Describe and compare differences in size, length and height where the difference is marked (bigger/ smaller, taller/shorter, longer etc.)', 19, 15),
(1082, 'Describe and compare differences in weight, capacity and volume where the difference is marked (heavier/lighter. Empty/full, holds more than/holds less than etc).', 19, 15),
(1083, 'Begin to show an understanding of the difference in 2D and 3D objects between measures of weight and measures of volume', 19, 15),
(1084, 'Recognise the names of the days of the week and significant times of the day', 19, 15),
(1085, 'Relate familiar events to the days of the week or significant times in the day', 19, 15),
(1086, 'Recognise and select coins up to 2.00 and notes up to 10.00', 19, 15),
(1087, 'Respond appropriately to simple vocabulary including big, small, long and short', 19, 16),
(1088, 'Identify, by testing, heavy and light items and large and small items from a collection of up to 10 items', 19, 16),
(1089, 'Identify the capacity of containers using simple vocabulary (e.g. full, empty, some in, some gone etc.)', 19, 16),
(1090, 'Respond appropriately to and use simple words, signs and symbols that describe quantity (e.g. more and less/fewer)', 19, 16),
(1091, 'Describe and compare differences in size, length and height where the difference is marked (bigger/ smaller, taller/shorter, longer etc.)', 19, 16),
(1092, 'Describe and compare differences in weight, capacity and volume where the difference is marked (heavier/lighter. Empty/full, holds more than/holds less than etc).', 19, 16),
(1093, 'Begin to show an understanding of the difference in 2D and 3D objects between measures of weight and measures of volume', 19, 16),
(1094, 'Recognise the names of the days of the week and significant times of the day', 19, 16),
(1095, 'Relate familiar events to the days of the week or significant times in the day', 19, 16),
(1096, 'Recognise and select coins up to 2.00 and notes up to 10.00', 19, 16),
(1097, 'Respond appropriately to simple vocabulary including big, small, long and short', 19, 17),
(1098, 'Identify, by testing, heavy and light items and large and small items from a collection of up to 10 items', 19, 17),
(1099, 'Identify the capacity of containers using simple vocabulary (e.g. full, empty, some in, some gone etc.)', 19, 17),
(1100, 'Respond appropriately to and use simple words, signs and symbols that describe quantity (e.g. more and less/fewer)', 19, 17),
(1101, 'Describe and compare differences in size, length and height where the difference is marked (bigger/ smaller, taller/shorter, longer etc.)', 19, 17),
(1102, 'Describe and compare differences in weight, capacity and volume where the difference is marked (heavier/lighter. Empty/full, holds more than/holds less than etc).', 19, 17),
(1103, 'Begin to show an understanding of the difference in 2D and 3D objects between measures of weight and measures of volume', 19, 17),
(1104, 'Recognise the names of the days of the week and significant times of the day', 19, 17),
(1105, 'Relate familiar events to the days of the week or significant times in the day', 19, 17),
(1106, 'Recognise and select coins up to 2.00 and notes up to 10.00', 19, 17),
(1107, 'Respond appropriately to simple vocabulary including big, small, long and short', 19, 18),
(1108, 'Identify, by testing, heavy and light items and large and small items from a collection of up to 10 items', 19, 18),
(1109, 'Identify the capacity of containers using simple vocabulary (e.g. full, empty, some in, some gone etc.)', 19, 18),
(1110, 'Respond appropriately to and use simple words, signs and symbols that describe quantity (e.g. more and less/fewer)', 19, 18),
(1111, 'Describe and compare differences in size, length and height where the difference is marked (bigger/ smaller, taller/shorter, longer etc.)', 19, 18),
(1112, 'Describe and compare differences in weight, capacity and volume where the difference is marked (heavier/lighter. Empty/full, holds more than/holds less than etc).', 19, 18),
(1113, 'Begin to show an understanding of the difference in 2D and 3D objects between measures of weight and measures of volume', 19, 18),
(1114, 'Recognise the names of the days of the week and significant times of the day', 19, 18),
(1115, 'Relate familiar events to the days of the week or significant times in the day', 19, 18),
(1116, 'Recognise and select coins up to 2.00 and notes up to 10.00', 19, 18),
(1117, 'Respond appropriately to simple vocabulary including big, small, long and short', 19, 19),
(1118, 'Identify, by testing, heavy and light items and large and small items from a collection of up to 10 items', 19, 19),
(1119, 'Identify the capacity of containers using simple vocabulary (e.g. full, empty, some in, some gone etc.)', 19, 19),
(1120, 'Respond appropriately to and use simple words, signs and symbols that describe quantity (e.g. more and less/fewer)', 19, 19),
(1121, 'Describe and compare differences in size, length and height where the difference is marked (bigger/ smaller, taller/shorter, longer etc.)', 19, 19),
(1122, 'Describe and compare differences in weight, capacity and volume where the difference is marked (heavier/lighter. Empty/full, holds more than/holds less than etc).', 19, 19),
(1123, 'Begin to show an understanding of the difference in 2D and 3D objects between measures of weight and measures of volume', 19, 19),
(1124, 'Recognise the names of the days of the week and significant times of the day', 19, 19),
(1125, 'Relate familiar events to the days of the week or significant times in the day', 19, 19),
(1126, 'Recognise and select coins up to 2.00 and notes up to 10.00', 19, 19),
(1127, 'Respond appropriately to simple vocabulary including big, small, long and short', 19, 20),
(1128, 'Identify, by testing, heavy and light items and large and small items from a collection of up to 10 items', 19, 20),
(1129, 'Identify the capacity of containers using simple vocabulary (e.g. full, empty, some in, some gone etc.)', 19, 20),
(1130, 'Respond appropriately to and use simple words, signs and symbols that describe quantity (e.g. more and less/fewer)', 19, 20),
(1131, 'Describe and compare differences in size, length and height where the difference is marked (bigger/ smaller, taller/shorter, longer etc.)', 19, 20),
(1132, 'Describe and compare differences in weight, capacity and volume where the difference is marked (heavier/lighter. Empty/full, holds more than/holds less than etc).', 19, 20),
(1133, 'Begin to show an understanding of the difference in 2D and 3D objects between measures of weight and measures of volume', 19, 20),
(1134, 'Recognise the names of the days of the week and significant times of the day', 19, 20),
(1135, 'Relate familiar events to the days of the week or significant times in the day', 19, 20),
(1136, 'Recognise and select coins up to 2.00 and notes up to 10.00', 19, 20),
(1137, 'Respond appropriately to simple vocabulary including big, small, long and short', 19, 21),
(1138, 'Identify, by testing, heavy and light items and large and small items from a collection of up to 10 items', 19, 21),
(1139, 'Identify the capacity of containers using simple vocabulary (e.g. full, empty, some in, some gone etc.)', 19, 21),
(1140, 'Respond appropriately to and use simple words, signs and symbols that describe quantity (e.g. more and less/fewer)', 19, 21),
(1141, 'Describe and compare differences in size, length and height where the difference is marked (bigger/ smaller, taller/shorter, longer etc.)', 19, 21),
(1142, 'Describe and compare differences in weight, capacity and volume where the difference is   marked (heavier/lighter. Empty/full, holds more than/holds less than etc).', 19, 21),
(1143, 'Begin to show an understanding of the difference in 2D and 3D objects between measures of weight and measures of volume', 19, 21),
(1144, 'Recognise the names of the days of the week and significant times of the day', 19, 21),
(1145, 'Relate familiar events to the days of the week or significant times in the day', 19, 21),
(1146, 'Recognise and select coins up to 2.00 and notes up to 10.00', 19, 21),
(1147, 'Respond appropriately to simple vocabulary including big, small, long and short', 19, 22),
(1148, 'Identify, by testing, heavy and light items and large and small items from a collection of up to 10 items', 19, 22),
(1149, 'Identify the capacity of containers using simple vocabulary (e.g. full, empty, some in, some gone etc.)', 19, 22),
(1150, 'Respond appropriately to and use simple words, signs and symbols that describe quantity (e.g. more and less/fewer)', 19, 22),
(1151, 'Describe and compare differences in size, length and height where the difference is marked (bigger/ smaller, taller/shorter, longer etc.)', 19, 22),
(1152, 'Describe and compare differences in weight, capacity and volume where the difference is marked (heavier/lighter. Empty/full, holds more than/holds less than etc).', 19, 22),
(1153, 'Begin to show an understanding of the difference in 2D and 3D objects between measures of weight and measures of volume', 19, 22),
(1154, 'Recognise the names of the days of the week and significant times of the day', 19, 22),
(1155, 'Relate familiar events to the days of the week or significant times in the day', 19, 22),
(1156, 'Recognise and select coins up to 2.00 and notes up to 10.00', 19, 22),
(1157, 'Respond appropriately to simple vocabulary including big, small, long and short', 19, 23),
(1158, 'Identify, by testing, heavy and light items and large and small items from a collection of up to 10 items', 19, 23),
(1159, 'Identify the capacity of containers using simple vocabulary (e.g. full, empty, some in, some gone etc.)', 19, 23),
(1160, 'Respond appropriately to and use simple words, signs and symbols that describe quantity (e.g. more and less/fewer)', 19, 23),
(1161, 'Describe and compare differences in size, length and height where the difference is marked (bigger/ smaller, taller/shorter, longer etc.)', 19, 23),
(1162, 'Describe and compare differences in weight, capacity and volume where the difference is marked (heavier/lighter. Empty/full, holds more than/holds less than etc).', 19, 23),
(1163, 'Begin to show an understanding of the difference in 2D and 3D objects between measures of weight and measures of volume', 19, 23),
(1164, 'Recognise the names of the days of the week and significant times of the day', 19, 23),
(1165, 'Relate familiar events to the days of the week or significant times in the day', 19, 23),
(1166, 'Recognise and select coins up to 2.00 and notes up to 10.00', 19, 23),
(1167, 'Search for objects in their usual place', 21, 14),
(1168, 'Understand object permanence (i.e. that an object still exists when it cant be observed  e.g. it is hidden under a cloth or is in another room)', 21, 14),
(1169, 'Investigate position through activities such as lining up objects', 21, 14),
(1170, 'Respond appropriately to simple words, signs and symbols that describe position (in, out, on)', 21, 14),
(1171, 'Use familiar signs, symbols or words to describe position (inside, outside, above, below, front and back)', 21, 14),
(1172, 'Respond appropriately to and apply simple position  vocabulary', 21, 14),
(1173, 'Demonstrate an interest in position and the relationship between objects', 21, 14),
(1174, 'Respond appropriately to activities involving direction of movement (towards, backwards, up and down)', 21, 14),
(1175, 'Use simple signs, symbols or words to describe direction of movement (towards, backwards, up and down)', 21, 14),
(1176, 'Respond appropriately to and apply simple statements about direction of movement', 21, 14),
(1177, 'Search for objects in their usual place', 21, 15),
(1178, 'Understand object permanence (i.e. that an object still exists when it cant be observed  e.g. it is hidden under a cloth or is in another room)', 21, 15),
(1179, 'Investigate position through activities such as lining up objects', 21, 15),
(1180, 'Respond appropriately to simple words, signs and symbols that describe position (in, out, on)', 21, 15),
(1181, 'Use familiar signs, symbols or words to describe position (inside, outside, above, below, front and back)', 21, 15),
(1182, 'Respond appropriately to and apply simple position  vocabulary', 21, 15),
(1183, 'Demonstrate an interest in position and the relationship between objects', 21, 15),
(1184, 'Respond appropriately to activities involving direction of movement (towards, backwards, up and down)', 21, 15),
(1185, 'Use simple signs, symbols or words to describe direction of movement (towards, backwards, up and down)', 21, 15),
(1186, 'Respond appropriately to and apply simple statements about direction of movement', 21, 15),
(1187, 'Search for objects in their usual place', 21, 16),
(1188, 'Understand object permanence (i.e. that an object still exists when it cant be observed  e.g. it is hidden under a cloth or is in another room)', 21, 16),
(1189, 'Investigate position through activities such as lining up objects', 21, 16),
(1190, 'Respond appropriately to simple words, signs and symbols that describe position (in, out, on)', 21, 16),
(1191, 'Use familiar signs, symbols or words to describe position (inside, outside, above, below, front and back)', 21, 16),
(1192, 'Respond appropriately to and apply simple position  vocabulary', 21, 16),
(1193, 'Demonstrate an interest in position and the relationship between objects', 21, 16),
(1194, 'Respond appropriately to activities involving direction of movement (towards, backwards, up and down)', 21, 16),
(1195, 'Use simple signs, symbols or words to describe direction of movement (towards, backwards, up and down)', 21, 16),
(1196, 'Respond appropriately to and apply simple statements about direction of movement', 21, 16),
(1197, 'Search for objects in their usual place', 21, 17),
(1198, 'Understand object permanence (i.e. that an object still exists when it cant be observed  e.g. it is hidden under a cloth or is in another room)', 21, 17),
(1199, 'Investigate position through activities such as lining up objects', 21, 17),
(1200, 'Respond appropriately to simple words, signs and symbols that describe position (in, out, on)', 21, 17),
(1201, 'Use familiar signs, symbols or words to describe position (inside, outside, above, below, front and back)', 21, 17),
(1202, 'Respond appropriately to and apply simple position  vocabulary', 21, 17),
(1203, 'Demonstrate an interest in position and the relationship between objects', 21, 17),
(1204, 'Respond appropriately to activities involving direction of movement (towards, backwards, up and down)', 21, 17),
(1205, 'Use simple signs, symbols or words to describe direction of movement (towards, backwards, up and down)', 21, 17),
(1206, 'Respond appropriately to and apply simple statements about direction of movement', 21, 17),
(1207, 'Search for objects in their usual place', 21, 18),
(1208, 'Understand object permanence (i.e. that an object still exists when it cant be observed  e.g. it is hidden under a cloth or is in another room)', 21, 18),
(1209, 'Investigate position through activities such as lining up objects', 21, 18),
(1210, 'Respond appropriately to simple words, signs and symbols that describe position (in, out, on)', 21, 18),
(1211, 'Use familiar signs, symbols or words to describe position (inside, outside, above, below, front and back)', 21, 18),
(1212, 'Respond appropriately to and apply simple position  vocabulary', 21, 18),
(1213, 'Demonstrate an interest in position and the relationship between objects', 21, 18),
(1214, 'Respond appropriately to activities involving direction of movement (towards, backwards, up and down)', 21, 18),
(1215, 'Use simple signs, symbols or words to describe direction of movement (towards, backwards, up and down)', 21, 18),
(1216, 'Respond appropriately to and apply simple statements about direction of movement', 21, 18),
(1217, 'Search for objects in their usual place', 21, 19),
(1218, 'Understand object permanence (i.e. that an object still exists when it cant be observed  e.g. it is hidden under a cloth or is in another room)', 21, 19),
(1219, 'Investigate position through activities such as lining up objects', 21, 19),
(1220, 'Respond appropriately to simple words, signs and symbols that describe position (in, out, on)', 21, 19),
(1221, 'Use familiar signs, symbols or words to describe position (inside, outside, above, below, front and back)', 21, 19),
(1222, 'Respond appropriately to and apply simple position  vocabulary', 21, 19),
(1223, 'Demonstrate an interest in position and the relationship between objects', 21, 19),
(1224, 'Respond appropriately to activities involving direction of movement (towards, backwards, up and down)', 21, 19),
(1225, 'Use simple signs, symbols or words to describe direction of movement (towards, backwards, up and down)', 21, 19);
INSERT INTO `Statements` (`ID`, `StatementText`, `StrandID`, `LevelID`) VALUES
(1226, 'Respond appropriately to and apply simple statements about direction of movement', 21, 19),
(1227, 'Search for objects in their usual place', 21, 20),
(1228, 'Understand object permanence (i.e. that an object still exists when it cant be observed  e.g. it is hidden under a cloth or is in another room)', 21, 20),
(1229, 'Investigate position through activities such as lining up objects', 21, 20),
(1230, 'Respond appropriately to simple words, signs and symbols that describe position (in, out, on)', 21, 20),
(1231, 'Use familiar signs, symbols or words to describe position (inside, outside, above, below, front and back)', 21, 20),
(1232, 'Respond appropriately to and apply simple position  vocabulary', 21, 20),
(1233, 'Demonstrate an interest in position and the relationship between objects', 21, 20),
(1234, 'Respond appropriately to activities involving direction of movement (towards, backwards, up and down)', 21, 20),
(1235, 'Use simple signs, symbols or words to describe direction of movement (towards, backwards, up and down)', 21, 20),
(1236, 'Respond appropriately to and apply simple statements about direction of movement', 21, 20),
(1237, 'Search for objects in their usual place', 21, 21),
(1238, 'Understand object permanence (i.e. that an object still exists when it cant be observed  e.g. it is hidden under a cloth or is in another room)', 21, 21),
(1239, 'Investigate position through activities such as lining up objects', 21, 21),
(1240, 'Respond appropriately to simple words, signs and symbols that describe position (in, out, on)', 21, 21),
(1241, 'Use familiar signs, symbols or words to describe position (inside, outside, above, below, front and back)', 21, 21),
(1242, 'Respond appropriately to and apply simple position  vocabulary', 21, 21),
(1243, 'Demonstrate an interest in position and the relationship between objects', 21, 21),
(1244, 'Respond appropriately to activities involving direction of movement (towards, backwards, up and down)', 21, 21),
(1245, 'Use simple signs, symbols or words to describe direction of movement (towards, backwards, up and down)', 21, 21),
(1246, 'Respond appropriately to and apply simple statements about direction of movement', 21, 21),
(1247, 'Search for objects in their usual place', 21, 22),
(1248, 'Understand object permanence (i.e. that an object still exists when it cant be observed  e.g. it is hidden under a cloth or is in another room)', 21, 22),
(1249, 'Investigate position through activities such as lining up objects', 21, 22),
(1250, 'Respond appropriately to simple words, signs and symbols that describe position (in, out, on)', 21, 22),
(1251, 'Use familiar signs, symbols or words to describe position (inside, outside, above, below, front and back)', 21, 22),
(1252, 'Respond appropriately to and apply simple position  vocabulary', 21, 22),
(1253, 'Demonstrate an interest in position and the relationship between objects', 21, 22),
(1254, 'Respond appropriately to activities involving direction of movement (towards, backwards, up and down)', 21, 22),
(1255, 'Use simple signs, symbols or words to describe direction of movement (towards, backwards, up and down)', 21, 22),
(1256, 'Respond appropriately to and apply simple statements about direction of movement', 21, 22),
(1257, 'Search for objects in their usual place', 21, 23),
(1258, 'Understand object permanence (i.e. that an object still exists when it cant be observed  e.g. it is hidden under a cloth or is in another room)', 21, 23),
(1259, 'Investigate position through activities such as lining up objects', 21, 23),
(1260, 'Respond appropriately to simple words, signs and symbols that describe position (in, out, on)', 21, 23),
(1261, 'Use familiar signs, symbols or words to describe position (inside, outside, above, below, front and back)', 21, 23),
(1262, 'Respond appropriately to and apply simple position  vocabulary', 21, 23),
(1263, 'Demonstrate an interest in position and the relationship between objects', 21, 23),
(1264, 'Respond appropriately to activities involving direction of movement (towards, backwards, up and down)', 21, 23),
(1265, 'Use simple signs, symbols or words to describe direction of movement (towards, backwards, up and down)', 21, 23),
(1266, 'Respond appropriately to and apply simple statements about direction of movement', 21, 23),
(1267, 'With support, copy simple patterns', 16, 14),
(1268, 'With support, follow and repeat simple sequences of up to 3 steps', 16, 14),
(1269, 'Demonstrate an awareness in changes of shape, position and quantity', 16, 14),
(1270, 'Make simple equivalent and corresponding  sets (e.g. stack 2 chairs, match symbols to objects)', 16, 14),
(1271, 'Use simple representations or diagrams such as a number line for counting numbers up to 10', 16, 14),
(1272, 'Identify the odd one out in a familiar collection using a single given criterion', 16, 14),
(1273, 'Solve problems involving numbers up to 10', 16, 14),
(1274, 'Recognise, describe and create lists of up to 5 items ordered numerically, alphabetically, or by pattern/sequence', 16, 14),
(1275, 'Sort collections of up to 10 objects by a single criterion', 16, 14),
(1276, 'Estimate up to 10 objects/people and check by counting', 16, 14),
(1277, 'With support, copy simple patterns', 16, 15),
(1278, 'With support, follow and repeat simple sequences of up to 3 steps', 16, 15),
(1279, 'Demonstrate an awareness in changes of shape, position and quantity', 16, 15),
(1280, 'Make simple equivalent and corresponding  sets (e.g. stack 2 chairs, match symbols to objects)', 16, 15),
(1281, 'Use simple representations or diagrams such as a number line for counting numbers up to 10', 16, 15),
(1282, 'Identify the odd one out in a familiar collection using a single given criterion', 16, 15),
(1283, 'Solve problems involving numbers up to 10', 16, 15),
(1284, 'Recognise, describe and create lists of up to 5 items ordered numerically, alphabetically, or by pattern/sequence', 16, 15),
(1285, 'Sort collections of up to 10 objects by a single criterion', 16, 15),
(1286, 'Estimate up to 10 objects/people and check by counting', 16, 15),
(1287, 'With support, copy simple patterns', 16, 16),
(1288, 'With support, follow and repeat simple sequences of up to 3 steps', 16, 16),
(1289, 'Demonstrate an awareness in changes of shape, position and quantity', 16, 16),
(1290, 'Make simple equivalent and corresponding  sets (e.g. stack 2 chairs, match symbols to objects)', 16, 16),
(1291, 'Use simple representations or diagrams such as a number line for counting numbers up to 10', 16, 16),
(1292, 'Identify the odd one out in a familiar collection using a single given criterion', 16, 16),
(1293, 'Solve problems involving numbers up to 10', 16, 16),
(1294, 'Recognise, describe and create lists of up to 5 items ordered numerically, alphabetically, or by pattern/sequence', 16, 16),
(1295, 'Sort collections of up to 10 objects by a single criterion', 16, 16),
(1296, 'Estimate up to 10 objects/people and check by counting', 16, 16),
(1297, 'With support, copy simple patterns', 16, 17),
(1298, 'With support, follow and repeat simple sequences of up to 3 steps', 16, 17),
(1299, 'Demonstrate an awareness in changes of shape, position and quantity', 16, 17),
(1300, 'Make simple equivalent and corresponding  sets (e.g. stack 2 chairs, match symbols to objects)', 16, 17),
(1301, 'Use simple representations or diagrams such as a number line for counting numbers up to 10', 16, 17),
(1302, 'Identify the odd one out in a familiar collection using a single given criterion', 16, 17),
(1303, 'Solve problems involving numbers up to 10', 16, 17),
(1304, 'Recognise, describe and create lists of up to 5 items ordered numerically, alphabetically, or by pattern/sequence', 16, 17),
(1305, 'Sort collections of up to 10 objects by a single criterion', 16, 17),
(1306, 'Estimate up to 10 objects/people and check by counting', 16, 17),
(1307, 'With support, copy simple patterns', 16, 18),
(1308, 'With support, follow and repeat simple sequences of up to 3 steps', 16, 18),
(1309, 'Demonstrate an awareness in changes of shape, position and quantity', 16, 18),
(1310, 'Make simple equivalent and corresponding  sets (e.g. stack 2 chairs, match symbols to objects)', 16, 18),
(1311, 'Use simple representations or diagrams such as a number line for counting numbers up to 10', 16, 18),
(1312, 'Identify the odd one out in a familiar collection using a single given criterion', 16, 18),
(1313, 'Solve problems involving numbers up to 10', 16, 18),
(1314, 'Recognise, describe and create lists of up to 5 items ordered numerically, alphabetically, or by pattern/sequence', 16, 18),
(1315, 'Sort collections of up to 10 objects by a single criterion', 16, 18),
(1316, 'Estimate up to 10 objects/people and check by counting', 16, 18),
(1317, 'With support, copy simple patterns', 16, 19),
(1318, 'With support, follow and repeat simple sequences of up to 3 steps', 16, 19),
(1319, 'Demonstrate an awareness in changes of shape, position and quantity', 16, 19),
(1320, 'Make simple equivalent and corresponding  sets (e.g. stack 2 chairs, match symbols to objects)', 16, 19),
(1321, 'Use simple representations or diagrams such as a number line for counting numbers up to 10', 16, 19),
(1322, 'Identify the odd one out in a familiar collection using a single given criterion', 16, 19),
(1323, 'Solve problems involving numbers up to 10', 16, 19),
(1324, 'Recognise, describe and create lists of up to 5 items ordered numerically, alphabetically, or by pattern/sequence', 16, 19),
(1325, 'Sort collections of up to 10 objects by a single criterion', 16, 19),
(1326, 'Estimate up to 10 objects/people and check by counting', 16, 19),
(1327, 'With support, copy simple patterns', 16, 20),
(1328, 'With support, follow and repeat simple sequences of up to 3 steps', 16, 20),
(1329, 'Demonstrate an awareness in changes of shape, position and quantity', 16, 20),
(1330, 'Make simple equivalent and corresponding  sets (e.g. stack 2 chairs, match symbols to objects)', 16, 20),
(1331, 'Use simple representations or diagrams such as a number line for counting numbers up to 10', 16, 20),
(1332, 'Identify the odd one out in a familiar collection using a single given criterion', 16, 20),
(1333, 'Solve problems involving numbers up to 10', 16, 20),
(1334, 'Recognise, describe and create lists of up to 5 items ordered numerically, alphabetically, or by pattern/sequence', 16, 20),
(1335, 'Sort collections of up to 10 objects by a single criterion', 16, 20),
(1336, 'Estimate up to 10 objects/people and check by counting', 16, 20),
(1337, 'With support, copy simple patterns', 16, 21),
(1338, 'With support, follow and repeat simple sequences of up to 3 steps', 16, 21),
(1339, 'Demonstrate an awareness in changes of shape, position and quantity', 16, 21),
(1340, 'Make simple equivalent and corresponding  sets (e.g. stack 2 chairs, match symbols to objects)', 16, 21),
(1341, 'Use simple representations or diagrams such as a number line for counting numbers up to 10', 16, 21),
(1342, 'Identify the odd one out in a familiar collection using a single given criterion', 16, 21),
(1343, 'Solve problems involving numbers up to 10', 16, 21),
(1344, 'Recognise, describe and create lists of up to 5 items ordered numerically, alphabetically, or by pattern/sequence', 16, 21),
(1345, 'Sort collections of up to 10 objects by a single criterion', 16, 21),
(1346, 'Estimate up to 10 objects/people and check by counting', 16, 21),
(1347, 'With support, copy simple patterns', 16, 22),
(1348, 'With support, follow and repeat simple sequences of up to 3 steps', 16, 22),
(1349, 'Demonstrate an awareness in changes of shape, position and quantity', 16, 22),
(1350, 'Make simple equivalent and corresponding  sets (e.g. stack 2 chairs, match symbols to objects)', 16, 22),
(1351, 'Use simple representations or diagrams such as a number line for counting numbers up to 10', 16, 22),
(1352, 'Identify the odd one out in a familiar collection using a single given criterion', 16, 22),
(1353, 'Solve problems involving numbers up to 10', 16, 22),
(1354, 'Recognise, describe and create lists of up to 5 items ordered numerically, alphabetically, or by pattern/sequence', 16, 22),
(1355, 'Sort collections of up to 10 objects by a single criterion', 16, 22),
(1356, 'Estimate up to 10 objects/people and check by counting', 16, 22),
(1357, 'With support, copy simple patterns', 16, 23),
(1358, 'With support, follow and repeat simple sequences of up to 3 steps', 16, 23),
(1359, 'Demonstrate an awareness in changes of shape, position and quantity', 16, 23),
(1360, 'Make simple equivalent and corresponding  sets (e.g. stack 2 chairs, match symbols to objects)', 16, 23),
(1361, 'Use simple representations or diagrams such as a number line for counting numbers up to 10', 16, 23),
(1362, 'Identify the odd one out in a familiar collection using a single given criterion', 16, 23),
(1363, 'Solve problems involving numbers up to 10', 16, 23),
(1364, 'Recognise, describe and create lists of up to 5 items ordered numerically, alphabetically, or by pattern/sequence', 16, 23),
(1365, 'Sort collections of up to 10 objects by a single criterion', 16, 23),
(1366, 'Estimate up to 10 objects/people and check by counting', 16, 23),
(1367, 'Join in with stacking objects', 20, 14),
(1368, 'Understand that objects have names relating to shape', 20, 14),
(1369, 'Recognise and select 2D shapes from a given collection using familiar names', 20, 14),
(1370, 'Recognise and select 3D shapes from a given collection using familiar names', 20, 14),
(1371, 'Begin to show an understand that 3D shapes can be represented in 2D', 20, 14),
(1372, 'Recognise common 2D shapes and describe their attributes', 20, 14),
(1373, 'Recognise common 3D shapes and describe their attributes', 20, 14),
(1374, 'Identify and select shapes to make simple models', 20, 14),
(1375, 'Identify and select shapes to make simple pictures', 20, 14),
(1376, 'Identify and select shapes to make simple patterns', 20, 14),
(1377, 'Join in with stacking objects', 20, 15),
(1378, 'Understand that objects have names relating to shape', 20, 15),
(1379, 'Recognise and select 2D shapes from a given collection using familiar names', 20, 15),
(1380, 'Recognise and select 3D shapes from a given collection using familiar names', 20, 15),
(1381, 'Begin to show an understand that 3D shapes can be represented in 2D', 20, 15),
(1382, 'Recognise common 2D shapes and describe their attributes', 20, 15),
(1383, 'Recognise common 3D shapes and describe their attributes', 20, 15),
(1384, 'Identify and select shapes to make simple models', 20, 15),
(1385, 'Identify and select shapes to make simple pictures', 20, 15),
(1386, 'Identify and select shapes to make simple patterns', 20, 15),
(1387, 'Join in with stacking objects', 20, 16),
(1388, 'Understand that objects have names relating to shape', 20, 16),
(1389, 'Recognise and select 2D shapes from a given collection using familiar names', 20, 16),
(1390, 'Recognise and select 3D shapes from a given collection using familiar names', 20, 16),
(1391, 'Begin to show an understand that 3D shapes can be represented in 2D', 20, 16),
(1392, 'Recognise common 2D shapes and describe their attributes', 20, 16),
(1393, 'Recognise common 3D shapes and describe their attributes', 20, 16),
(1394, 'Identify and select shapes to make simple models', 20, 16),
(1395, 'Identify and select shapes to make simple pictures', 20, 16),
(1396, 'Identify and select shapes to make simple patterns', 20, 16),
(1397, 'Join in with stacking objects', 20, 17),
(1398, 'Understand that objects have names relating to shape', 20, 17),
(1399, 'Recognise and select 2D shapes from a given collection using familiar names', 20, 17),
(1400, 'Recognise and select 3D shapes from a given collection using familiar names', 20, 17),
(1401, 'Begin to show an understand that 3D shapes can be represented in 2D', 20, 17),
(1402, 'Recognise common 2D shapes and describe their attributes', 20, 17),
(1403, 'Recognise common 3D shapes and describe their attributes', 20, 17),
(1404, 'Identify and select shapes to make simple models', 20, 17),
(1405, 'Identify and select shapes to make simple pictures', 20, 17),
(1406, 'Identify and select shapes to make simple patterns', 20, 17),
(1407, 'Join in with stacking objects', 20, 18),
(1408, 'Understand that objects have names relating to shape', 20, 18),
(1409, 'Recognise and select 2D shapes from a given collection using familiar names', 20, 18),
(1410, 'Recognise and select 3D shapes from a given collection using familiar names', 20, 18),
(1411, 'Begin to show an understand that 3D shapes can be represented in 2D', 20, 18),
(1412, 'Recognise common 2D shapes and describe their attributes', 20, 18),
(1413, 'Recognise common 3D shapes and describe their attributes', 20, 18),
(1414, 'Identify and select shapes to make simple models', 20, 18),
(1415, 'Identify and select shapes to make simple pictures', 20, 18),
(1416, 'Identify and select shapes to make simple patterns', 20, 18),
(1417, 'Join in with stacking objects', 20, 19),
(1418, 'Understand that objects have names relating to shape', 20, 19),
(1419, 'Recognise and select 2D shapes from a given collection using familiar names', 20, 19),
(1420, 'Recognise and select 3D shapes from a given collection using familiar names', 20, 19),
(1421, 'Begin to show an understand that 3D shapes can be represented in 2D', 20, 19),
(1422, 'Recognise common 2D shapes and describe their attributes', 20, 19),
(1423, 'Recognise common 3D shapes and describe their attributes', 20, 19),
(1424, 'Identify and select shapes to make simple models', 20, 19),
(1425, 'Identify and select shapes to make simple pictures', 20, 19),
(1426, 'Identify and select shapes to make simple patterns', 20, 19),
(1427, 'Join in with stacking objects', 20, 20),
(1428, 'Understand that objects have names relating to shape', 20, 20),
(1429, 'Recognise and select 2D shapes from a given collection using familiar names', 20, 20),
(1430, 'Recognise and select 3D shapes from a given collection using familiar names', 20, 20),
(1431, 'Begin to show an understand that 3D shapes can be represented in 2D', 20, 20),
(1432, 'Recognise common 2D shapes and describe their attributes', 20, 20),
(1433, 'Recognise common 3D shapes and describe their attributes', 20, 20),
(1434, 'Identify and select shapes to make simple models', 20, 20),
(1435, 'Identify and select shapes to make simple pictures', 20, 20),
(1436, 'Identify and select shapes to make simple patterns', 20, 20),
(1437, 'Join in with stacking objects', 20, 21),
(1438, 'Understand that objects have names relating to shape', 20, 21),
(1439, 'Recognise and select 2D shapes from a given collection using familiar names', 20, 21),
(1440, 'Recognise and select 3D shapes from a given collection using familiar names', 20, 21),
(1441, 'Begin to show an understand that 3D shapes can be represented in 2D', 20, 21),
(1442, 'Recognise common 2D shapes and describe their attributes', 20, 21),
(1443, 'Recognise common 3D shapes and describe their attributes', 20, 21),
(1444, 'Identify and select shapes to make simple models', 20, 21),
(1445, 'Identify and select shapes to make simple pictures', 20, 21),
(1446, 'Identify and select shapes to make simple patterns', 20, 21),
(1447, 'Join in with stacking objects', 20, 22),
(1448, 'Understand that objects have names relating to shape', 20, 22),
(1449, 'Recognise and select 2D shapes from a given collection using familiar names', 20, 22),
(1450, 'Recognise and select 3D shapes from a given collection using familiar names', 20, 22),
(1451, 'Begin to show an understand that 3D shapes can be represented in 2D', 20, 22),
(1452, 'Recognise common 2D shapes and describe their attributes', 20, 22),
(1453, 'Recognise common 3D shapes and describe their attributes', 20, 22),
(1454, 'Identify and select shapes to make simple models', 20, 22),
(1455, 'Identify and select shapes to make simple pictures', 20, 22),
(1456, 'Identify and select shapes to make simple patterns', 20, 22),
(1457, 'Join in with stacking objects', 20, 23),
(1458, 'Understand that objects have names relating to shape', 20, 23),
(1459, 'Recognise and select 2D shapes from a given collection using familiar names', 20, 23),
(1460, 'Recognise and select 3D shapes from a given collection using familiar names', 20, 23),
(1461, 'Begin to show an understand that 3D shapes can be represented in 2D', 20, 23),
(1462, 'Recognise common 2D shapes and describe their attributes', 20, 23),
(1463, 'Recognise common 3D shapes and describe their attributes', 20, 23),
(1464, 'Identify and select shapes to make simple models', 20, 23),
(1465, 'Identify and select shapes to make simple pictures', 20, 23),
(1466, 'Identify and select shapes to make simple patterns', 20, 23),
(1467, 'Explore, handle and examine money', 17, 14),
(1468, 'Select the coin/note from a range of dissimilar items', 17, 14),
(1469, 'Select the coin from a range of similar shaped and textured items', 17, 14),
(1470, 'Select the note from a range of similar shaped and textured items', 17, 14),
(1471, 'Indicate places where money is used', 17, 14),
(1472, 'Indicate things you need money for', 17, 14),
(1473, 'Give examples of what money is used for', 17, 14),
(1474, 'Begin to show an understanding of the consequences of not having any money (e.g. you cant buy anything)', 17, 14),
(1475, 'Know they need to take money when shopping', 17, 14),
(1476, 'Select goods/services, produce and offer money at the appropriate time and place and wait for change as appropriate', 17, 14),
(1477, 'Explore, handle and examine money', 17, 15),
(1478, 'Select the coin/note from a range of dissimilar items', 17, 15),
(1479, 'Select the coin from a range of similar shaped and textured items', 17, 15),
(1480, 'Select the note from a range of similar shaped and textured items', 17, 15),
(1481, 'Indicate places where money is used', 17, 15),
(1482, 'Indicate things you need money for', 17, 15),
(1483, 'Give examples of what money is used for', 17, 15),
(1484, 'Begin to show an understanding of the consequences of not having any money (e.g. you cant buy anything)', 17, 15),
(1485, 'Know they need to take money when shopping', 17, 15),
(1486, 'Select goods/services, produce and offer money at the appropriate time and place and wait for change as appropriate', 17, 15),
(1487, 'Explore, handle and examine money', 17, 16),
(1488, 'Select the coin/note from a range of dissimilar items', 17, 16),
(1489, 'Select the coin from a range of similar shaped and textured items', 17, 16),
(1490, 'Select the note from a range of similar shaped and textured items', 17, 16),
(1491, 'Indicate places where money is used', 17, 16),
(1492, 'Indicate things you need money for', 17, 16),
(1493, 'Give examples of what money is used for', 17, 16),
(1494, 'Begin to show an understanding of the consequences of not having any money (e.g. you cant buy anything)', 17, 16),
(1495, 'Know they need to take money when shopping', 17, 16),
(1496, 'Select goods/services, produce and offer money at the appropriate time and place and wait for change as appropriate', 17, 16),
(1497, 'Explore, handle and examine money', 17, 17),
(1498, 'Select the coin/note from a range of dissimilar items', 17, 17),
(1499, 'Select the coin from a range of similar shaped and textured items', 17, 17),
(1500, 'Select the note from a range of similar shaped and textured items', 17, 17),
(1501, 'Indicate places where money is used', 17, 17),
(1502, 'Indicate things you need money for', 17, 17),
(1503, 'Give examples of what money is used for', 17, 17),
(1504, 'Begin to show an understanding of the consequences of not having any money (e.g. you cant buy anything)', 17, 17),
(1505, 'Know they need to take money when shopping', 17, 17),
(1506, 'Select goods/services, produce and offer money at the appropriate time and place and wait for change as appropriate', 17, 17),
(1507, 'Explore, handle and examine money', 17, 18),
(1508, 'Select the coin/note from a range of dissimilar items', 17, 18),
(1509, 'Select the coin from a range of similar shaped and textured items', 17, 18),
(1510, 'Select the note from a range of similar shaped and textured items', 17, 18),
(1511, 'Indicate places where money is used', 17, 18),
(1512, 'Indicate things you need money for', 17, 18),
(1513, 'Give examples of what money is used for', 17, 18),
(1514, 'Begin to show an understanding of the consequences of not having any money (e.g. you cant buy anything)', 17, 18),
(1515, 'Know they need to take money when shopping', 17, 18),
(1516, 'Select goods/services, produce and offer money at the appropriate time and place and wait for change as appropriate', 17, 18),
(1517, 'Explore, handle and examine money', 17, 19),
(1518, 'Select the coin/note from a range of dissimilar items', 17, 19),
(1519, 'Select the coin from a range of similar shaped and textured items', 17, 19),
(1520, 'Select the note from a range of similar shaped and textured items', 17, 19),
(1521, 'Indicate places where money is used', 17, 19),
(1522, 'Indicate things you need money for', 17, 19),
(1523, 'Give examples of what money is used for', 17, 19),
(1524, 'Begin to show an understanding of the consequences of not having any money (e.g. you cant buy anything)', 17, 19),
(1525, 'Know they need to take money when shopping', 17, 19),
(1526, 'Select goods/services, produce and offer money at the appropriate time and place and wait for change as appropriate', 17, 19),
(1527, 'Explore, handle and examine money', 17, 20),
(1528, 'Select the coin/note from a range of dissimilar items', 17, 20),
(1529, 'Select the coin from a range of similar shaped and textured items', 17, 20),
(1530, 'Select the note from a range of similar shaped and textured items', 17, 20),
(1531, 'Indicate places where money is used', 17, 20),
(1532, 'Indicate things you need money for', 17, 20),
(1533, 'Give examples of what money is used for', 17, 20),
(1534, 'Begin to show an understanding of the consequences of not having any money (e.g. you cant buy anything)', 17, 20),
(1535, 'Know they need to take money when shopping', 17, 20),
(1536, 'Select goods/services, produce and offer money at the appropriate time and place and wait for change as appropriate', 17, 20),
(1537, 'Explore, handle and examine money', 17, 21),
(1538, 'Select the coin/note from a range of dissimilar items', 17, 21),
(1539, 'Select the coin from a range of similar shaped and textured items', 17, 21),
(1540, 'Select the note from a range of similar shaped and textured items', 17, 21),
(1541, 'Indicate places where money is used', 17, 21),
(1542, 'Indicate things you need money for', 17, 21),
(1543, 'Give examples of what money is used for', 17, 21),
(1544, 'Begin to show an understanding of the consequences of not having any money (e.g. you cant buy anything)', 17, 21),
(1545, 'Know they need to take money when shopping', 17, 21),
(1546, 'Select goods/services, produce and offer money at the appropriate time and place and wait for change as appropriate', 17, 21),
(1547, 'Explore, handle and examine money', 17, 22),
(1548, 'Select the coin/note from a range of dissimilar items', 17, 22),
(1549, 'Select the coin from a range of similar shaped and textured items', 17, 22),
(1550, 'Select the note from a range of similar shaped and textured items', 17, 22),
(1551, 'Indicate places where money is used', 17, 22),
(1552, 'Indicate things you need money for', 17, 22),
(1553, 'Give examples of what money is used for', 17, 22),
(1554, 'Begin to show an understanding of the consequences of not having any money (e.g. you cant buy anything)', 17, 22),
(1555, 'Know they need to take money when shopping', 17, 22),
(1556, 'Select goods/services, produce and offer money at the appropriate time and place and wait for change as appropriate', 17, 22),
(1557, 'Explore, handle and examine money', 17, 23),
(1558, 'Select the coin/note from a range of dissimilar items', 17, 23),
(1559, 'Select the coin from a range of similar shaped and textured items', 17, 23),
(1560, 'Select the note from a range of similar shaped and textured items', 17, 23),
(1561, 'Indicate places where money is used', 17, 23),
(1562, 'Indicate things you need money for', 17, 23),
(1563, 'Give examples of what money is used for', 17, 23),
(1564, 'Begin to show an understanding of the consequences of not having any money (e.g. you cant buy anything)', 17, 23),
(1565, 'Know they need to take money when shopping', 17, 23),
(1566, 'Select goods/services, produce and offer money at the appropriate time and place and wait for change as appropriate', 17, 23),
(1567, 'Show an understanding of the sequence of the days of the week.', 4, 6),
(1568, 'Begin to understand coins have value (exchange).', 4, 6),
(1569, 'Sort, match and name common 2D shapes.', 4, 6),
(1570, 'Respond to the language of position', 4, 6),
(1571, 'Respond to the language of direction and movement including whole and half turns.', 4, 6),
(1572, 'Begin to measure objects using non-standard units of measurements.', 4, 6),
(1573, 'Compose objects directly focusing on one dimension where the difference is not marked.', 4, 6),
(1574, 'Recognise some coins.', 4, 6),
(1575, 'Show awareness of the language relating to times of the day. E.g. morning/afternoon', 4, 6),
(1576, 'Compare the capacity and volume of two objects where there is a marked difference.', 4, 6),
(1577, 'Compare the capacity & volume of two objects, where the difference is not marked.', 4, 7),
(1578, 'Sort, match & name common 3D shapes.', 4, 7),
(1579, 'Pay for items using coins combining two within 10p.', 4, 7),
(1580, 'Begin to recognise the names of the months of the year.', 4, 7),
(1581, 'Respond to the language of position, direction and movement, including whole & half turns.', 4, 7),
(1582, 'Compare and describe two objects directly.', 4, 7),
(1583, 'Compare the mass and weight of two objects.', 4, 7),
(1584, 'Use language relating to times of the day and days of the week.', 4, 7),
(1585, 'Recognise all coins.', 4, 7),
(1586, 'Begin to measure objects using standard units of measurements.', 4, 7),
(1587, 'Recognise and name common 2D shapes including; rectangles, squares, circles and triangles', 4, 8),
(1588, 'Recognise and name common 3D shapes including; cuboids, cubes, pyramids and spheres.', 4, 8),
(1589, 'Tell the time to the hour and  past and draw hands on a clock face to show these times.', 4, 8),
(1590, 'Sequence events in chronological order using language (E.g. before/after, next/first, and today/yesterday)', 4, 8),
(1591, 'Measure and begin to record the following; length and height, mass and weight, capacity and volume', 4, 8),
(1592, 'Measure and begin to record time (hours, minutes and seconds).', 4, 8),
(1593, 'Compare, describe and solve practical problems for lengths & heights, mass and weight, capacity and volume and time.', 4, 8),
(1594, 'Recognise and know the value of different denominations of coins and notes.', 4, 8),
(1595, 'Recognise and use language relating to dates including, days of the week, weeks, months and years.', 4, 8),
(1596, 'Describe position, direction and movement including whole, half quarter and three quarter turns', 4, 8),
(1597, 'Compare and order lengths, mass, volume/capacity and record results using < , > and =.', 4, 9),
(1598, 'Identify and describe the properties of 2D and 3D shapes, including the number of sides, symmetry in a vertical line, the number of edges, vertices and faces.', 4, 9),
(1599, 'Compare and sequence intervals of time.', 4, 9),
(1600, 'Solve simple problems in practical context.', 4, 9),
(1601, 'Choose and use appropriate standard units to estimate and measure length/height in any direction, mass, temperature and capacity to the nearest appropriate unit, using rulers, scales, thermometers and measuring vessels.', 4, 9),
(1602, 'Recognise and use symbols for pounds and pence; combine amounts to make particular value and match different money combinations of coins to equal the same amounts of money; add and subtract money of the same unit.', 4, 9),
(1603, 'Identify 2D shapes on the surface of 3D shapes for example a circle on a cylinder and a triangle on a pyramid.', 4, 9),
(1604, 'Tell and write the time to five minutes, including quarter past/to the hour and draw the hands on a clock face to show the time.', 4, 9),
(1605, 'Read relevant scales to the nearest numbered unit.', 4, 9),
(1606, 'Compare and sort common 2D and 3D shapes and everyday objects.', 4, 9),
(1607, 'Estimate a small number up to 20 and check by counting.', 5, 6),
(1608, 'Use ordinal numbers (1st-5th) in descending position of objects, people and events.', 5, 6),
(1609, 'Given a number  identify one more to 20 in a range of situations. E.g. objects, lines etc.', 5, 6),
(1610, 'Given a number  identify one less to 20 in a range of situations. E.g. objects, lines etc.', 5, 6),
(1611, 'Recognise numerals to 20.', 5, 6),
(1612, 'Read and write numerals to 10.', 5, 6),
(1613, 'Recognise most and least when identifying numbers of objects in a group.', 5, 6),
(1614, 'Count in multiples of 10 to 100.', 5, 6),
(1615, 'Join in role counting to 50', 5, 6),
(1616, 'Count forward and backwards to 20.', 5, 6),
(1617, 'Given a number  identify one more to 20 in a range of situations. E.g. objects, lines etc.', 5, 7),
(1618, 'Given a number  identify one less to 20 in a range of situations. E.g. objects, lines etc.', 5, 7),
(1619, 'Estimate a small number up to 50 and check by counting.', 5, 7),
(1620, 'Use ordinal numbers (1st-10th) in descending position of objects, people and events.', 5, 7),
(1621, 'Recognise most when identifying numerals.', 5, 7),
(1622, 'Recognise least when identifying numerals.', 5, 7),
(1623, 'Count in multiples of 5 to 100.', 5, 7),
(1624, 'Join in role counting to 100', 5, 7),
(1625, 'Count forward and backwards to 50.', 5, 7),
(1626, 'Recognise numerals to 50.', 5, 7),
(1627, 'Estimate a small number up to 100 and check by counting.', 5, 8),
(1628, 'Use ordinal numbers (1st-20th) in descending position of objects, people and events.', 5, 8),
(1629, 'Given a number (0-100) can identify one more.', 5, 8),
(1630, 'Given a number (0-100) can identify one less.', 5, 8),
(1631, 'Count to and across to 100, forwards and backwards, beginning with 0 or 1.', 5, 8),
(1632, 'Read and write numbers 1-20 in numerals and words', 5, 8),
(1633, 'Read and write numbers to 100 in numerals.', 5, 8),
(1634, 'Use language from most to least, and of equal to, more than, less than.', 5, 8),
(1635, 'Count in multiples of 2 to 100.', 5, 8),
(1636, 'Count in multiples of 2,5 or 10 from any multiple.', 5, 8),
(1637, 'Identify, represent and estimate numbers using different representatives, including the number line.', 5, 9),
(1638, 'Compare and order numbers 0-100', 5, 9),
(1639, 'Read and write numbers to 100 in numerals', 5, 9),
(1640, 'Read and write numbers to 100 in words', 5, 9),
(1641, 'Use place value and number facts to solve problems.', 5, 9),
(1642, 'Recognise the place value of each digit in a two digit number (tens, ones)', 5, 9),
(1643, 'Use the symbols of < > and =', 5, 9),
(1644, 'Count in steps of 2,3,5 from 0', 5, 9),
(1645, 'Count in steps of 10 from any number, forwards', 5, 9),
(1646, 'Count in steps of 10 from any number, backwards', 5, 9),
(1647, 'In practical situations share out groups of objects.', 7, 6),
(1648, 'Use repeated addition to solve practical problems.', 7, 6),
(1649, 'In practical situations share out groups of objects.', 7, 6),
(1650, 'Use repeated addition to solve practical problems.', 7, 6),
(1651, 'Combine two sets of objects to ten and count objects.', 7, 6),
(1652, 'In practical situations add one to any number to 10.', 7, 6),
(1653, 'In practical situations subtract one from any number to 10.', 7, 6),
(1654, 'Recognise + in the environment.', 7, 6),
(1655, 'Recognise - in the environment.', 7, 6),
(1656, 'Recognise = in the environment.', 7, 6),
(1657, 'Recognise, find and name a half as one of two equal parts of an object or shape.', 7, 7),
(1658, 'Recognise, find and name a quarter as one of four equal parts of an object or shape.', 7, 7),
(1659, 'Solve one step problems involving division, by calculating the answer using concrete objects', 7, 7),
(1660, 'Solve one step problems involving division, by calculating the answer using pictorial representation', 7, 7),
(1661, 'Solve one step problems involving multiplication by calculating the answer using concrete objects', 7, 7),
(1662, 'Solve one step problems involving multiplication by calculating the answer using pictorial representation', 7, 7),
(1663, 'Use number bonds to ten and related subtraction facts to 10.', 7, 7),
(1664, 'Solve one step problems that involve addition using concrete objects and pictorial representations.', 7, 7),
(1665, 'Solve one step problems that involve subtraction using concrete objects and pictorial representations.', 7, 7),
(1666, 'Begin to read, write and interpret statements involving addition and equals signs.', 7, 7),
(1667, 'Recognise, find and name a half as one of two equal parts of an object, shape and quantity.', 7, 8),
(1668, 'Recognise, find and name a quarter as one of four equal parts of an object, shape and quantity.', 7, 8),
(1669, 'Recognise, find and name a quarter as one of four equal parts of an object, shape and quantity.', 7, 8),
(1670, 'Solve one step problems, involving multiplication by calculating the answer using arrays.', 7, 8),
(1671, 'Represent and use number bonds to 20 and related subtractions facts.', 7, 8),
(1672, 'Solve one step missing number problems, such as 7 = - 9', 7, 8),
(1673, 'Read, write and interpret statements involving addition, subtraction and equals signs.', 7, 8),
(1674, 'Add one digit numbers including zero.', 7, 8),
(1675, 'Subtract one digit numbers including zero.', 7, 8),
(1676, 'Add and subtract two digit numbers to 20 including zero.', 7, 8),
(1677, 'Add and subtract numbers using concrete objects, pictorial representations, and mentally including: a two-digit number and ones, a two-digit number and tens, two-digit numbers and adding three one-digit numbers.  Show that addition of two numbers can be done in any order and subtraction of one number from another cannot.', 7, 9),
(1678, 'Calculate mathematical statements for multiplication and division and write them down using the multiplication, division and equals sign. Show that multiplication of two numbers can be done in any order and division of one number by another number cannot.', 7, 9),
(1679, 'Recognise, find, name and write fractions (, ) of a length, shape or set of objects and write simple fractions for example  of 6=3 and recognise the equivalence of 2/4 and .', 7, 9),
(1680, 'Solve problems with addition & subtraction using concrete objects and pictures and applying their increasing knowledge of mental and written methods.  including those involving numbers, quantities and measures. Recognise and use the inverse relationship between addition and subtraction and use this to check calculations and solve missing number problem', 7, 9),
(1681, 'Recall and use multiplication and division facts for 2,5 and 10 multiplication tables.', 7, 9),
(1682, 'Recall and use addition & subtraction facts to 20 fluently.', 7, 9),
(1683, 'Derive and use related facts up to 100', 7, 9),
(1684, 'Recognise odd and even numbers.', 7, 9),
(1685, 'Solve problems with addition & subtraction', 7, 9),
(1686, 'Solve problems involving multiplication and division using materials, arrays repeated addition, mental methods, and multiplication and division in facts.', 7, 9),
(1687, 'Listen to a wide range of poems at a level beyond that at which they can read independently.', 22, 6),
(1688, 'Listen to a wide range of stories at a level beyond that at which they can read independently.', 22, 6),
(1689, 'Listen to a wide range of non-fiction at a level beyond that at which they can read independently.', 22, 6),
(1690, 'When encouraged link what they read to their own experiences.', 22, 6),
(1691, 'When encouraged link what they hear to their own experiences.', 22, 6),
(1692, 'Participate in discussion about what is being read to them.', 22, 6),
(1693, 'Participate in discussion about what is being read to them.', 22, 6),
(1694, 'Be familiar with key stories', 22, 6),
(1695, 'Be familiar with fairy stories', 22, 6),
(1696, 'Be familiar with traditional tales', 22, 6),
(1697, 'Discuss a wide range of poems at a level beyond that at which they can read independently.', 22, 7),
(1698, 'Discuss a wide range of stories at a level beyond that at which they can read independently.', 22, 7),
(1699, 'Discuss a wide range of non-fiction at a level beyond that at which they can read independently.', 22, 7),
(1700, 'Join in with predictable phrases.', 22, 7),
(1701, 'Discuss word meanings.', 22, 7),
(1702, 'Take turns in discussions about what is being read to them.', 22, 7),
(1703, 'Listen to what others say in discussions.', 22, 7),
(1704, 'Draw on what they already know or on background information and vocabulary provided by the teacher.', 22, 7),
(1705, 'Start to predict what might happen on the basis of what has been read so far.', 22, 7),
(1706, 'Discuss the significance of the title and events.', 22, 7),
(1707, 'Learn to appreciate rhymes and recite some by heart.', 22, 8),
(1708, 'Learn to appreciate poems and recite some by heart.', 22, 8),
(1709, 'Retell stories and consider their particular themes/characteristics', 22, 8),
(1710, 'Retell traditional tales and consider their particular themes/characteristics', 22, 8),
(1711, 'Link new word meanings to those already known', 22, 8),
(1712, 'Explain clearly their understanding of what is being read to them.', 22, 8),
(1713, 'Make inferences on the basis of what is being said', 22, 8),
(1714, 'Make inferences on the basis of what is being done.', 22, 8),
(1715, 'Check that the text makes sense to them and correct inaccurate reading', 22, 8),
(1716, 'Check that the text makes sense to them and correct inaccurate reading', 22, 8),
(1717, 'Develop pleasure in reading', 22, 9),
(1718, 'Experience retelling a wider range of stories', 22, 9),
(1719, 'Discuss the sequence of events in books and how they are related', 22, 9),
(1720, 'Listen to, discuss and express views about a wide range of poetry, stories and non-fiction.', 22, 9),
(1721, 'Show understanding of books they have read and stories that are read to them.', 22, 9),
(1722, 'Recognise simple re-occurring literacy language.', 22, 9),
(1723, 'Build a repertoire of poems learnt by heart and recite them.', 22, 9),
(1724, 'Discuss and clarify the meaning of words and discuss their favourite words.', 22, 9),
(1725, 'Check that the text makes sense to them as they read.', 22, 9),
(1726, 'Answer and ask questions.', 22, 9),
(1727, 'Talk about matters of immediate interest.', 2, 6),
(1728, 'Talk about matters of immediate interest.', 2, 6),
(1729, 'Understand and respond appropriately to straight forward comments directed at them.', 2, 6),
(1730, 'Understand and respond appropriately to straight forward instructions directed at them.', 2, 6),
(1731, 'Follow what others say and usually respond appropriately.', 2, 6),
(1732, 'Convey simple meanings to a range of listeners.', 2, 6),
(1733, 'Convey simple meanings to a range of listeners.', 2, 6),
(1734, 'Speak audibly.', 2, 6),
(1735, 'Speak audibly.', 2, 6),
(1736, 'Begin to extend their ideas or accounts by providing some detail.', 2, 6),
(1737, 'Begin to show confidence in talking, particularly where the topic interests them.', 2, 7),
(1738, 'Begin to show confidence in listening, particularly where the topic interests them.', 2, 7),
(1739, 'On occasions, they show awareness of the needs of the listener by including relevant detail.', 2, 7),
(1740, 'In developing and explaining their ideas they speak clearly.', 2, 7),
(1741, 'In developing and explaining their ideas they speak clearly.', 2, 7),
(1742, 'In developing and explaining their ideas they use a growing vocabulary.', 2, 7),
(1743, 'In developing and explaining their ideas they use a growing vocabulary.', 2, 7),
(1744, 'Usually listen carefully and respond with increasing appropriateness to what others say.', 2, 7),
(1745, 'Beginning to be aware that in some situations a more formal vocabulary is used.', 2, 7),
(1746, 'Beginning to be aware that in some situations a more formal tone of voice is used.', 2, 7),
(1747, 'Talk confidently in different contexts, exploring and communicating ideas.', 2, 8),
(1748, 'Talk confidently in different contexts, exploring and communicating ideas.', 2, 8),
(1749, 'Listen confidently in different contexts, exploring and communicating ideas.', 2, 8),
(1750, 'Listen confidently in different contexts, exploring and communicating ideas.', 2, 8),
(1751, 'In discussion, show understanding of the main points.', 2, 8),
(1752, 'Through relevant comments, show they have listened carefully.', 2, 8),
(1753, 'Through relevant questions, show they have listened carefully.', 2, 8),
(1754, 'Begin to adapt what they say to the needs of the listener, varying the use of vocabulary', 2, 8),
(1755, 'Begin to adapt what they say to the needs of the listener, varying the level of detail.', 2, 8),
(1756, 'Is beginning to be aware of standard English and when it is used.', 2, 8),
(1757, 'Talk with confidence in an increasing range of contexts.', 2, 9),
(1758, 'Listen with confidence in an increasing range of contexts.', 2, 9),
(1759, 'Talk is adapted to the purpose developing ideas thoughtfully and describing events clearly.', 2, 9),
(1760, 'Talk is adapted to the purpose developing ideas thoughtfully and describing events clearly.', 2, 9),
(1761, 'Talk is adapted to the purpose, conveying their opinions clearly.', 2, 9),
(1762, 'Talk is adapted to the purpose, conveying their opinions clearly.', 2, 9),
(1763, 'Listen carefully in discussions, making contributions that are responsive to others ideas and views.', 2, 9),
(1764, 'Listen carefully in discussions, making contributions that are responsive to others ideas and views.', 2, 9),
(1765, 'Listen carefully in discussions, asking questions that are responsive to others ideas and views.', 2, 9),
(1766, 'Adapt their spoken language appropriately and use some of the features of standard English vocabulary and grammar.', 2, 9),
(1767, 'Increase the number of familiar words they can read.', 1, 6),
(1768, 'Increase the number of unfamiliar words they can read.', 1, 6),
(1769, 'Start to learn simple rhymes.', 1, 6),
(1770, 'Respond speedily with the correct sound graphemes for all 40+ phonemes.', 1, 6),
(1771, 'Know alternative sounds for graphemes', 1, 6),
(1772, 'Increase the number of familiar words they can read.', 1, 6),
(1773, 'Increase the number of unfamiliar words they can read.', 1, 6),
(1774, 'Start to learn simple rhymes.', 1, 6),
(1775, 'Respond speedily with the correct sound graphemes for all 40+ phonemes.', 1, 6),
(1776, 'Know alternative sounds for graphemes', 1, 6),
(1777, 'Read common exception words noticing unusual correspondences', 1, 7),
(1778, 'Read words containing more than one syllable.', 1, 7),
(1779, 'Read accurately by blending sounds.', 1, 7),
(1780, 'Apply phonic knowledge to read books aloud.', 1, 7),
(1781, 'Read words containing taught GPCs s', 1, 7),
(1782, 'Read words containing taught GPCs -  es', 1, 7),
(1783, 'Read words containing taught GPCs ing', 1, 7),
(1784, 'Read words containing taught GPCsed', 1, 7),
(1785, 'Read words containing taught GPCs er', 1, 7),
(1786, 'Read words containing taught GPCs est', 1, 7),
(1787, 'Read words with contractions like - Im, Ill, Well etc.', 1, 8),
(1788, 'Read words with contractions like  shouldnt, dont etc.', 1, 8),
(1789, 'Re-read books to build up their fluency', 1, 8),
(1790, 'Re-read books to build up their confidence.', 1, 8),
(1791, 'Read words containing common suffixes.', 1, 8),
(1792, 'Read words with contractions like - Im, Ill, Well etc.', 1, 8),
(1793, 'Read words with contractions like  shouldnt, dont etc.', 1, 8),
(1794, 'Re-read books to build up their fluency', 1, 8),
(1795, 'Re-read books to build up their confidence.', 1, 8),
(1796, 'Read words containing common suffixes.', 1, 8),
(1797, 'Read further common exception words, noticing spellings and sounds.', 1, 9),
(1798, 'Read accurately words containing two or more syllables.', 1, 9),
(1799, 'Read accurately by blending sounds including alternative sounds for graphemes.', 1, 9),
(1800, 'Continue to apply phonic knowledge to decode words until automatic decoding has become embedding.', 1, 9),
(1801, 'Read aloud books accurately', 1, 9),
(1802, 'Read further common exception words, noticing spellings and sounds.', 1, 9),
(1803, 'Read accurately words containing two or more syllables.', 1, 9),
(1804, 'Read accurately by blending sounds including alternative sounds for graphemes.', 1, 9),
(1805, 'Continue to apply phonic knowledge to decode words until automatic decoding has become embedding.', 1, 9),
(1806, 'Read aloud books accurately', 1, 9),
(1807, 'Sit correctly at a table, holding a pencil comfortably .and correctly.', 3, 6),
(1808, 'Form digits 0-9.', 3, 6),
(1809, 'Form lower case letters correctly.', 3, 6),
(1810, 'Practice handwriting families.', 3, 6),
(1811, 'Say out loud what they are going to write about.', 3, 6),
(1812, 'Use two key words to describe an object.', 3, 6),
(1813, 'Be aware of capital letters and full stops in writing.', 3, 6),
(1814, 'Spell words containing 10+ phonemes.', 3, 6),
(1815, 'Make a contribution to group writing activities when writing in different forms.', 3, 6),
(1816, 'Name the letters of the alphabet in order', 3, 6),
(1817, 'Form capital letters.', 3, 7),
(1818, 'Read their writing aloud to hear.', 3, 7),
(1819, 'With support, verbalise a simple sentence.', 3, 7),
(1820, 'With support, verbalise a simple sentence.', 3, 7),
(1821, 'With a prompt, use capital letters and full stops in their writing.', 3, 7),
(1822, 'To be aware of exclamation marks in writing', 3, 7),
(1823, 'To be aware of question marks in writing', 3, 7),
(1824, 'Spell words containing 20+ phonemes.', 3, 7),
(1825, 'Write common exception words.', 3, 7),
(1826, 'Use letter names to distinguish between alternative spellings of the same sound.', 3, 7),
(1827, 'Leave spaces between words.', 3, 8),
(1828, 'Re-read writing to make sure it makes sense.', 3, 8),
(1829, 'Compose sentences orally.', 3, 8),
(1830, 'Sequence sentences to form a narrative.', 3, 8),
(1831, 'Begin to punctuate sentences using capital letters, exclamation marks, full stops and question marks', 3, 8),
(1832, 'Spell words containing 40+ phonemes.', 3, 8),
(1833, 'To spell some common exception words.', 3, 8),
(1834, 'Write simple sentences dictated from a teacher.', 3, 8),
(1835, 'Add prefixes and suffixes.', 3, 8);
INSERT INTO `Statements` (`ID`, `StatementText`, `StrandID`, `LevelID`) VALUES
(1836, 'Apply simple spelling rules with guidance.', 3, 8),
(1837, 'Form lower-case letters of the correct size relative to one another, write capital letters and digits and leave appropriate spaces between words.', 3, 9),
(1838, 'Start using some of the diagonal and horizontal strikes needed to join letters and understand which letters, when adjacent to one another, are best left un-joined.', 3, 9),
(1839, 'Begin to use the possessive apostrophe', 3, 9),
(1840, 'Write narratives about personal experiences and those of others for different purposes', 3, 9),
(1841, 'Plan by writing down ideas and/or key words, including new vocabulary, and by saying what they are going to write about.', 3, 9),
(1842, 'Segment spoken words into phenomes and represent these by graphemes, spelling many correctly.', 3, 9),
(1843, 'Learn to spell more words with contracted forms and add suffixes to spell longer words.', 3, 9),
(1844, 'Apply spelling rules and spell common exception words.', 3, 9),
(1845, 'Distinguishing between homophones and near homophones', 3, 9),
(1846, 'Evaluate their writing with teacher and other pupils', 3, 9),
(1847, 'Form sentences', 23, 6),
(1848, 'Form sentences', 23, 6),
(1849, 'Use finger spaces', 23, 6),
(1850, 'Begin to use suffixing', 23, 6),
(1851, 'Begin to use regular plurals.', 23, 6),
(1852, 'Be aware of the use of capital letters', 23, 6),
(1853, 'Be aware of the use of capital letters', 23, 6),
(1854, 'Be aware of the use of full stops', 23, 6),
(1855, 'Be aware of the use of full stops', 23, 6),
(1856, 'Respond to grammatical terminology (capital letters, sentences, full stops)', 23, 6),
(1857, 'Use and to join sentences together', 23, 7),
(1858, 'Begin to join sentences to form a narrative', 23, 7),
(1859, 'Begin to join sentences to form a narrative', 23, 7),
(1860, 'Use plural nouns', 23, 7),
(1861, 'Use plural suffixes.', 23, 7),
(1862, 'Use question marks', 23, 7),
(1863, 'Use exclamation marks.', 23, 7),
(1864, 'Begin to use grammatical terminology (capital letters, sentences & full stops.)', 23, 7),
(1865, 'Use Capital letters for their name', 23, 7),
(1866, 'Use Capital letters for personal pronouns.', 23, 7),
(1867, 'Sequence sentences to form a narrative', 23, 8),
(1868, 'Sequence sentences to form a narrative', 23, 8),
(1869, 'Use suffixes', 23, 8),
(1870, 'Use plural nouns', 23, 8),
(1871, 'Use prefixes', 23, 8),
(1872, 'Begin to use capital letters in writing', 23, 8),
(1873, 'Begin to use full stops in writing', 23, 8),
(1874, 'Begin to use question marks in writing.', 23, 8),
(1875, 'Begin to use exclamation marks in writing', 23, 8),
(1876, 'Confidently use grammatical terminology.', 23, 8),
(1877, 'Use the present tense consistently and correctly including the progressive form.', 23, 9),
(1878, 'Use the past tense consistently and correctly including the progressive form.', 23, 9),
(1879, 'Use sentences with different forms  e.g statements and questions', 23, 9),
(1880, 'Use sentences with different forms  e.g. exclamations and commands', 23, 9),
(1881, 'Use subordination', 23, 9),
(1882, 'Use co-ordination', 23, 9),
(1883, 'Use some features of written standard English.', 23, 9),
(1884, 'Expand noun phrases to describe and specify.', 23, 9),
(1885, 'Use both familiar and new punctuation correctly (commas and apostrophes)', 23, 9),
(1886, 'Use and understand more complex grammatical terminology', 23, 9),
(1887, 'Pupils trace or overwrite horizontal movements.', 3, 2),
(1888, 'Name the main parts of the body', 8, 6),
(1889, 'Begin to share their views and opinions', 8, 6),
(1890, 'Know what keeps them healthy', 8, 6),
(1891, 'Cooperate with others', 8, 6),
(1892, 'Recognise that bullying is wrong and list some ways to get help in dealing with it', 8, 6),
(1893, 'Set themselves simple goals', 8, 6),
(1894, 'Recognise the effect of their behaviour on other people', 8, 6),
(1895, 'Describe ways of keeping safe in familiar situations', 8, 6),
(1896, 'Explain different ways that family and friends should care for one another', 8, 6),
(1897, 'Identify and name some feelings', 8, 6),
(1898, 'Explain ways of keeping clean', 8, 7),
(1899, 'Express their views confidently and listen to and show respect for the views of others', 8, 7),
(1900, 'Describe the nature and consequences of bullying, and express ways of responding to it', 8, 7),
(1901, 'Talk about the harmful aspects of some household products and medicines', 8, 7),
(1902, 'Make simple choices about some aspects of their health and well-being', 8, 7),
(1903, 'Explain that people grow from young to old', 8, 7),
(1904, 'Express some of their positive qualities', 8, 7),
(1905, 'Explain how their actions have consequences for themselves and others', 8, 7),
(1906, 'Demonstrate that they can manage some feelings in a positive and effective way', 8, 7),
(1907, 'Identify and respect differences and similarities between people', 8, 7),
(1908, 'Make choices about how to develop healthy lifestyles', 8, 8),
(1909, 'Discuss some of the bodily and emotional changes at puberty', 8, 8),
(1910, 'Discuss some of the bodily and emotional changes at puberty', 8, 8),
(1911, 'Demonstrate that they recognise their own worth and that of others', 8, 8),
(1912, 'Respond to, or challenge, negative behaviours such as stereotyping and aggression', 8, 8),
(1913, 'List the commonly available substances and drugs that are legal and illegal, and describe some of the effects and risks of these', 8, 8),
(1914, 'Identify and explain how to manage the risks in familiar situations', 8, 8),
(1915, 'Identify different types of relationship  and show ways to maintain good relationships', 8, 8),
(1916, 'Describe some of the different beliefs and values in society', 8, 8),
(1917, 'Describe some of the different beliefs and values in society', 8, 8),
(1918, 'I', 8, 8),
(1919, 'Identify some factors that affect emotional health and well-being', 8, 9),
(1920, 'Make judgements and decisions and list some ways of resisting negative peer pressure around issues affecting their health and well-being', 8, 9),
(1921, 'Identify positive ways to face new challenges', 8, 9),
(1922, 'Talk about a range of jobs, and explain how they will develop skills to work in the future', 8, 9),
(1923, 'Demonstrate how to look after and save money', 8, 9),
(1924, 'To listen to other people, and play and work cooperatively', 9, 6),
(1925, 'How to set simple goals\n How to set simple goals\n How to set simple goals', 9, 6),
(1926, 'To agree and follow rules for their group and classroom', 9, 6),
(1927, 'To understand how rules help them', 9, 6),
(1928, 'Know the names of the main parts of the body', 9, 6),
(1929, 'To recognise how their behaviour affects other people', 9, 6),
(1930, 'Ask for help (e.g. from family, friends, MSAs, the police.)', 9, 6),
(1931, 'Know about rules for, and ways of, keeping safe, including basic road safety', 9, 6),
(1932, 'Know about people who can help them to stay safe', 9, 6),
(1933, 'Understand that family and friends should care for each other', 9, 6),
(1934, 'Share their opinions on things that matter to them and explain their view', 9, 7),
(1935, 'Take part in discussions with one other person and the whole class', 9, 7),
(1936, 'Maintain personal hygiene \nMake simple choices that improve their health and wellbeing', 9, 7),
(1937, 'Know about the process of growing from young to old and how people''s needs change', 9, 7),
(1938, 'Know that there are different types of teasing and bullying, that bullying is wrong, and how to get help to deal with bullying', 9, 7),
(1939, 'Recognise what they like and dislike, what is fair and unfair, and what is right and wrong', 9, 7),
(1940, 'Know that all household products, including medicines, can be harmful if not used properly', 9, 7),
(1941, 'Realise that people and other living things have needs, and that they have responsibilities to meet them', 9, 7),
(1942, 'Identify and respect the differences and similarities between people', 9, 7),
(1943, 'To contribute to the life of the class and school', 9, 8),
(1944, 'Know about how the body changes as they approach puberty', 9, 8),
(1945, 'Realise that money comes from different sources and can be used for different purposes', 9, 8),
(1946, 'Know how some diseases spread and can be controlled', 9, 8),
(1947, 'Think about themselves, learn from their experiences and recognise what they are good at', 9, 8),
(1948, 'Recognise choices they can make, and recognise the difference between right and wrong', 9, 8),
(1949, 'Recognise, name and deal with their feelings in a positive way', 9, 8),
(1950, 'Know which commonly available substances and drugs are legal and illegal, their effects and risks', 9, 8),
(1951, 'Know what improves and harms their local, natural and built environments and about some of the ways people look after them', 9, 8),
(1952, 'Understand that they belong to various groups and communities, such as family and school', 9, 8),
(1953, 'Know what makes a healthy lifestyle, including the benefits of exercise and healthy eating', 9, 9),
(1954, 'Know what affects mental health, and how to make informed choices', 9, 9),
(1955, 'Know that bacteria and viruses can affect health and that following simple, safe routines can reduce their spread', 9, 9),
(1956, 'Know why and how rules and laws are made and enforced', 9, 9),
(1957, 'Know why different rules are needed in different situations and how to take part in making and changing rules', 9, 9),
(1958, 'Be aware of different types of relationship, including marriage and those between friends and families', 9, 9),
(1959, 'Develop the skills to be effective in relationships', 9, 9),
(1960, 'Think about the lives of people living in other places and times, and people with different values and customs', 9, 9),
(1961, 'Know that their actions affect themselves and others.', 9, 9),
(1962, 'Care about other people''s feelings and to try to see things from their point of view', 9, 9),
(1963, 'Sort objects into 2 groups according to shape', 7, 4),
(1964, 'Pupils talk and listen with confidence in an increasing range of contexts', 24, 10),
(1965, 'Their talk is adapted to the purpose', 24, 10),
(1966, 'Develop ideas thoughtfully and describe events clearly', 24, 10),
(1967, 'Conveying their opinions clearly', 24, 10),
(1968, 'Begin to vary their expression', 24, 10),
(1969, 'Begin to vary their vocabulary', 24, 10),
(1970, 'Listen carefully in discussions', 24, 10),
(1971, 'Ask questions that are responsive to others'' ideas and views', 24, 10),
(1972, 'Use some of the features of standard English vocabulary and grammar', 24, 10),
(1973, 'Adapt their talk to the demands of different contexts with increasing confidence', 24, 11),
(1974, 'Adapt their talk to the demands of different purposes with increasing confidence', 24, 11),
(1975, 'Adapt their talk to the demands of different audiences with increasing confidence', 24, 11),
(1976, 'Their talk engages the interest of the listener through the variety and liveliness of vocabulary', 24, 11),
(1977, 'Their talk engages the interest of the listener through the variety and liveliness of expression', 24, 11),
(1978, 'Take an active part in discussion', 24, 11),
(1979, 'Take different roles in discussions', 24, 11),
(1980, 'Show understanding of ideas and sensitivity to others', 24, 11),
(1981, 'Demonstrate their knowledge of language variety and usage effectively', 24, 11),
(1982, 'Use standard English fluently in formal situations', 24, 11),
(1983, 'Pupils are confident in matching their talk to the demands of different contexts, including those that are unfamiliar', 24, 12),
(1984, 'Use vocabulary in precise and creative ways', 24, 12),
(1985, 'Organise their talk to communicate clearly', 24, 12),
(1986, 'Make significant contributions to discussions, evaluating others'' ideas and varying how and when they participate', 24, 12),
(1987, 'Use standard English confidently in situations that require it', 24, 12),
(1988, 'Maintain and develop their talk purposefully in a range of contexts', 24, 13),
(1989, 'Structure what they say clearly using appropriate vocabulary', 24, 13),
(1990, 'Structure what they say clearly using appropriate intonation and emphasis', 24, 13),
(1991, 'Make a range of contributions that show they have listened perceptively and are sensitive to the development of discussions', 24, 13),
(1992, 'Use standard English confidently in a range of situations, adapting as necessary', 24, 13),
(1993, 'To read further excepton words and begin to understand', 1, 10),
(1994, 'Read 1/2 the root/prefix/suffixes (see word list)', 1, 10),
(1995, 'To read further exception words and begin to understand', 1, 10),
(1996, 'Read 1/2 the root/prefix/suffixes (see word list)', 1, 10),
(1997, 'To read furter exception words and begin to understand', 1, 10),
(1998, 'Read 1/2 the root/prefix/suffixes (see word list)', 1, 10),
(1999, 'To read furter exception words and begin to understand', 1, 10),
(2000, 'Read 1/2 the root/prefix/suffixes (see word list)', 1, 10),
(2001, 'To read furter exception words and begin to understand', 1, 10),
(2002, 'Read 1/2 the root/prefix/suffixes (see word list)', 1, 10),
(2003, 'To read and understand common exception words', 1, 11),
(2004, 'Read all root/prefix/suffixes (see word list)', 1, 11),
(2005, 'To read and understand common exception words', 1, 11),
(2006, 'Read all root/prefix/suffixes (see word list)', 1, 11),
(2007, 'To read and understand common exception words', 1, 11),
(2008, 'Read all root/prefix/suffixes (see word list)', 1, 11),
(2009, 'To read and understand common exception words', 1, 11),
(2010, 'Read all root/prefix/suffixes (see word list)', 1, 11),
(2011, 'To read and understand common exception words', 1, 11),
(2012, 'Read all root/prefix/suffixes (see word list)', 1, 11),
(2013, 'Apply their growing knowledge of root words, prefixes and suffixes (morphology etymology) as listed EA1 both to read aloud and to understand the meaning of new words that they meet', 1, 12),
(2014, 'Apply their growing knowledge of root words, prefixes and suffixes (morphology etymology) as listed EA1 both to read aloud and to understand the meaning of new words that they meet', 1, 12),
(2015, 'Apply their growing knowledge of root words, prefixes and suffixes (morphology etymology) as listed EA1 both to read aloud and to understand the meaning of new words that they meet', 1, 12),
(2016, 'Apply their growing knowledge of root words, prefixes and suffixes (morphology etymology) as listed EA1 both to read aloud and to understand the meaning of new words that they meet', 1, 12),
(2017, 'Apply their growing knowledge of root words, prefixes and suffixes (morphology etymology) as listed EA1 both to read aloud and to understand the meaning of new words that they meet', 1, 12),
(2018, 'Apply their growing knowledge of root words, prefixes and suffixes (morphology etymology) as listed EA1 both to read aloud and to understand the meaning of new words that they meet', 1, 12),
(2019, 'Apply their growing knowledge of root words, prefixes and suffixes (morphology etymology) as listed EA1 both to read aloud and to understand the meaning of new words that they meet', 1, 12),
(2020, 'Apply their growing knowledge of root words, prefixes and suffixes (morphology etymology) as listed EA1 both to read aloud and to understand the meaning of new words that they meet', 1, 12),
(2021, 'Apply their growing knowledge of root words, prefixes and suffixes (morphology etymology) as listed EA1 both to read aloud and to understand the meaning of new words that they meet', 1, 12),
(2022, 'Apply their growing knowledge of root words, prefixes and suffixes (morphology etymology) as listed EA1 both to read aloud and to understand the meaning of new words that they meet', 1, 12),
(2023, 'Pupils are confident in matching their talk to the demands of different contexts, including those that are unfamiliar', 24, 12),
(2024, 'Use vocabulary in precise and creative ways', 24, 12),
(2025, 'Organise their talk to communicate clearly', 24, 12),
(2026, 'Make significant contributions to discussions, evaluating others'' ideas and varying how and when they participate', 24, 12),
(2027, 'Use standard English confidently in situations that require it', 24, 12),
(2028, 'Maintain and develop their talk purposefully in a range of contexts', 24, 13),
(2029, 'Structure what they say clearly using appropriate vocabulary', 24, 13),
(2030, 'Structure what they say clearly using appropriate intonation and emphasis', 24, 13),
(2031, 'Make a range of contributions that show they have listened perceptively and are sensitive to the development of discussions', 24, 13),
(2032, 'Use standard English confidently in a range of situations, adapting as necessary', 24, 13),
(2033, 'Recite some stories', 22, 10),
(2034, 'Predict what might happen from details stated and implied', 22, 10),
(2035, 'Retrieve and record information from non-fiction books', 22, 10),
(2036, 'Listen to and discuss a wide range of books', 22, 10),
(2037, 'Read for a range or purposes', 22, 10),
(2038, 'Identify themes and connections in a wide range of books', 22, 10),
(2039, 'Use dictionaries to check meaning', 22, 10),
(2040, 'Ask questions to improve meaning of a text', 22, 10),
(2041, 'Discussing their understanding', 22, 10),
(2042, 'Explaining the meaning of words in context', 22, 10),
(2043, 'Prepare poems and plays to read aloud', 22, 11),
(2044, 'Recognise some different types of poetry e.g, free verse, narrative', 22, 11),
(2045, 'Draw inference e.g, characters'' feelings, thoughts and motives', 22, 11),
(2046, 'Identify how language contributes to meaning', 22, 11),
(2047, 'Identify how structure contributes to meaning', 22, 11),
(2048, 'Identify how presentation contributes to meaning', 22, 11),
(2049, 'Discuss words and phrases that capture the readers'' interest and imagination', 22, 11),
(2050, 'Identifying main ideas from one paragraph and summarise ideas', 22, 11),
(2051, 'Participate in group discussion on books they can read themselves', 22, 11),
(2052, 'Understand what they have read and what they can read independently', 22, 11),
(2053, 'Learning a wide range of poetry by heart', 22, 12),
(2054, 'Read books that are structured in different ways & read for a range of purposes', 22, 12),
(2055, 'Continue to read & discuss an increasingly wide range of fiction, poetry, plays, non-fiction & reference books or textbooks', 22, 12),
(2056, 'Increase familiarity with a wide range of books, myths/legends & traditional stories, modern fiction etc', 22, 12),
(2057, 'Identify and discuss themes & conventions across a wide range of writing', 22, 12),
(2058, 'Prepare poems & plays to read aloud & perform showing understanding through information, tone & volume so that the meaning is clear to the audience', 22, 12),
(2059, 'Recommend books read giving reasons for their choices', 22, 12),
(2060, 'Make comparisons within and across books', 22, 12),
(2061, 'Summarise the main ideas drawn from more than one paragraph, identifying key details that support the main ideas', 22, 12),
(2062, 'Ask questions to improve their understanding', 22, 12),
(2063, 'Explain & discuss their understanding of what they have read, including through formal presentations and debates, maintaining a focus on the topic & using notes where necessary', 22, 13),
(2064, 'Distinguish between statements of facts and opinions', 22, 13),
(2065, 'Retrieve, record and present information from non-fiction', 22, 13),
(2066, 'Provide reasoned justifications for their views', 22, 13),
(2067, 'Understand what they read by checking that the book makes sense to them discussing their understanding and explaining the meaning of the words in context', 22, 13),
(2068, 'Participate in discussions about books that are read to them and those they can read themselves', 22, 13),
(2069, 'Discuss and evaluate how authors use language including figurative language', 22, 13),
(2070, 'Consider the impact of the reader', 22, 13),
(2071, 'Dicuss inferences such as inferring characters'' feelings, thoughts and motives from their actions and justifying inferences from evidence', 22, 13),
(2072, 'Identify how language, structure and presentation contribute to meaning', 22, 13),
(2073, 'Know the school rules about health and safety, basic emergency aid procedures and where to get help.', 9, 10),
(2074, 'Know the school rulesabout basic first emergency aid procedures and where to get help.', 9, 10),
(2075, 'To talk and write about their opinions, and explain their views, on issues that affect themselves.', 9, 10),
(2076, 'To talk and write about their opinions, and explain their views, on issues that affect society.', 9, 10),
(2077, 'To recognise and challenge stereotypes.', 9, 10),
(2078, 'To look after their money and realise that future wants and needs may be met through saving.', 9, 10),
(2079, 'To recognise thir worth as individuals.', 9, 10),
(2080, 'Identify positive things about themselves and their achievements.', 9, 10),
(2081, 'Recognise their mistakes and makings amends.', 9, 10),
(2082, 'Setting personal goals.', 9, 10),
(2083, 'To recognise, as they approach puberty, how people''s emotions change at that time and how to deal with their feelings towards themselves, their family and others in a positive way.', 9, 11),
(2084, 'To face new challenges positively by collecting information, looking for help, making responsible choices, and taking action.', 9, 11),
(2085, 'To realise the nature and consequences of racism and how to respond to it and ask for help.', 9, 11),
(2086, 'To realise the nature and consequences of teasing and bullying, and how to respond to them and ask for help.', 9, 11),
(2087, 'To realise the nature and consequences of aggressive behaviours, and how to respond to them and ask for help.', 9, 11),
(2088, 'Know that pressure to behave in an unacceptable or risky way can come from a variety of sources, including people they know, and how to ask for help and use basic technniques for resisting pressure to do wrong.', 9, 11),
(2089, 'Know about the range of jobs carried out by people they know, and to understand how they can develop skills to make their own contribution in the future.', 9, 11),
(2090, 'Know where individuals, families and groups can get help and support.', 9, 11),
(2091, 'Know that there are different kinds of responsibilities, rights and duties at home, at school and in the community, and that these can sometimes conflict with each other.', 9, 11),
(2092, 'To recognise the different risks in different situations and then decide how to behave responsibly, including sensible road use, and judging what kind of physical contact is acceptable or unacceptable.', 9, 11),
(2093, 'To take part in a simple debate and topical issues.', 9, 12),
(2094, 'To realise the consequences of anti-social and aggressive behaviours, such as bullying and racism, on individuals and communities.', 9, 12),
(2095, 'To resolve differences by looking at alternatives, making decisions and explaining choices.', 9, 12),
(2096, 'To reflect on spiritual, moral, social and cultural issues, using imagination to understand other people''s experiences.', 9, 12),
(2097, 'That differences and similarities between people arise from a number of factors, including cultural, ethnic, racial and religious diversity, gender and disability.', 9, 12),
(2098, 'To take part in a simple debate about topical issues.', 9, 12),
(2099, 'To realise the consequences of anti-social and aggressive behaviours, such as bullying and racism, on individuals and communities.', 9, 12),
(2100, 'To resolve differences by looking at alternatives, making decisions and explaining choices.', 9, 12),
(2101, 'To reflect on spiritual, moral, social, and cultural issues, using imagination to understand other people''s experiences.', 9, 12),
(2102, 'That differences and similarities between people arise from a number of factors, including cultural, ethnic, racial and religious diversity, gender and disability.', 9, 12),
(2103, 'To research, discuss and debate topical issues, problems and events and explore how the media presents information.', 9, 13),
(2104, 'Know what democracy is, and about the basic institutions that support it locally and nationally.', 9, 13),
(2105, 'Know that resources can be allocated in different ways and that these economic choices affect individuals, communities and the sustainability of the environment.', 9, 13),
(2106, 'To appreciate the range of national, regional, religious and ethnic identities in the United Kingdom.', 9, 13),
(2107, 'To recognise the role of voluntary, community and pressure groups.', 9, 13),
(2108, 'To research, discuss and debate topical issues, problems and events and explore how the media presents information.', 9, 13),
(2109, 'Know that democracy is, and about the basic institutions that support it locally and nationally.', 9, 13),
(2110, 'Know that resources can be allocated in different ways and that these economic choices affect individuals, communities and the sustainability of the environment.', 9, 13),
(2111, 'To appreciate the range of national, regional, religious and ethnic identities in the United Kingdom.', 9, 13),
(2112, 'To recognise the role of voluntary, community and pressure groups.', 9, 13),
(2113, 'Explain how to stay physically healthy.', 8, 10),
(2114, 'Explain how to stay mentally healthy.', 8, 10),
(2115, 'Reflect on and evaluate their achievements in all areas of their lives and recognise their own worth.', 8, 10),
(2116, 'Reflect on and evaluate their strengths in all areas of their lives and recognise their own worth.', 8, 10),
(2117, 'Demonstrate respect for differences between people.', 8, 10),
(2118, 'Demonstrate respect for differences between people.', 8, 10),
(2119, 'State the basic facts and laws about alcohol.', 8, 10),
(2120, 'State the basic facts and laws about tobacco.', 8, 10),
(2121, 'State the basic facts and laws about legal drugs.', 8, 10),
(2122, 'State the basic facts and laws about illegal drugs.', 8, 10),
(2123, 'They can make informed choices to maintain their health and well-being, and can explain reasons for these choices.', 8, 11),
(2124, 'They can demonstrate effective ways of resisting negative pressure, including from their peers.', 8, 11),
(2125, 'They can assertively challenge prejudice and discrimination (for example that related to gender, race, disability, etc).', 8, 11),
(2126, 'They can discuss ways that relationships change over time.', 8, 11),
(2127, 'They can discuss ways to negotiate within relationships (for example agreeing a curfew time with a parent or carer).', 8, 11),
(2128, 'They can make informed choices to maintain their health and well-being, and can explain reasons for these choices.', 8, 11),
(2129, 'They can demonstrate effective ways of resisting negative pressure, including from their peers.', 8, 11),
(2130, 'They can assertively challenge prejudice and discrimination (for example that related to gender, race, disability etc).', 8, 11),
(2131, 'They can discuss ways that relationships change over time.', 8, 11),
(2132, 'They can discuss ways to negotiate within relationships (for example agreeing a curfew time with a parent or carer).', 8, 11),
(2133, 'They can recognise some strong emotions and identify ways of managing these emotions positively.', 8, 12),
(2134, 'They can demonstrate competency in managing their personal finances.', 8, 12),
(2135, 'Recognise difference and diversity (for example in culture, lifestyles, sexuality or relationships).', 8, 12),
(2136, 'Demonstrate understanding towards others who live their lives in different ways.', 8, 12),
(2137, 'Demonstrate empathy towards others who live their lives in different ways.', 8, 12),
(2138, 'They can recognise some strong emotions and identify ways of managing these emotions positively.', 8, 12),
(2139, 'They can demonstrate competency in managing their personal finances.', 8, 12),
(2140, 'Recognise difference and diversity (for example in culture, lifestyles, sexuality or relationships).', 8, 12),
(2141, 'Demonstrate understanding towards others who live their lives in different ways.', 8, 12),
(2142, 'Demonstrate empathy towards others who live their lives in different ways.', 8, 12),
(2143, 'They can assess the element of risk attached to making choices about healthy lifestyles.', 8, 13),
(2144, 'They can assess the element of risk attached to making choices about travel.', 8, 13),
(2145, 'They can assess the element of risk attached to making choices about personal safety and personal finances.', 8, 13),
(2146, 'They can plan realistic targets for key stage 4, and start relating career plans to qualifications and skills (for example in their choice of course options).', 8, 13),
(2147, 'They can recognise and discuss the importance of relationships to sexual activity (for example in terms of human reproduction, using contraception and sexually transmitted infections including HIV), and to marriage, parenthood and family life.', 8, 13),
(2148, 'They can assess the element of risk attached to making choices about healthy lifestyles.', 8, 13),
(2149, 'They can assess the element of risk attached to making choices about travel.', 8, 13),
(2150, 'They can assess the element of risk attached to making choices about personal safety and personal finances.', 8, 13),
(2151, 'They can plan realistic targets for key stage 4, and start relating career plans to qualifications and skills (for example in their choice of course options).', 8, 13),
(2152, 'They can recognise and discuss the importance of relationships to sexual activity (for example in terms of human reproduction, using contraception and sexually transmitted infections including HIV), and to marriage, parenthood and family life.', 8, 13),
(2153, 'Add and subtract numbers mentally including: a 3-digit number and ones, a 3-digit number and tens and a 3-digit number and hundreds. Add & subtract up to 3-digits, using formal methods of column or addition & subtraction.', 7, 10),
(2154, 'Estimate the answer to a calculation and use inverse operations to check answers.', 7, 10),
(2155, 'Solve problems, including missing number problems, using number facts, place value, and more complex & addition & subtraction.', 7, 10),
(2156, 'Recall and use multiplication and division facts for the 3,4 and 8 multiplication tables. Write and calculate mathematical statements for multiplication and division using the multiplication tables they know, including 2-digit numbers, 1-digit numbers, using progressively to formal written methods.', 7, 10),
(2157, 'Solve problems, including missing number problems, involving multiplication and division, including positive problems and correspondance problems in which objects arre connected to an object.', 7, 10),
(2158, 'Recognise, find and write fractions of a discreet set of objects. Recognise and use fractions as numbers, unit fractions or non-unit fractions.', 7, 10),
(2159, 'Recognise and show, using diagrams, equivalent fractions with small denominators.', 7, 10),
(2160, 'Add and subtract fractions within the same denomination within one whole.', 7, 10),
(2161, 'Compare and order unit fractions and fractions with the same denomination.', 7, 10),
(2162, 'Count up and down in tenths; recognise the tenths rise from dividing an object into ten equal parts and in dividing an object into ten equal parts.', 7, 10),
(2163, 'Add and subtract numbers with up to 4-digits using the efficient written methods of columnar addition and subtraction where appropriate. Solve addition and subtraction two-step problems in contexts, deciding which operations and methods to use and why.', 7, 11),
(2164, 'Multiply 2-digit/3-digit numbers by a 1-digit number using formal written layout. Use place value, known and derived facts to multiply and divide mentally. Recall multiplication and division facts for multiplication tables up to 12x12.', 7, 11),
(2165, 'Estimate and use inverse operations to check answers to a calculation.', 7, 11),
(2166, 'Solve problems involving multiplying and adding, including using  the distribute law and harder multiplication problems.', 7, 11),
(2167, 'Recognise and use factor pairs and commutativity in mental calculations.', 7, 11),
(2168, 'Add and subtract fractions with the same denominator. Identify, name and write equivalent fractions of a given fraction, including tenths anf hundredths.', 7, 11),
(2169, 'Count up and down in hundredths; recognise that hundredths arise when dividing an object by a hundred and dividing tenths by ten.', 7, 11),
(2170, 'Solve problems involving increasingly harder fractions to calculate quantities, and fractions to divide quantities, including non-unit fractions where the answer is a whole number. Solve simple measure and money problems involving fractions and decimals.', 7, 11),
(2171, 'Find the effects of dividing a one or two digit number by 10 & 100, identifying the value of the digits in the answer as units, tenths and hundredths.', 7, 11),
(2172, 'Round decimals with one decimal place to the nearest whole number. Recognise and write decimal eqivalents to any number of tenths or hundredths. Compare numbers with the same number of decimal places up to two decimal places.', 7, 11),
(2173, 'Solve problems involving numbers up to three decimal places. Solve problems involving multiplication and division, including simple fractions and problems involving simple rates. Multiply and divide numbers mentally drawing upon known facts.', 7, 12),
(2174, 'Recognise and use thousandths and relate them to tenths, hundredths and decimal equivalents. Round decimals with two decimal places to the nearest whole number and to one decimal place.', 7, 12),
(2175, 'Read and write decimal numbers as fractions. Read, write, order and compare numbers with up to three decimal places.', 7, 12),
(2176, 'Compare and order fractions whose denominators are all multiples of the same number. Add and subtract fractions with the same denominator related fractions; write mathematical statements as a mixed number.', 7, 12),
(2177, 'recognise mixed numbers and improper fractions and convert from one form to another. Multiply proper fractions and mixed numbers by whoe numbers, supported by material and diagrams.', 7, 12),
(2178, 'Recognise and use square numbers and cube numbers and the notation for squared anc cubed.', 7, 12),
(2179, 'Add and subtrat whole numbers with more than 4-digits, including using efficient written methods. Solve addition and subtraction multi-step problems in contexts, deciding which operations and methods to use and why. Use rounding to check answers to calculations and determine, in the context of a problem, levels of accuaracy. Add and subtract numbers mentally with increasingly large numbers.', 7, 12),
(2180, 'Establish whether a number up to 100 is prime and recall prime numbers up to 19. Know and use the vocabulary of prime numbers, prime factors and composite numbers.', 7, 12),
(2181, 'Identify multiples and factors, including finding all factor points.', 7, 12),
(2182, 'Solve problems involving multiplication and division where larger numbers are used by decomposing them into their factors. Multiply and divide whole numbers and those involving decimals by 10, 100, 000. Multiply numbers up to 4-digits by one or 2-digit numbers using an efficient written method including long multiplication.', 7, 12),
(2183, 'Identify the value of each digit to three decimal places and multiply and divide numbers by 10 where the answers are up to three decimal places.', 7, 13),
(2184, 'Identify  the value of each digit to three decimal places and multiply and divide numbers by 100 where the answers are up to three decimal places.', 7, 13),
(2185, 'Identify the value of each digit to three decimal places and multiply and divide numbers by 1000 where the answers are up to three decimal places.', 7, 13),
(2186, 'Compare and order fractions, including fractions <1.', 7, 13),
(2187, 'Add and subtract fractions with different denominators and mixed numbers, using the concept of equivalent fraction.', 7, 13),
(2188, 'Multiply simple pairs of proper fractions, writing the answer in its simplest form.', 7, 13),
(2189, 'Divide proper fractions by whole numbers.', 7, 13),
(2190, 'Associate a fraction with division to calculate decimal fraction equivalents for a simple fraction.', 7, 13),
(2191, 'Multiply one digit numbers with up to two decimal places by whole numbers.', 7, 13),
(2192, 'Use written division methods in cases where the answer has up to two decimal places.', 7, 13),
(2193, 'Count from 0 in multiples of 4.', 5, 10),
(2194, 'Count from 0 in multiples of 8.', 5, 10),
(2195, 'Count from 0 in multiples of 50.', 5, 10),
(2196, 'Count from 0 in multiples of 100.', 5, 10),
(2197, 'Recognise the place value of a 3-digit number.', 5, 10),
(2198, 'Begin to partition a 3-digit number.', 5, 10),
(2199, 'Read and write numbers to 1000 in words.', 5, 10),
(2200, 'Read and write numbers to 1000 in numerals.', 5, 10),
(2201, 'Solve number problems.', 5, 10),
(2202, 'Solve practical problems.', 5, 10),
(2203, 'Count backwards through 0 to include negative numbers.', 5, 11),
(2204, 'Count in multiples of 6.', 5, 11),
(2205, 'Count in multiples of 7.', 5, 11),
(2206, 'Count in multiples of 9.', 5, 11),
(2207, 'Count in multiples of 25.', 5, 11),
(2208, 'Count in multiples of 1000.', 5, 11),
(2209, 'Solve number problems that involve all of the above and with increasingly large positive numbers.', 5, 11),
(2210, 'Solve practical problems that involve all of the above and with increasingly large positive numbers.', 5, 11),
(2211, 'Recognise the value of each digit in a 4 digit number (1000,100,1).', 5, 11),
(2212, 'Read roman numerals to 100- know that overtime the numeral system has changed.', 5, 11),
(2213, 'Count forward in steps of 10 for any given number up to a million.', 5, 12),
(2214, 'Count backwards in steps of 10 for any given number up to a million.', 5, 12),
(2215, 'Count forwards with positive and negative whole numbers including through 0.', 5, 12),
(2216, 'Count backwards with positive and negative whole numbers including through 0.', 5, 12),
(2217, 'Interpret positive numbers in context.', 5, 12),
(2218, 'Solve number problems that involve all of the above.', 5, 12),
(2219, 'Solve practical problems that involve all of the above.', 5, 12),
(2220, 'Determine the value of each digit to a million.', 5, 12),
(2221, 'Read Roman numerals to 100 (M).', 5, 12),
(2222, 'Recognise years written in Roman numerals.', 5, 12),
(2223, 'Use negative numbers in context and calculate intervals cross 0.', 5, 13),
(2224, 'Use negative numbers in context and calculate intervals cross 0.', 5, 13),
(2225, 'Solves number problems using all of the above.', 5, 13),
(2226, 'Solves practical problems using all of the above.', 5, 13),
(2227, 'Solves number problems using all of the above.', 5, 13),
(2228, 'Solves practical problems using all of the above.', 5, 13),
(2229, 'Read numbers to 10 million and determine the value of each digit.', 5, 13),
(2230, 'write numbers to 10 million and determine the value of each digit.', 5, 13),
(2231, 'Order numbers to 10 million and determine the value of each digit.', 5, 13),
(2232, 'Compare numbers to 10 million and determine the value of each digit.', 5, 13),
(2233, 'Recognise angles as a property of shape and associate angles with turning.', 4, 10),
(2234, 'Measure the perimeter of simple 2D shapes.', 4, 10),
(2235, 'Add/subtract amounts of money to give chage, using both pound and pence in practical contexts.', 4, 10),
(2236, 'Tell and write the time from an analogue clock. Including using Roman numerals from I to XII, and 12-hour and 24-hour clocks.', 4, 10),
(2237, 'Identify right angles, recognise that two right angles make half-turn, three make three quarters of a turn and four a complete turn and identify whether angles are greater than or less than a right angle.', 4, 10),
(2238, 'Measure, compare, add and subtract lengths, mass, volume and capacity.', 4, 10),
(2239, 'Draw 2D shapes and make 3D shapes using modelling materials; recognise 3D shapes in different orientations; and describe them with increasing accuracy.', 4, 10),
(2240, 'Know the number of seconds in a minute and the number of days in each month.', 4, 10),
(2241, 'Estimate and read time with increasing accuaracy to the nearest minute; record and compare time in terms of seconds, minutes, hours and o''clock; use vocabulary such as am/pm, morning, afternoon, noon and midnight.', 4, 10),
(2242, 'Identify horizontal, vertical, perpendicular and parallel lines in relation to other lines.', 4, 10),
(2243, 'Describe movements between positions in translations of a given unit to left/right and up/down.', 4, 11),
(2244, 'Complete a simple symmetrical figure with respect to a specific line of symmetry and identify lines of symmetry in 2D shapes presented in different orientations.', 4, 11),
(2245, 'Read, write and convert time between analogue and digital 12-hour and 24-hour clocks.', 4, 11),
(2246, 'Convert between different units of measure (e.g. kilometre to metre, hour to minute) and solve problems converting time e.g. hours to minutes, minutes to seconds etc.', 4, 11),
(2247, 'Identify acute and obtuse angles and compare and order angles up to two right angles by size.', 4, 11),
(2248, 'Compare and classify geometric shapes, including quadrilaterals and triangles.', 4, 11),
(2249, 'Measure and calculate the perimeter of a rectilinear figure (including squares) in centimetres and metres.', 4, 11),
(2250, 'Estimate, compare and calculate different measures, including money.', 4, 11),
(2251, 'Describe positions on a 2D grid as coordinates in the first quadrant.', 4, 11),
(2252, 'Find the areas of rectilinear shapes by counting.', 4, 11),
(2253, 'Measure and calculate the perimeter of composite rectilinear shapes in centimetres and metres.', 4, 12),
(2254, 'Solve problems involving converting between units of time and convert between units of measure (e.g. kilometre and metre, metre and centimetre, litre and millilitre etc). Understand and use basic equivalences between metric and common imperial units and express them in approximate terms.', 4, 12),
(2255, 'Recognise and estimate volume (e.g. using 1cm3 blocks to build cubes and cuboids) and capacity (e.g. using water).', 4, 12),
(2256, 'Identify, describe, and represent the position of a shape following a reflection or translation using appropriate language, and know that the shape has not changed.', 4, 12),
(2257, 'Calculate and compare the area of squares and rectangles including using standard units, square centimetres and square metres and estimate the area of irregular shapes.', 4, 12),
(2258, 'Solve problems involving addition and subtraction of units of measure (e.g. length, mass, volume, money) using decimal notation.', 4, 12),
(2259, 'State and use the properties of a rectangle (including squares) to deduce related facts and identify 3D shapes, including cubes and cuboids, from 2D representations.', 4, 12),
(2260, 'Know angles measured in degrees; estimate and measure them and draw a given angle, writing it''s size in degrees.', 4, 12),
(2261, 'Identify; multiples of 90 degrees, angles at a point on a straight line and  1/2 a turn (total 180 degrees), angles at a point and one whole turn (total 360 degrees) and reflex angles, and compare different angles.', 4, 12),
(2262, 'Draw shapes using dimensions and angles and distinguish between regular and irregular polygons based on reasoning about equal sides and angles.', 4, 12),
(2263, 'Calculate the area of parallelograms and triangles.', 4, 13),
(2264, 'Solve problems involving the calculation and conversion of units of measure, using decimal notation to three decimal places where appropriate. Convert between miles and kilometres.', 4, 13),
(2265, 'Recognise where it is necessary to use the formulae for area and volume shapes.', 4, 13),
(2266, 'Use, read, write and convert between standard units converting measurements of; length, mass, volume and time from a similar unit of measure to a larger unit, and vice versa, using decimal notation to three decimal places.', 4, 13),
(2267, 'Find unknown angles where they meet at a point, are on a straight line, and are vertically opposite.', 4, 13),
(2268, 'Recognise that shapes with the same areas can have different perimetres and vice versa.', 4, 13),
(2269, 'Describe positions on the full coordinate grid (all four quadrants)', 4, 13),
(2270, 'Calculate, estimate and compare volume of cubes and cuboids using standard units, including centimetre cubed and cubic metres and extending to other units, such as mm3 and km3.', 4, 13),
(2271, 'Illustrate and name parts of circles, including radius, diameter, and circumference.', 4, 13),
(2272, 'Draw and translate simple shapes on the coordinate plane, and reflect them in the axes.', 4, 13),
(2273, 'Pupils talk and listen with confidence in an increasing range of contexts.', 2, 10),
(2274, 'Their talk is adapted to the purpose.', 2, 10),
(2275, 'Develop ideas thoughtfully and describe events clearly.', 2, 10),
(2276, 'Conveying their opinions clearly.', 2, 10),
(2277, 'Begin to vary their expression.', 2, 10),
(2278, 'Begin to vary their vocabulary.', 2, 10),
(2279, 'Listen carefully in discussions.', 2, 10),
(2280, 'Making contributions in discussions.', 2, 10),
(2281, 'Ask questions that are responsive to others'' ideas and views.', 2, 10),
(2282, 'Use some of the features of standard English vocabulary and grammar.', 2, 10),
(2283, 'Adapt their talk to the demands of different contexts with increasing confidence.', 2, 11),
(2284, 'Adapt their talk to the demands of different purposes with increasing confidence.', 2, 11),
(2285, 'Adapt their talk to the demands of different audiences with increasing confidence.', 2, 11),
(2286, 'Their talk engages the interest of the listener through the variety and liveliness of vocabulary.', 2, 11),
(2287, 'Their talk engages the interest of the listener through the variety and liveliness of expression.', 2, 11),
(2288, 'Take an active part in discussion.', 2, 11),
(2289, 'Take different roles in discussions.', 2, 11),
(2290, 'Show understanding of ideas and sensitivity to others.', 2, 11),
(2291, 'Demonstrate their knowledge of language variety and usage effectively.', 2, 11),
(2292, 'Use standard English fluently in formal situations.', 2, 11),
(2293, 'Pupils are confident in matching their talk to the demands of different contexts, including those that are unfamiliar.', 2, 12),
(2294, 'Use vocabulary in precise and creative ways.', 2, 12),
(2295, 'Organise their talk to communicate clearly.', 2, 12),
(2296, 'Make significant contributions to discussions, evaluating others'' ideas and varying how and when they participate.', 2, 12),
(2297, 'Use standard English confidently in situations that require it.', 2, 12),
(2298, 'Pupils are confident in matching their talk to the demands of different contexts, including those that are unfamiliar.', 2, 12),
(2299, 'Use vocabulary in precise and creative ways.', 2, 12),
(2300, 'Organise their talk to communicate clearly.', 2, 12),
(2301, 'Make significant contributions to discussions, evaluating others'' ideas and varying how and when they participate.', 2, 12),
(2302, 'Use standard English confidently in situations that require it.', 2, 12),
(2303, 'Maintain and develop their talk purposefully in a range of contexts.', 2, 13),
(2304, 'Structure what they say clearly using appropriate vocabulary.', 2, 13),
(2305, 'Structure what they say clearly using appropriate intonation and emphasis.', 2, 13),
(2306, 'Make a range of contributions that show they have listened perceptively and are sensitive to the devlopment of discussions.', 2, 13),
(2307, 'Use standard English confidently in a range of situations, adapting as necessary.', 2, 13),
(2308, 'Maintain and develop their talk purposefully in a range of contexts.', 2, 13),
(2309, 'Structure what they say clearly using appropriate vocabulary.', 2, 13),
(2310, 'Structure what they say clearly using appropriate intonation and emphasis.', 2, 13),
(2311, 'Make a range of contributions that show they have listened perceptively and are sensitive to the devlopment of discussions.', 2, 13),
(2312, 'Use standard English confidently in a range of situations, adapting as necessary.', 2, 13),
(2313, 'To develop their understanding of the concepts set out in EA2 year (3)', 23, 10),
(2314, 'Extend their range of sentences with more than one clause by using a wider range of conjunctions including when and if.', 23, 10),
(2315, 'Extend their range of sentences with more than one clause by using a wider range of conjunctions including because.', 23, 10),
(2316, 'Extend their range of sentences with more than one clause by using a wider range of conjunctions including although.', 23, 10),
(2317, 'Use conjunctions to express time & cause.', 23, 10),
(2318, 'Use adverbs to express time & cause.', 23, 10),
(2319, 'Use prepositions to express time & cause.', 23, 10),
(2320, 'Learning the grammar for year 3.', 23, 10),
(2321, 'To be taught to use the present perfect form of verbs in contrast to the past tense.', 23, 10),
(2322, 'To begin to use punctuation correctly for direct speech.', 23, 10),
(2323, 'To develop their understanding of the concepts set out in EA2 year (4)', 23, 11),
(2324, 'To use nouns appropriately for clarity and cohesion and to avoid repetition.', 23, 11),
(2325, 'To use pronouns appropriately for clarity and cohesion and to avoid repetition.', 23, 11),
(2326, 'Use fronted adverbials.', 23, 11),
(2327, 'Learn the grammar in year 4.', 23, 11),
(2328, 'Indicate possession using the possessive apostrophe with plural nouns.', 23, 11),
(2329, 'Use and punctuate direct speech.', 23, 11),
(2330, 'Use the indicated grammatical & other features by using commas after fronted adverbials.', 23, 11),
(2331, 'Use and understand grammatical terminology in EA2 accurately & appropriately when discussing their reading.', 23, 11),
(2332, 'Use and understand grammatical terminology in EA2 accurately & appropriately when discussing their writing.', 23, 11),
(2333, 'To use models of verbs to indicate degrees of possibility.', 23, 12),
(2334, 'To use models of adverbs to indicate degrees of possibility.', 23, 12),
(2335, 'Learning the grammar of year 5 (EA2)', 23, 12),
(2336, 'Use the perfect form of verbs to mark relationships of time and clause.', 23, 12),
(2337, 'Use expanded noun phrases to convey complicated information concisely.', 23, 12),
(2338, 'Use relative clauses beginning with who/which/where/when/whose/that or with an implied relative pronoun.', 23, 12),
(2339, 'Use commas.', 23, 12),
(2340, 'Use brackets to include parenthesis.', 23, 12),
(2341, 'Use dashes to include parenthesis.', 23, 12);
INSERT INTO `Statements` (`ID`, `StatementText`, `StrandID`, `LevelID`) VALUES
(2342, 'Use commas to include parenthesis.', 23, 12),
(2343, 'Learning the grammar of year 6 (EA2)', 23, 13),
(2344, 'Recognise vocab and structures that are appropriate for formal speech, including subjunctive forms.', 23, 13),
(2345, 'Recognise vocab and structures that are appropriate for formal writing, including subjunctive forms.', 23, 13),
(2346, 'Using passive verbs to affect the presentation of information in a sentence.', 23, 13),
(2347, 'To use and understand the grammatical terminology in EA2 accurately and appropriately in discussing their writing.', 23, 13),
(2348, 'To use and understand the grammatical terminology in EA2 accurately and appropriately in discussing their reading.', 23, 13),
(2349, 'To use hyphens to avoid ambiguity.', 23, 13),
(2350, 'Use semi-colons, colons or dashes to mark boundaries between independent clauses.', 23, 13),
(2351, 'Use bullet points consistently.', 23, 13),
(2352, 'Use a colon to introduce a list.', 23, 13),
(2353, 'Use the diagonal and horizontal strokes needed to join letters and understand which letters, when adjacent to one another, are best left un-joined.', 3, 10),
(2354, 'Place the possessive apostrophe accurately with words with irregular plurals.', 3, 10),
(2355, 'Draft and write in narrative, creating setting, characters and plots.', 3, 10),
(2356, 'Rehearse sentances in (EA2).', 3, 10),
(2357, 'Draft and write in non-narrative material, using simple organisational devices.', 3, 10),
(2358, 'Discuss writing similar to that which they are planning to write in order to understand and learn from it''s structure, vocab and grammar.', 3, 10),
(2359, 'Discuss and record ideas.', 3, 10),
(2360, 'Use 2 to 3 letters of words to check spelling in a dictionary.', 3, 10),
(2361, 'Spell further homophones.', 3, 10),
(2362, 'Use further prefixes, suffixes and understand how to add them.', 3, 10),
(2363, 'Increase the legibility, consistency, and quality of handwriting.', 3, 11),
(2364, 'Evaluate their writing with the teacher and other pupils.', 3, 11),
(2365, 'Organise paragraphs around a theme.', 3, 11),
(2366, 'Read their own writing aloud to the group or to the whole class using appropriate intonation and controlling the tone and volume so that the meaning is clear.', 3, 11),
(2367, 'Proof read for spelling and punctuation errors.', 3, 11),
(2368, 'Assess the effectiveness of their own and others writing and suggesting improvements.', 3, 11),
(2369, 'Place the possessive apostrophe accurately in words with irregular plurals.', 3, 11),
(2370, 'Evaluate and edit independently.', 3, 11),
(2371, 'Compose and rehearse sentances orally, progressively building  a rich, vocab and an increasinng range of sentence structure (EA2).', 3, 11),
(2372, 'Propose changes to grammar and vocab to improve consistency.', 3, 11),
(2373, 'Spell some words with ''silent'' letters.', 3, 12),
(2374, 'Write legibly, fluently and with increasing speed by choosing which shape of letter to use when given choice and deciding whether or not to join specific letters.', 3, 12),
(2375, 'Notice and develop initial ideas, drawing on reading and research where necessary.', 3, 12),
(2376, 'Use dictionaries to check the spelling and meaning of words - 3-4 letters.', 3, 12),
(2377, 'Plan writing by: identifying audience, purpose, model.', 3, 12),
(2378, 'Continue to distinguish between homophones and other words which are often confused.', 3, 12),
(2379, 'Purpose changes to vocab, grammar and punctuation to enhance and clarify meaning.', 3, 12),
(2380, 'Use further prefixes and suffixes and understand how to use them.', 3, 12),
(2381, 'Draft and write by selecting appropriate grammar and vocab, understanding how such choices can change and enhance meaning.', 3, 12),
(2382, 'Ensure the consistent and correct use of tense throughout a piece of writing.', 3, 12),
(2383, 'In writing narratives, consider how authors have developed characters and settings in what pupils have read, listened to or seen performed.', 3, 13),
(2384, 'Draft and write narratives, describing settings, characters, atmosphere and integrate dialogue to convey character and advance the action.', 3, 13),
(2385, 'Ensure correct subject and verb agreement when using singular and plural distinguishing between the language of speech and writing and choosing the appropriate register.', 3, 13),
(2386, 'Use a thesaurus.', 3, 13),
(2387, 'Use knowledge of morphology in spelling and understand that spelling some words need to be learnt specifically.', 3, 13),
(2388, 'Use knowledge of etymology in spelling and understand that spelling some words need to be learnt specifically.', 3, 13),
(2389, 'Read longer sentences.', 3, 13),
(2390, 'Use a wide range of devices to build cohesion within and across paragraphs.', 3, 13),
(2391, 'Perfrom their own compositions using appropriate intonation, volume and movement so that the meaning is clear.', 3, 13),
(2392, 'Use further organisational and presentational devices to structure text and to guide reader. E.g. heading, bullet points and underlining.', 3, 13),
(2393, 'Make selections to communicate meaning', 29, 1),
(2394, 'Make selections to generate familiar sounds', 29, 1),
(2395, 'Make selections to generate familiar images', 29, 1),
(2396, 'Show a consistent response to a self-controlled stimulus', 29, 1),
(2397, 'Know that certain actions produce predicatable results', 29, 1),
(2398, 'Make selections to communicate meaning', 29, 1),
(2399, 'Make selections to generate familiar sounds', 29, 1),
(2400, 'Make selections to generate familiar images', 29, 1),
(2401, 'Show a consistent response to a self-controlled stimulus', 29, 1),
(2402, 'Know that certain actions produce predictable results', 29, 1),
(2403, 'Use an input device for a desired effect', 29, 2),
(2404, 'Use a computer program', 29, 2),
(2405, 'Use an input device', 29, 2),
(2406, 'Show an awareness of danger', 29, 2),
(2407, 'Make connections between control devices and information on a screen', 29, 2),
(2408, 'Use an input device for a desired effect', 29, 2),
(2409, 'Use a computer program', 29, 2),
(2410, 'Use an input device', 29, 2),
(2411, 'Show an awareness of danger', 29, 2),
(2412, 'Make connections between control devices and information on a screen', 29, 2),
(2413, 'Use a keyboard to select letters to communicate', 29, 3),
(2414, 'Use a touch screen to select letters to communicate', 29, 3),
(2415, 'Use a touch screen to select images to communicate', 29, 3),
(2416, 'Use a keyboard to select images to communicate', 29, 3),
(2417, 'Respond to simple instructions to control a device', 29, 3),
(2418, 'Make choices', 29, 3),
(2419, 'Follow simple rules', 29, 3),
(2420, 'Tell a trusted adult if something seems wrong', 29, 3),
(2421, 'Tell a trusted adult if something seems wrong', 29, 3),
(2422, 'Show an understanding that information can be stored on a computer', 29, 3),
(2423, 'Gather information from different sources', 29, 4),
(2424, 'Use ICT to communicate meaning', 29, 4),
(2425, 'Use ICT to express ideas', 29, 4),
(2426, 'Begin to choose equipment for a familiar activity', 29, 4),
(2427, 'Begin to choose software for a familiar activity', 29, 4),
(2428, 'Show consideration for the needs and feelings of other people', 29, 4),
(2429, 'Treat equipment with appropriate care', 29, 4),
(2430, 'Show an awareness of good choices', 29, 4),
(2431, 'Show an awareness of bad choices', 29, 4),
(2432, 'Follow a sequence of instructions', 29, 4),
(2433, 'Recognise and name familiar ICT devices', 29, 5),
(2434, 'Use ICT to communicate and present ideas', 29, 5),
(2435, 'Communicate about their use of ICT in a variety of contexts', 29, 5),
(2436, 'Find similar information in different formats', 29, 5),
(2437, 'Select a resourse and make a choice from it', 29, 5),
(2438, 'Follow simple instructions', 29, 5),
(2439, 'Understand the need for rules', 29, 5),
(2440, 'Know that similar information can be found in different formats', 29, 5),
(2441, 'Explore programmable toys', 29, 5),
(2442, 'Tell when a simple sequence for a familiar task is wrong', 29, 5),
(2443, 'Save work', 29, 6),
(2444, 'Begin to organise work', 29, 6),
(2445, 'Communicate how ICT might be used in school', 29, 6),
(2446, 'Communicate about how ICT might be used at home', 29, 6),
(2447, 'Know the diifferent apps or programs have different file types', 29, 6),
(2448, 'Suggest different rules to stay safe', 29, 6),
(2449, 'Express simple sequences of instructions', 29, 6),
(2450, 'Explore drag and drop programming', 29, 6),
(2451, 'Make a programmable toy move for a purpose', 29, 6),
(2452, 'Know that users can create simple programs', 29, 6),
(2453, 'Save work with an app. File name', 29, 7),
(2454, 'Retrieve work', 29, 7),
(2455, 'Communicate how ICT is used to record and store information', 29, 7),
(2456, 'Identify different file types', 29, 7),
(2457, 'Create a new document', 29, 7),
(2458, 'Explain simple rules for digital safety', 29, 7),
(2459, 'Show an awareness of digital ownership', 29, 7),
(2460, 'Know that a set of instructions can be called an algorithm', 29, 7),
(2461, 'Know that an algorithm needs to be clear and unambiguous', 29, 7),
(2462, 'Can create a simple program and predict the possible outcomes of a simple program (nb. Could be Beebot arrows)', 29, 7),
(2463, 'Organise work into folders', 29, 8),
(2464, 'Communicate the use of ICT in day to day living', 29, 8),
(2465, 'Edit an existing document', 29, 8),
(2466, 'Show an understanding of how rules keep us safe', 29, 8),
(2467, 'Show respect for digital ownership', 29, 8),
(2468, 'Know that computer programs are algorithms', 29, 8),
(2469, 'Know that computer programs need to be precise', 29, 8),
(2470, 'Know that computer programmes need to be in the computer''s own language', 29, 8),
(2471, 'Say when a program works', 29, 8),
(2472, 'Say when a program does not work', 29, 8),
(2473, 'Use technology purposefully to create, organise, store manipulate and retrieve digital content', 29, 9),
(2474, 'Recognise common uses of information technology beyond school', 29, 9),
(2475, 'Use technology to purposefully create and manipulate digital content', 29, 9),
(2476, 'Understand the consequences of copying/sharing other people''s work (copywrite)', 29, 9),
(2477, 'Use technology safely and respectfully, keeping personal information private', 29, 9),
(2478, 'Identify where to go for help and support when they have concerns about content or contact on the internet or other online technologies', 29, 9),
(2479, 'Understand what algorithms are and how algorithms are implemented as programs on digital devices', 29, 9),
(2480, 'Understand that programs execute by following precise and unambiguous instructions', 29, 9),
(2481, 'Create and debug simple programs', 29, 9),
(2482, 'Use logical reasoning to predict the behaviour of simple programs', 29, 9),
(2483, 'Recognise that work created on a given device may be saved on a local server (LAN)', 29, 10),
(2484, 'Begin to understand how a local area network is built (Ethernet,wifi)', 29, 10),
(2485, 'Use a variety of search engines to source information', 29, 10),
(2486, 'Conduct a search on a simple database', 29, 10),
(2487, 'Recognise that different software/equipment may be more suited to a purpose', 29, 10),
(2488, 'Show awareness of what is appropriate and inappropriate behaviour when online and using technology', 29, 10),
(2489, 'Understand how to keep personal data secure', 29, 10),
(2490, 'Use sequencing skills to plan the steps a program will need to complete a task', 29, 10),
(2491, 'Use simple programming language to create programs that use repetition', 29, 10),
(2492, 'Know that if a program does not work the program needs to be debugged', 29, 10),
(2493, 'Recognise that work created on a given device may be storedon an internet server (WAN, Cloud)', 29, 11),
(2494, 'Begin to understand how the internet is built', 29, 11),
(2495, 'Suggest ways to refine a search for information', 29, 11),
(2496, 'Evaluate and compare the results of searches on different browsers', 29, 11),
(2497, 'Differentiate between results, advertisements and web browser', 29, 11),
(2498, 'Know that there are legal consequences for misuse of technology', 29, 11),
(2499, 'Understand the need to keep personal details secure', 29, 11),
(2500, 'Break a complex task into smaller steps in order to design a program', 29, 11),
(2501, 'Use simple programming language to create programs that use selection and different forms of input and output', 29, 11),
(2502, 'Observe what a program is doing in order to work out where it is going wrong', 29, 11),
(2503, 'Collaborate on a piece of work via the internet', 29, 12),
(2504, 'Communicate in different ways via the internet', 29, 12),
(2505, 'Present data/information in a variety of ways', 29, 12),
(2506, 'Create output that combines different media e.g. graph, pictures, text, audio', 29, 12),
(2507, 'Show awareness that their online actions may be monitored by external agencies', 29, 12),
(2508, 'Know how to report concerns in different scenarios', 29, 12),
(2509, 'Know how to protect themselves using profile settings', 29, 12),
(2510, 'Design and write a program to simulate or operate a physical system', 29, 12),
(2511, 'Use simple programming language to create programs with variables', 29, 12),
(2512, 'Review a plan or hard copy of a program to try to locate a bug and correct simple bugs within a program', 29, 12),
(2513, 'Understand computer networks including the internet; how they can provide multiple services, such as the world wide web; and the opportunities they offer for communication and collaboration', 29, 13),
(2514, 'Use search technologies effectively, appreciate how results are selected and ranked, and be discerning in evaluating digital content', 29, 13),
(2515, 'Select, use and combine a variety of software (including internet services) on a range of digital devices to design and create a range of programs, systems and content that accomplish given goals, including collecting, analysing, evaluating and presenting data and information', 29, 13),
(2516, 'Use technology safely, respectfully and responsibly; recognise acceptable/unacceptable behaviour; identify a range of ways to report concerns about content and contact', 29, 13),
(2517, 'Design, write and debug programs that accomplish specific goals, including controlling or simulating physical systems', 29, 13),
(2518, 'Solve problems by decomposing them into smaller parts', 29, 13),
(2519, 'Use logical reasoning to explain how some simple algorithms work and to detect and correct errors in algorithms and programs', 29, 13),
(2520, 'Use sequence, selection and repetition in programs', 29, 13),
(2521, 'Work with variables and various forms of input and output', 29, 13),
(2522, 'Select, use and combine a variety of software (Including internet services) on a range of digital devices to design and create a range of programs, systems and content that accomplish given goals including collecting, analysing, evaluating and presenting data and information', 29, 13),
(2523, 'Visits The Den', 30, 24),
(2524, 'Needs full support at all times at The Den', 30, 24),
(2525, 'Visits The Patch', 30, 24),
(2526, 'Needs full support at all times at The Patch in order to remain safe', 30, 24),
(2527, 'Shows an awareness of craft activities going on', 30, 24),
(2528, 'Needs full support at all times during craft activities to remain safe', 30, 24),
(2529, 'Is aware of research and design materials in preperation for craft activities', 30, 24),
(2530, 'With lots of support, dresses appropriately for the task (at The Den, Patch or during craft activities) when given the correct clothing', 30, 24),
(2531, 'Is aware of a range of tools and equipment (at The Den, Patch or during craft activities)', 30, 24),
(2532, 'Observes tasks being done at The Den, with interest', 30, 25),
(2533, 'Needs some support at all times at The Den in order to remain safe', 30, 25),
(2534, 'Shows an interest in Customers at The Den', 30, 25),
(2535, 'Observes tasks being done at The Patch, with interest', 30, 25),
(2536, 'Needs some support at all times at The Patch in order to remain safe', 30, 25),
(2537, 'Shows an interest in research and design materials in preperation for craft activities', 30, 25),
(2538, 'With support, dresses appropriately for the task (at The Den, Patch or during craft activities)', 30, 25),
(2539, 'Willingly gets involved in activities at The Den with lots of support', 30, 26),
(2540, 'Observes others'' interactions with customers at The Den', 30, 26),
(2541, 'Is able to remain safe at The Den by following instructions with support', 30, 26),
(2542, 'Willingly gets involved in activities at The Patch with lots of support', 30, 26),
(2543, 'Is able to remain safe at The Patch by following instructions with support', 30, 26),
(2544, 'Willingly get involved in craft activities with lots of support', 30, 26),
(2545, 'Is able to remain safe during craft activities by following instructions with support', 30, 26),
(2546, 'Observes others as they research and design in preperation for craft activities', 30, 26),
(2547, 'Dresses appropriately for the task (at The Den, Patch or during craft activities)', 30, 26),
(2548, 'Can carry out a specific, familiar job at The Den with soome physical support from an adult', 30, 27),
(2549, 'Is able to remain safe at The Den by following the example of others, with support', 30, 27),
(2550, 'Observes and comments on others'' interactions with customers at The Den', 30, 27),
(2551, 'Can carry out a specific, familiar task at The Patch with some physical support from an adult', 30, 27),
(2552, 'Is able to remain safe at The Patch by following example of others, with support', 30, 27),
(2553, 'Can carry out a specific, familiar craft activity with some physical support from an adult', 30, 27),
(2554, 'Is able to remain safe during craft activities by following the example of others, with support', 30, 27),
(2555, 'Observes and comments on others'' research and designs in preperation for craft activities', 30, 27),
(2556, 'With lots of support, selects the correct clothing, from a range provided, for the task and dresses independently (at The Den, Patch or during craft activities)', 30, 27),
(2557, 'Can carry out  a range of jobs at The Den with some physical support from an adult', 30, 28),
(2558, 'Is beginning to understand with reminders, that we need to be safe at The Den but is unable to understand how to keep safe', 30, 28),
(2559, 'Shows a keen interest in learning how to interact with customers at The Den', 30, 28),
(2560, 'Can carry out a range of tasks at The Patch with some physical support from an adult', 30, 28),
(2561, 'Is beginning to understand with reminders, that we need to be safe at The Patch but is unable to understand how to keep safe', 30, 28),
(2562, 'Can carry out a range of craft activities with some physical support from an adult', 30, 28),
(2563, 'Is beginning to understand with reminders, that we need to be safe at when completing craft activiites but is unable to understand how to keep safe', 30, 28),
(2564, 'Shows a keen interest in researching and designing in preperation for craft activities', 30, 28),
(2565, 'With support, selects the correct clothing from a range of provided, for the task and dresses independently (at The Den, Patch or during craft activities)', 30, 28),
(2566, 'Shows a keen interest in learning how to use a range of tools and equipment (at The Den, Patch or during craft activities)', 30, 28),
(2567, 'Can carry out a range of jobs at The Den with some physical support from an adult', 30, 29),
(2568, 'Understands that we need to be safe at The Den but is unable to fully understand how to keep safe', 30, 29),
(2569, 'Joins others who are interacting with customers', 30, 29),
(2570, 'Can carry out a specific , familiar task at The Patch with verbal support from an adult', 30, 29),
(2571, 'Understands that we need to be safe at The Patch but is unable to fully understand how to keep safe', 30, 29),
(2572, 'Can carry out a specific, familiar craft activity with verbal support from an adult', 30, 29),
(2573, 'Understands that we need to be safe when doing craft activities but is unable to fully understand how to keep safe', 30, 29),
(2574, 'Can carry out a specific, familiar craft activity with verbal support from an adult', 30, 29),
(2575, 'Understands that we need to be safe when doing craft activities but is unable to fully understand how to keep safe', 30, 29),
(2576, 'works with others, supported by an adult, to research and design in preparation for craft activities', 30, 29),
(2577, 'Selects the correct clothing, from a range provided, for the task and dresses independently (at The Den, Patch or during craft activities)', 30, 29),
(2578, 'Joins others that are using tools (at The Den, Patch or during craft activities)', 30, 29),
(2579, 'Can carry out a range of jobs at The Den with verbal support from an adult', 30, 30),
(2580, 'Is familiar with the term health and safety and is beginning to understand some of the health and safety issues at The Den', 30, 30),
(2581, 'Responds to customers in The Den with support', 30, 30),
(2582, 'Can carry out a range of tasks at The Patch with verbal support from an adult', 30, 30),
(2583, 'Is familiar with the term health and safety and is beginning to understand some of the health and safety issues at The Patch', 30, 30),
(2584, 'Can carry out a range of craft activities with verbal support from  an adult', 30, 30),
(2585, 'Is familiar with the term health and safety and is beginning to understand some of the health and safety issues when completing craft activities', 30, 30),
(2586, 'Works with others without  adult intervention to research and design in preparation for craft activities', 30, 30),
(2587, 'Finds the correct clothing, with lots of support, for the task and dresses independently (at The Den, Patch or during craft activities)', 30, 30),
(2588, 'Works with others to use a wide range of tools (at The Den, Patch or during craft activities)', 30, 30),
(2589, 'Can carry out a specific, familiar job at The Den independently and with confidence', 30, 31),
(2590, 'Has a fair understanding of health and safety issues at The Den but needs some reminders', 30, 31),
(2591, 'Responds to customers at The Den independently', 30, 31),
(2592, 'Can carry out a specific, familiar task at The Patch independently and with confidence', 30, 31),
(2593, 'Has a fair understanding of health and safety issues at The Patch but needs some reminders', 30, 31),
(2594, 'Can carry out a specific, familiar craft activity independently and with confidence', 30, 31),
(2595, 'Has a fair understanding of health and safety issues when completing craft activities but needs some reminders', 30, 31),
(2596, 'Carries out their own appropriate research to inform the design process, with support, in preparation for craft activities', 30, 31),
(2597, 'Finds the correct clothing with support, for the task and dresses indepenently (at The Den, Patch or during craft activities', 30, 31),
(2598, 'Selects the appropriate tool for a task from a range provided (at The Den, Patch or during craft activities)', 30, 31),
(2599, 'Can carry out 2 jobs at The Den independently and with confidence', 30, 32),
(2600, 'Has a sound understanding of health and safety issues at The Den but may need some reminders', 30, 32),
(2601, 'Initiates interactions with customers at The Den with support', 30, 32),
(2602, 'Can carry out 2 tasks at The Patch independently and with confidence', 30, 32),
(2603, 'Has a sound understanding of health and safety issues at The Patch but may need some reminders', 30, 32),
(2604, 'Can carry out 2 craft activities independently and with confidence', 30, 32),
(2605, 'Has a sound understanding of health and safety issues when completing craft activities but may need some reminders', 30, 32),
(2606, 'Carries out their own appropriate reearch to inform the design process in preparation for craft activities, with minimal support', 30, 32),
(2607, 'Finds the correct clothing for the task with minimal prompting and dresses independently (at The Den, Patch or during craft activities)', 30, 32),
(2608, 'Selects the appropriate tool for a task (at The Den, Patch or during craft activities) with some support', 30, 32),
(2609, 'Can carry out more that two jobs at The Den independently and with confidence', 30, 33),
(2610, 'Has a full understanding of health and safety issues at The Den and acts accordingly', 30, 33),
(2611, 'Initiates interactions with customers at The Den with support', 30, 33),
(2612, 'Can carry out more than two tasks at The Patch independently and with confidence', 30, 33),
(2613, 'Has a full understanding of health and safety issues at The Patch and acts accordingly', 30, 33),
(2614, 'Can carry out more than two craft activities independently and with confidence', 30, 33),
(2615, 'Has a full understanding of health and safety issues when completing craft activities and acts accordingly', 30, 33),
(2616, 'Independently carries out appropriate research to inform the design process in preperation for craft activities', 30, 33),
(2617, 'Finds the correct clothing for the task without prompts and dresses independently (at The Den, Patch or during craft activities)', 30, 33),
(2618, 'Independently find the correct tool/equipment for the task (at The Den, Patch or during craft activities)', 30, 33),
(2619, 'ff', 29, 1),
(2620, 'ff', 29, 1),
(2621, 'ff', 29, 1);

-- --------------------------------------------------------

--
-- Table structure for table `Strands`
--

CREATE TABLE IF NOT EXISTS `Strands` (
  `ID` int(11) NOT NULL AUTO_INCREMENT,
  `StrandText` varchar(250) NOT NULL,
  PRIMARY KEY (`ID`)
) ENGINE=InnoDB  DEFAULT CHARSET=latin1 AUTO_INCREMENT=31 ;

--
-- Dumping data for table `Strands`
--

INSERT INTO `Strands` (`ID`, `StrandText`) VALUES
(1, 'Reading (Word Reading) (P4-12)'),
(2, 'Speaking (P4-P16)'),
(3, 'Writing (Composition) (P4-P12)'),
(4, 'Measurement and Geometry'),
(5, 'Number and Algebra'),
(6, 'Statistics'),
(7, 'Using and Applying (Operations)'),
(8, 'General'),
(9, 'Citizenship'),
(10, 'Chemistry'),
(11, 'Listening (P4-P8)'),
(12, 'Developing ICT Skills'),
(13, 'Developing Reading Skills'),
(14, 'Developing Communication Skills'),
(15, 'Developing Writing Skills'),
(16, 'Sequencing and Sorting'),
(17, 'Understanding what money is used for'),
(18, 'Developing Number Skills'),
(19, 'Measure'),
(20, 'Shape'),
(21, 'Position'),
(22, 'Reading (Comprehension) (P9-P12)'),
(23, 'Writing (Vocab) (P9-P12)'),
(24, 'Speaking and Listening (P13-P16)'),
(25, 'Computing (P4-P16)'),
(26, 'I.T'),
(27, 'Digital Literacy'),
(28, 'Computer Science'),
(29, 'Computing'),
(30, 'Work Related Learning');

-- --------------------------------------------------------

--
-- Table structure for table `SubjectAreas`
--

CREATE TABLE IF NOT EXISTS `SubjectAreas` (
  `ID` int(11) NOT NULL AUTO_INCREMENT,
  `SubjectID` int(11) NOT NULL,
  `AreaID` int(11) NOT NULL,
  PRIMARY KEY (`ID`),
  KEY `AreaID` (`AreaID`),
  KEY `SubjectID` (`SubjectID`)
) ENGINE=InnoDB  DEFAULT CHARSET=latin1 AUTO_INCREMENT=25 ;

--
-- Dumping data for table `SubjectAreas`
--

INSERT INTO `SubjectAreas` (`ID`, `SubjectID`, `AreaID`) VALUES
(1, 1, 1),
(2, 1, 2),
(3, 1, 3),
(4, 1, 11),
(5, 1, 22),
(6, 1, 23),
(7, 2, 4),
(8, 2, 5),
(9, 2, 6),
(10, 2, 7),
(11, 3, 8),
(12, 3, 9),
(13, 4, 12),
(14, 4, 13),
(15, 4, 14),
(16, 4, 15),
(17, 4, 16),
(18, 4, 17),
(19, 4, 18),
(20, 4, 19),
(21, 4, 20),
(22, 4, 21),
(23, 5, 29),
(24, 6, 30);

-- --------------------------------------------------------

--
-- Table structure for table `Subjects`
--

CREATE TABLE IF NOT EXISTS `Subjects` (
  `ID` int(11) NOT NULL AUTO_INCREMENT,
  `Subject` varchar(250) NOT NULL,
  PRIMARY KEY (`ID`)
) ENGINE=InnoDB  DEFAULT CHARSET=latin1 AUTO_INCREMENT=7 ;

--
-- Dumping data for table `Subjects`
--

INSERT INTO `Subjects` (`ID`, `Subject`) VALUES
(1, 'English'),
(2, 'Mathematics'),
(3, 'PSHE'),
(4, 'Personal Progress'),
(5, 'Computing'),
(6, 'Work Related Learning');

-- --------------------------------------------------------

--
-- Table structure for table `Users`
--

CREATE TABLE IF NOT EXISTS `Users` (
  `id` int(11) NOT NULL AUTO_INCREMENT,
  `username` varchar(250) DEFAULT NULL,
  `password` varchar(250) DEFAULT NULL,
  `salt` varchar(250) DEFAULT NULL,
  `isadmin` binary(1) DEFAULT NULL,
  `SchoolID` int(11) NOT NULL,
  `Active` bit(1) NOT NULL DEFAULT b'1',
  `Role` int(11) NOT NULL,
  `Created` timestamp NOT NULL DEFAULT CURRENT_TIMESTAMP,
  PRIMARY KEY (`id`),
  KEY `SchoolID` (`SchoolID`)
) ENGINE=InnoDB  DEFAULT CHARSET=latin1 AUTO_INCREMENT=33 ;

--
-- Dumping data for table `Users`
--

INSERT INTO `Users` (`id`, `username`, `password`, `salt`, `isadmin`, `SchoolID`, `Active`, `Role`, `Created`) VALUES
(1, 'admin', '2CAA8291C9286B17354F80DCA2790E16CD19C9AD', 'lSKryZi', '1', 2, b'1', 0, '0000-00-00 00:00:00'),
(2, 'user', 'B195CA3308591C21E88EE672ABE29CAC8A592A1A', 'hZWJxod', '0', 2, b'1', 0, '0000-00-00 00:00:00'),
(7, 'tdavies9nrd', '68BA1718D6E9D8F156C4C9266A134A89E858A996', 'eqbTTss', '0', 2, b'1', 0, '0000-00-00 00:00:00'),
(9, 'cholyland7dr4', 'BC0EB1626B0F8DB7D2C3E5D21FA04911C13F27FB', 'uLCuylr', '0', 2, b'1', 0, '0000-00-00 00:00:00'),
(12, 'jleaver8nrf', 'BCE669AD8B07E716E487285E5E654B1C5FD7E06E', 'MiPAJXx', '0', 2, b'1', 0, '0000-00-00 00:00:00'),
(13, 'ilitwiniec6srk', '74A178D0004F228FAC6CBEFAF3BD712E87C6FD92', 'lSKryZi', '0', 2, b'1', 0, '0000-00-00 00:00:00'),
(14, 'sroberts3nrc', '0167433AB68B55B7F6B900357031565D7FC7C977', 'LULwbbK', '0', 2, b'1', 0, '0000-00-00 00:00:00'),
(15, 'hrogers3dr4', 'B8AAA3CC569ACCA53DCD99A8050B84F624610EF4', 'DhejFZi', '0', 2, b'1', 0, '0000-00-00 00:00:00'),
(16, 'jroos8nrk', 'C0C2ECAF9224E320FC02E4DC9DBE548E471381AD', 'JsNkSPD', '0', 2, b'1', 0, '0000-00-00 00:00:00'),
(17, 'sroper3jrc', '660E1ED372825C3FF29B2FD3FB7DBC0D6249760C', 'krjsVtu', '0', 2, b'1', 0, '0000-00-00 00:00:00'),
(18, 'jrusdell3nrw', 'B44C3A4DC2A236B5A78A4C076ED3EAA0BBF9D526', 'nedSmXT', '0', 2, b'1', 0, '0000-00-00 00:00:00'),
(19, 'jstanbrook9nrj', '7300F6D734B064FD1FBDDAA1673C90627C2559B9', 'YIHoyOO', '0', 2, b'1', 0, '0000-00-00 00:00:00'),
(20, 'nstewart7vrg', '7E7A2EA036C2B60BE5D7554D058AAAB814384AEC', 'VFzqKBu', '0', 2, b'1', 0, '0000-00-00 00:00:00'),
(21, 'nwardell5nrl', 'CDAF4B71763A383502D4D8C1A8108616DDA64D8B', 'mGzeacM', '0', 2, b'1', 0, '0000-00-00 00:00:00'),
(22, 'hsaunders4yr8', '02C9779F1E04222D9C6407AC48030039BD2E1FEB', 'mGzeacM', '0', 2, b'1', 0, '0000-00-00 00:00:00'),
(23, 'rsanders6nrt', '76624C78A68ED828643CC60AD302027043ED39D8', 'deBFsnG', '0', 2, b'1', 0, '0000-00-00 00:00:00'),
(24, 'jplattin2nrc', 'BA1C51D6558F92C3C2CCE3BB84977D8F057F6885', 'deBFsnG', '0', 2, b'1', 0, '0000-00-00 00:00:00'),
(25, 'cstone36r9', '5B3A891A82E25BC27F5E3C37C3027AE84425CCFE', 'deBFsnG', '0', 2, b'1', 0, '0000-00-00 00:00:00'),
(26, 'nmanning37r7', 'C8EA7B20609613F934C211093EB64CE5457C2EEA', 'mGzeacM', '0', 2, b'1', 0, '0000-00-00 00:00:00'),
(27, 'lperrott5hrh', '8BE2B3613D40A0C8D3C7480A6D2F7BEEE45604B9', 'deBFsnG', '0', 2, b'1', 0, '0000-00-00 00:00:00'),
(28, 'jmayes6frq', 'BA1C51D6558F92C3C2CCE3BB84977D8F057F6885', 'deBFsnG', '0', 2, b'1', 0, '0000-00-00 00:00:00'),
(29, 'swebster3fr7', 'BA1C51D6558F92C3C2CCE3BB84977D8F057F6885', 'deBFsnG', '0', 2, b'1', 0, '0000-00-00 00:00:00'),
(30, 'lcass7nr8', '18E14D8A2F7D4F5BAA345DFBC45B2C3B82CA6C60', 'deBFsnG', '0', 2, b'1', 0, '0000-00-00 00:00:00'),
(31, 'supply', 'FD22191D81F16D99BE4D767C3A95BBE9F1F98EDC', 'deBFsnG', '0', 2, b'1', 0, '0000-00-00 00:00:00'),
(32, 'vgotts6nrv', 'F7EF0022940FEB2268ADF93A18B633A4AC7A3877', 'deBFsnG', '0', 2, b'1', 0, '0000-00-00 00:00:00');

-- --------------------------------------------------------

--
-- Table structure for table `YearGroups`
--

CREATE TABLE IF NOT EXISTS `YearGroups` (
  `ID` int(11) NOT NULL AUTO_INCREMENT,
  `YearGroup` varchar(250) NOT NULL,
  `DaysOld` int(11) DEFAULT NULL,
  PRIMARY KEY (`ID`)
) ENGINE=InnoDB  DEFAULT CHARSET=latin1 AUTO_INCREMENT=18 ;

--
-- Dumping data for table `YearGroups`
--

INSERT INTO `YearGroups` (`ID`, `YearGroup`, `DaysOld`) VALUES
(1, 'N1', 1174),
(2, 'N2', 1539),
(3, 'Reception', 1539),
(4, 'Year 1', 1905),
(5, 'Year 2', 2270),
(6, 'Year 3', 2635),
(7, 'Year 4', 3000),
(8, 'Year 5', 3366),
(9, 'Year 6', 3731),
(10, 'Year 7', 4096),
(11, 'Year 8', 4461),
(12, 'Year 9', 4827),
(13, 'Year 10', 5192),
(14, 'Year 11', 5557),
(15, 'Year 12', 5922),
(16, 'Year 13', 6288),
(17, 'Year 14', 6653);

--
-- Constraints for dumped tables
--

--
-- Constraints for table `KeyStageYearGroups`
--
ALTER TABLE `KeyStageYearGroups`
  ADD CONSTRAINT `YearGroupsKeyStageYearGroups` FOREIGN KEY (`YearGroupID`) REFERENCES `YearGroups` (`ID`) ON UPDATE CASCADE,
  ADD CONSTRAINT `KeystagesKeyStageYearGroups` FOREIGN KEY (`KeystageID`) REFERENCES `Keystages` (`ID`) ON UPDATE CASCADE;

--
-- Constraints for table `Pupils`
--
ALTER TABLE `Pupils`
  ADD CONSTRAINT `Pupils_ibfk_2` FOREIGN KEY (`SchoolID`) REFERENCES `Schools` (`ID`) ON UPDATE CASCADE,
  ADD CONSTRAINT `ClassesPupils` FOREIGN KEY (`ClassID`) REFERENCES `Classes` (`ID`) ON UPDATE CASCADE,
  ADD CONSTRAINT `Pupils_ibfk_1` FOREIGN KEY (`UserID`) REFERENCES `Users` (`id`) ON UPDATE CASCADE;

--
-- Constraints for table `PupilStartingLevel`
--
ALTER TABLE `PupilStartingLevel`
  ADD CONSTRAINT `StrandsPupilStartingLevel` FOREIGN KEY (`StrandID`) REFERENCES `Strands` (`ID`) ON DELETE CASCADE ON UPDATE CASCADE,
  ADD CONSTRAINT `PupilsPupilStartingLevel` FOREIGN KEY (`PupilID`) REFERENCES `Pupils` (`ID`) ON DELETE CASCADE ON UPDATE CASCADE;

--
-- Constraints for table `PupilStatements`
--
ALTER TABLE `PupilStatements`
  ADD CONSTRAINT `StatementsPupilStatements` FOREIGN KEY (`StatementID`) REFERENCES `Statements` (`ID`) ON UPDATE CASCADE,
  ADD CONSTRAINT `PupilsPupilStatements` FOREIGN KEY (`PupilID`) REFERENCES `Pupils` (`ID`) ON DELETE CASCADE ON UPDATE CASCADE;

--
-- Constraints for table `Statements`
--
ALTER TABLE `Statements`
  ADD CONSTRAINT `StrandsStatements` FOREIGN KEY (`StrandID`) REFERENCES `Strands` (`ID`) ON UPDATE CASCADE,
  ADD CONSTRAINT `LevelsStatements` FOREIGN KEY (`LevelID`) REFERENCES `Levels` (`ID`) ON UPDATE CASCADE;

--
-- Constraints for table `SubjectAreas`
--
ALTER TABLE `SubjectAreas`
  ADD CONSTRAINT `SubjectsSubjectAreas` FOREIGN KEY (`SubjectID`) REFERENCES `Subjects` (`ID`) ON DELETE CASCADE ON UPDATE CASCADE,
  ADD CONSTRAINT `AreasSubjectAreas` FOREIGN KEY (`AreaID`) REFERENCES `Strands` (`ID`) ON DELETE CASCADE ON UPDATE CASCADE;

--
-- Constraints for table `Users`
--
ALTER TABLE `Users`
  ADD CONSTRAINT `Users_ibfk_2` FOREIGN KEY (`SchoolID`) REFERENCES `Schools` (`ID`) ON UPDATE CASCADE;

/*!40101 SET CHARACTER_SET_CLIENT=@OLD_CHARACTER_SET_CLIENT */;
/*!40101 SET CHARACTER_SET_RESULTS=@OLD_CHARACTER_SET_RESULTS */;
/*!40101 SET COLLATION_CONNECTION=@OLD_COLLATION_CONNECTION */;
